,name,top1,top5
0,"(0,2,6,7,8,9,10,11)",0.6841,0.88134
1,"(0,2,4,9,10)",0.68336,0.88092
2,"(2,3,4,5,10,12)",0.68262,0.88014
3,"(0,3,8,9,10,12)",0.6827,0.88084
4,"(4,5,6,8,12,13)",0.68332,0.88088
5,"(0,3,6,7,9,12)",0.68248,0.88112
6,"(1,3,6,11)",0.67564,0.87642
7,"(1,3,4,10,11,13)",0.67314,0.87524
8,"(0,1,3,4,7,9,12)",0.674,0.87482
9,"(1,4,5,7,11,13)",0.6762,0.87658
10,"(0,2,4,6,10,12)",0.68282,0.88026
11,"(0,1,6,7,8,9,12)",0.67642,0.87602
12,"(1,6,8,9)",0.67792,0.87686
13,"(1,3,4,6,7)",0.67432,0.87558
14,"(0,1,3,5,7,10,11,13)",0.67354,0.87566
15,"(1,3,4,10,12)",0.67404,0.87448
16,"(1,3,4,5,6,7,11,13)",0.67416,0.87536
17,"(1,2,3,4,7,9,10,11,12)",0.67396,0.87404
18,"(1,2,4,6,7,12,13)",0.67516,0.8755
19,"(3,4,7,8,10,11,13)",0.68256,0.8808
20,"(0,2,4,5,8)",0.6837,0.88174
21,"(0,3,5,11,12,13)",0.68282,0.88108
22,"(0,3,5,7)",0.68222,0.88212
23,"(1,4,5,6,7,10,11,13)",0.67544,0.87594
24,"(3,5,6,7,9,11,12)",0.68304,0.88088
25,"(0,1,5,6,8,10,11)",0.67668,0.87652
26,"(1,4,5,6,10,11,13)",0.67484,0.8764
27,"(0,1,2,8,9,13)",0.67654,0.87686
28,"(0,3,4,5,8,11,13)",0.68264,0.8811
29,"(0,1,2,3,4,6,8,10,12,13)",0.67216,0.87412
30,"(0,1,2,5,6,8,12)",0.6767,0.87646
31,"(0,2,4,6,7,12,13)",0.6827,0.88078
32,"(1,2,3,4,5,7,10,13)",0.6741,0.87536
33,"(0,2,3,4,5,6,7,9,10,11)",0.68222,0.88034
34,"(1,2,3,4,6,7,8,10)",0.6728,0.87468
35,"(0,1,6,8,9,10,11,13)",0.67544,0.87646
36,"(1,2,3,4,6,10,11,13)",0.67248,0.87418
37,"(1,2,3,5,6,8,12)",0.67448,0.87574
38,"(2,4,7,13)",0.68306,0.88144
39,"(1,2,7,8,10)",0.67706,0.87646
40,"(0,1,4,7,9,10,11)",0.67532,0.87512
41,"(0,1,10)",0.6761,0.87692
42,"(0,2,3,4,6,7,12,13)",0.6813,0.88022
43,"(0,2,6,8,9,12,13)",0.68346,0.8815
44,"(1,3,5,9,11,13)",0.67572,0.87584
45,"(0,2,4,5,7,10,12,13)",0.68258,0.87978
46,"(0,4,5,6,7,12,13)",0.68252,0.88084
47,"(0,3,4,6,12,13)",0.68208,0.88106
48,"(0,3,5,7,9,10,12,13)",0.68104,0.88048
49,"(1,2,3,4,6,8,11)",0.67376,0.875
50,"(1,2,3,4,9,10,11)",0.67368,0.87458
51,"(0,1,2,4,6,7)",0.67568,0.8761
52,"(2,3,5,9,11,13)",0.68376,0.88118
53,"(0,1,3,4,6,8,13)",0.67334,0.87556
54,"(1,5,6,8,10,11)",0.67692,0.87712
55,"(0,3,4,6,8,11)",0.68232,0.88144
56,"(0,2,4,5,6,10,11,12,13)",0.68196,0.87992
57,"(0,2,3,4,10)",0.68246,0.88138
58,"(5,6,8,11)",0.68418,0.88294
59,"(6,8,10,12)",0.6829,0.88114
60,"(3,8,13)",0.68252,0.88206
61,"(4,8,10,12)",0.68284,0.88144
62,"(1,3,6,8,9,10,11,12,13)",0.67396,0.87448
63,"(0,6,7,11)",0.68346,0.88204
64,"(0,1,5,10,11,12)",0.67572,0.8762
65,"(0,1,2,3,6,7)",0.6741,0.8761
66,"(1,2,3,5,7,11,13)",0.67486,0.87622
67,"(0,3,4,5,6,8,9,10)",0.68188,0.88176
68,"(1,2,4,5,8,10)",0.67682,0.876
69,"(2,3,6,11,12)",0.68268,0.88128
70,"(2,6,7,8,9,12,13)",0.68298,0.88088
71,"(1,5,7,8,10)",0.67682,0.87688
72,"(0,1,4,7,8,11,13)",0.6753,0.87652
73,"(3,5,7,11,12,13)",0.68292,0.881
74,"(1,3,6,7,8,12)",0.67474,0.87506
75,"(6,9,11)",0.68428,0.8824
76,"(0,4,7,8,13)",0.68212,0.88174
77,"(1,4,6,11)",0.67612,0.8762
78,"(3,7,8,11,12,13)",0.6831,0.88096
79,"(2,4,9,10,12)",0.68302,0.88062
80,"(0,1,2,3,6,11,12,13)",0.67304,0.87544
81,"(2,3,6,9,11,13)",0.68334,0.88092
82,"(1,2,3,4,5,6,7,10)",0.67312,0.87486
83,"(3,7,8,11)",0.68344,0.88178
84,"(2,5,8,9,10,11,13)",0.6837,0.88152
85,"(0,1,2,3,5,8,9,10,11,13)",0.67558,0.8755
86,"(2,3,4,5,7,8,9)",0.68308,0.88134
87,"(6,7,10)",0.68346,0.88126
88,"(0,3,5,6,7,9,10)",0.68178,0.8811
89,"(0,1,2,5,8,11,12,13)",0.6763,0.87634
90,"(1,3,4,5,6,7,8,9,10,13)",0.67448,0.87444
91,"(0,1,11,13)",0.67636,0.8765
92,"(0,2,4,6,7,9,10,11,12)",0.68242,0.88006
93,"(0,1,2,4,5,6,7,10,11,13)",0.67452,0.87594
94,"(0,2,4,7)",0.68362,0.88108
95,"(0,1,2,4,5,6,11)",0.67602,0.87678
96,"(4,7,8)",0.68348,0.88242
97,"(0,1,2,5,6,9,10,13)",0.67632,0.87634
98,"(3,4,8,9,10)",0.6832,0.8814
99,"(1,2,6,7,8,11,13)",0.67642,0.8766
100,"(0,3,7,8,9,11,12)",0.68278,0.88122
101,"(0,1,3,4,9,10,12)",0.6734,0.87454
102,"(1,2,3,5,6,8,10,11,13)",0.67424,0.87504
103,"(1,2,4,6,7,8,9,12,13)",0.67514,0.87528
104,"(0,1,3,4,6,7,8,11)",0.67362,0.87512
105,"(0,6,11,13)",0.6829,0.8823
106,"(0,1,2,7,8,9,13)",0.67622,0.87662
107,"(0,2,3,6,7,8,10,11)",0.68202,0.88064
108,"(0,2,5,7,8,11)",0.68348,0.88248
109,"(0,5,6,8,9,10,11)",0.68302,0.88222
110,"(0,3,4,6,9,11,12)",0.68258,0.88106
111,"(1,3,6,8,9,12,13)",0.67436,0.87478
112,"(0,3,4,6,8,9,10,11,12,13)",0.6822,0.8799
113,"(0,1,2,3,7,12,13)",0.67382,0.87532
114,"(1,3,4,6,7,9,10,11,13)",0.67338,0.8741
115,"(5,8,11,12)",0.68426,0.88162
116,"(0,1,2,3,5,7,9,10,11,12)",0.67464,0.87508
117,"(2,5,6,9,11)",0.6844,0.8821
118,"(2,4,5,9,11,12)",0.68418,0.88184
119,"(3,5,7,10,11,13)",0.68166,0.8804
120,"(2,3,6,10,12)",0.68212,0.88064
121,"(0,1,2,3,4,5,10,11)",0.67438,0.87506
122,"(0,2,7,8,9,10,11,13)",0.68332,0.88136
123,"(2,4,7,8,11,13)",0.68326,0.88162
124,"(2,4,5,7,9,10,13)",0.68314,0.88016
125,"(0,2,4,5,6,7)",0.6827,0.88032
126,"(0,1,2,8,10,13)",0.6754,0.87612
127,"(1,2,4,5,6,7,8,9,10)",0.67704,0.87626
128,"(3,5,6)",0.68282,0.88178
129,"(1,10,11,12)",0.67614,0.87622
130,"(0,1,2,5,8,9,10,11)",0.6768,0.8761
131,"(0,1,3,7,8,10)",0.6748,0.87588
132,"(0,1,2,3,4,5,7,8,9,10,11,12)",0.6739,0.87422
133,"(1,2,3,5,6,7,8,9,11,13)",0.67496,0.87618
134,"(1,2,3,5,6,8,9,10)",0.6748,0.87562
135,"(3,5,6,8,13)",0.6827,0.88128
136,"(2,3,5,6,7,8,11,13)",0.68262,0.8809
137,"(0,1,3,5,6,7,10,12,13)",0.67374,0.87474
138,"(0,1,2,5,6,8,9,10,12,13)",0.6754,0.87566
139,"(1,2,7,8,9,10)",0.67724,0.87648
140,"(2,5,8,9,11)",0.68442,0.88254
141,"(1,5,6,7,8,9,10,13)",0.67652,0.87674
142,"(1,2,4,5,6,9,13)",0.67634,0.87654
143,"(0,1,2,6,10,13)",0.6753,0.87566
144,"(5,7,8,9,12,13)",0.68386,0.88162
145,"(0,3,4,6,9,10,11,13)",0.68142,0.88022
146,"(1,7,8,9,10,12)",0.67656,0.8755
147,"(2,4,5,7,8,9,10)",0.68344,0.88126
148,"(2,4,5,9,10,12)",0.68352,0.88078
149,"(0,1,3,4,5,6,7,11,12)",0.67442,0.87514
150,"(0,1,2,5,6,12)",0.67652,0.87662
151,"(0,2,3,5,13)",0.68348,0.88184
152,"(0,1,6,7,9,10,11,12)",0.67676,0.87602
153,"(2,3,6,7,10,11,12,13)",0.68206,0.87984
154,"(0,1,3,4,5,7,8,9,11)",0.67536,0.8756
155,"(0,1,3,8)",0.67556,0.87638
156,"(1,4,5,6,7,10,11,12)",0.67576,0.8755
157,"(0,2,4,6,8,9,11,13)",0.68276,0.88182
158,"(4,11)",0.68372,0.88232
159,"(0,1,4,8,9,13)",0.6758,0.87646
160,"(4,5,6,8,9,10,11,12)",0.68266,0.88122
161,"(1,3,4,5,6,7,8,11)",0.67424,0.87514
162,"(3,4,6,7,8,9,11,13)",0.68278,0.88106
163,"(0,1,2,3,5,8,10,13)",0.67444,0.87558
164,"(0,2,4,8,9,12,13)",0.6834,0.88138
165,"(3,4,7,8,9,11,12)",0.683,0.88086
166,"(1,3,5,6,8,12,13)",0.67498,0.87522
167,"(4,6,8,11)",0.68336,0.88238
168,"(1,3,5,6,8,10,11)",0.67536,0.87514
169,"(0,1,2,3,6,9,10,13)",0.67374,0.87508
170,"(0,1,4,6,7,9,11,13)",0.67576,0.87644
171,"(1,2,3,4,6,7,12)",0.6734,0.87492
172,"(1,3,7,9,10,12,13)",0.67422,0.87422
173,"(0,4,7,11,13)",0.68326,0.88162
174,"(3,4,7,9,13)",0.68258,0.88112
175,"(0,3,4,6,8,9,10)",0.68184,0.88102
176,"(0,1,2,3,4,7,8,10,11,13)",0.67354,0.87434
177,"(0,1,6,8,9,11)",0.67714,0.87682
178,"(1,2,3,4,7,13)",0.67446,0.87536
179,"(2,6,7,11,12,13)",0.68322,0.8814
180,"(0,1,2,5,8,10,12,13)",0.67614,0.87552
181,"(1,2,4,5,7,10,11)",0.67562,0.87576
182,"(1,2,3,4,7,8,9)",0.67482,0.87522
183,"(0,4,5,7,9,10,12)",0.68282,0.88082
184,"(0,4,11,12)",0.68304,0.88178
185,"(0,1,4,6,7,9,12)",0.67572,0.87604
186,"(0,9,10,11,12,13)",0.68334,0.88112
187,"(2,4,5,7,8,12,13)",0.6836,0.88084
188,"(4,6,10,11,12,13)",0.68308,0.8803
189,"(0,1,2,7,8,11,13)",0.6765,0.8767
190,"(0,1,9)",0.677,0.87728
191,"(0,2,4,8,10,13)",0.6824,0.8808
192,"(1,3,4,6,10)",0.6734,0.8749
193,"(0,1,2,4,9,10,11)",0.67526,0.8752
194,"(0,1,2,3,7,12)",0.67414,0.87554
195,"(0,1,3,4,5,7,8,10,11)",0.67458,0.87476
196,"(0,2,6,7,8,12)",0.68412,0.88108
197,"(0,1,3,5,6,8,11,12,13)",0.67516,0.87602
198,"(7,8,10,11,12,13)",0.68236,0.88062
199,"(1,5,7,9,11,12,13)",0.67704,0.87594
200,"(1,2,6,9,11,12,13)",0.6761,0.87568
201,"(1,2,3,4,8,9,10,11,12,13)",0.67422,0.87376
202,"(0,1,4,5,6,7,8,9,11,12,13)",0.6756,0.87596
203,"(0,1,2,5,6,7,8,10,13)",0.67628,0.87664
204,"(0,2,4,5,6,8,9,12,13)",0.6833,0.88086
205,"(1,3,4,10)",0.6741,0.87492
206,"(0,3,5,7,8)",0.68256,0.88146
207,"(1,7,11,12)",0.67712,0.87638
208,"(1,2,3,5,9,10,11,12)",0.67458,0.87512
209,"(0,2,6,8,12,13)",0.6833,0.88148
210,"(0,1,2,3,4,7,8,9,10,13)",0.67288,0.87416
211,"(0,1,2,3,8,9,11)",0.6755,0.87572
212,"(1,5,9,10,12)",0.677,0.87586
213,"(0,2,5,6,13)",0.68306,0.88218
214,"(1,3,4,7,9,10,12)",0.67394,0.87424
215,"(0,1,2,3,6,7,9,10,11,12)",0.6736,0.8744
216,"(0,8,9,10,11,12,13)",0.68276,0.8809
217,"(0,1,3,4,5,7,8,10)",0.67404,0.87514
218,"(3,5,6,7,12,13)",0.68242,0.88062
219,"(4,5,7,8,11,13)",0.68284,0.88168
220,"(2,5,6,7,10,13)",0.68358,0.88056
221,"(0,1,2,3,4,5,7,8,9,10,11,13)",0.67444,0.8744
222,"(0,2,3,6,8,9,13)",0.68306,0.88156
223,"(0,2,3,6,9,10,11)",0.68284,0.88094
224,"(2,5,7,11,12,13)",0.68418,0.88136
225,"(0,1,5,6,7,8,10)",0.67664,0.87628
226,"(0,2,8,11,12)",0.68444,0.88228
227,"(1,2,3,5,6,8,9,11,12)",0.67486,0.8756
228,"(4,8,9,10,12)",0.68348,0.88108
229,"(1,3,6,9,10,12)",0.6742,0.87426
230,"(0,1,3,4,5,6,7,8,9,11,13)",0.6743,0.8753
231,"(1,2,3,4,5,6,10,11,13)",0.6729,0.87464
232,"(0,1,2,8,9,10)",0.67686,0.87626
233,"(0,1,2,3,4,6,10,11,12,13)",0.67226,0.87374
234,"(0,1,8,11,12)",0.6766,0.87652
235,"(1,3,7)",0.67534,0.87576
236,"(0,2,3,7,9,10)",0.68276,0.88096
237,"(1,5,7,8,10,13)",0.67646,0.87656
238,"(1,2,3,5,7,8,11,13)",0.6751,0.87596
239,"(0,1,2,3,6,10,12)",0.67306,0.87474
240,"(0,3,5,12,13)",0.6823,0.88154
241,"(0,2,3,4,5,6,7,8,10,11)",0.68206,0.88038
242,"(1,2,4,7,10,13)",0.67444,0.87544
243,"(0,1,2,5,6,7,9,10,12,13)",0.67586,0.87564
244,"(0,3,4,6,9)",0.68254,0.8817
245,"(0,1,8,9,13)",0.67662,0.877
246,"(3,4,5,7,9,13)",0.6827,0.88122
247,"(0,3,6,8)",0.68258,0.88202
248,"(1,4,7,8,10,11,13)",0.67454,0.87626
249,"(1,2,3,4,5,7,8,10,11,12)",0.67404,0.87462
250,"(2,7,8,9,12,13)",0.6835,0.88156
251,"(0,1,2,3,4,5,6,8,10,11,12)",0.67304,0.87426
252,"(1,2,3,6,9,10,11,12)",0.6739,0.87472
253,"(1,5,7,8,10,12,13)",0.67622,0.87568
254,"(0,1,6,7,8,9,10,12,13)",0.67538,0.87492
255,"(0,1,2,6,10,11,12)",0.6751,0.8762
256,"(1,3,6,7,8,9,10,11)",0.67446,0.87456
257,"(3,5,7,10,12)",0.68238,0.8805
258,"(0,1,3,5,7,8,9,10,12)",0.67586,0.87538
259,"(0,1,7,10,11)",0.6756,0.87668
260,"(0,1,9,12)",0.67706,0.87652
261,"(0,1,2,3,4,6,7,10,11,12,13)",0.67238,0.87404
262,"(2,3,4,6,8,9,10,11,12)",0.68262,0.88012
263,"(1,2,5,6,8,9,12)",0.6772,0.87642
264,"(0,1,4,6,10,13)",0.67452,0.87562
265,"(1,5,6,7,9,11,12,13)",0.6774,0.87638
266,"(2,5,8,9,10,12)",0.6835,0.8809
267,"(1,4,6,7,10,11)",0.67538,0.87542
268,"(2,3,4,5,6,7,9,11,12)",0.68244,0.88094
269,"(1,3,8,10,12,13)",0.6744,0.8745
270,"(0,2,3,4,5,6,7,10,11,13)",0.6815,0.87994
271,"(0,2,3,7,8,9,10,11,12,13)",0.68316,0.87962
272,"(3,4,5,6,7,8)",0.68238,0.88142
273,"(1,2,4,7,8,11,12)",0.67632,0.87584
274,"(0,1,2,3,9,10,12,13)",0.67376,0.87468
275,"(0,3,4,6,7,9,10,11)",0.68176,0.88022
276,"(0,1,2,6,8,11,12)",0.67618,0.8767
277,"(1,4,6,7,8,9,13)",0.67588,0.8756
278,"(2,4,5,6,7,10,11,12)",0.68308,0.87992
279,"(0,1,2,3,4,6,7,8,9,12,13)",0.67308,0.875
280,"(0,1,4,5,8,9,10,12)",0.67604,0.8756
281,"(6,11,12,13)",0.68414,0.8818
282,"(0,2,4,5,7,11)",0.68312,0.88178
283,"(1,2,4,5,7,9,13)",0.67586,0.87574
284,"(1,2,6,11)",0.67722,0.87618
285,"(1,3,4,5,7,8,9,10,13)",0.67444,0.875
286,"(0,3,4,8,9,10,12)",0.68236,0.88068
287,"(1,3,7,9,11,12)",0.67614,0.87526
288,"(0,1,3,4,5,6,8,9,12)",0.67438,0.87486
289,"(0,2,3,5,7,9,11,12,13)",0.68324,0.88116
290,"(1,5,6,8,13)",0.67764,0.87706
291,"(0,3,9,12,13)",0.68252,0.88162
292,"(0,1,2,3,7,10,11,13)",0.67418,0.87456
293,"(3,4,6,7,9,10,11,13)",0.68138,0.8796
294,"(1,2,3,4,6,9,10,12)",0.6733,0.8738
295,"(0,5,8,10,12)",0.68352,0.88144
296,"(0,2,3,5,7,9,12)",0.683,0.88104
297,"(2,3,4,7,8,9)",0.68304,0.88172
298,"(2,12)",0.68386,0.88182
299,"(0,1,2,3,6,8,9,11,12,13)",0.67422,0.87518
300,"(1,2,6,7,9,10,11,12)",0.67616,0.87546
301,"(1,7,11,12,13)",0.67584,0.87622
302,"(1,3,6,7,10,11)",0.67386,0.87532
303,"(2,7,9,10,11)",0.68392,0.881
304,"(5,8,10,12)",0.6836,0.88154
305,"(0,2,3,5,8,9,10,12)",0.68316,0.88072
306,"(1,4,5,8,9,10,11,13)",0.67562,0.87594
307,"(0,1,2,6,7,12,13)",0.67544,0.87586
308,"(1,3,4,5,6,7,8,12,13)",0.67466,0.87448
309,"(1,3,4,5,7,9,11,12,13)",0.67468,0.87488
310,"(0,2,3,4,5,6,9,10,13)",0.68194,0.88044
311,"(0,1,2,4,5,10,12,13)",0.67494,0.87504
312,"(1,2,3,5,7,8,10,12)",0.67478,0.87496
313,"(0,1,6,7,8,10,11,13)",0.67518,0.8763
314,"(0,1,2,6,7,8,9,11,12)",0.67676,0.8764
315,"(0,1,3,6,7,12,13)",0.67414,0.8751
316,"(0,2,3,5,11,12)",0.68348,0.88124
317,"(0,2,3,10)",0.68266,0.88122
318,"(0,4,7,8,11,12,13)",0.68306,0.88162
319,"(0,1,4,6,9,10,12)",0.67532,0.8749
320,"(0,2,3,4,6,7,8,9,12)",0.68228,0.88054
321,"(0,1,3,4,5,7,8,10,11,12)",0.67416,0.8743
322,"(0,1,2,4,5,6,8,12)",0.6753,0.87614
323,"(0,2,10,12,13)",0.68306,0.88064
324,"(6,9)",0.68392,0.88256
325,"(1,2,4,5,9,10,12)",0.67618,0.87512
326,"(1,3,5,11)",0.6766,0.87624
327,"(4,5,6,9,10,11,13)",0.68314,0.88112
328,"(0,1,2,3,4,5,6,8,9,12,13)",0.6735,0.8748
329,"(0,2,4,8,9)",0.68402,0.88206
330,"(0,2,4,5,7,13)",0.68284,0.88104
331,"(1,2,4,5,6,9,12,13)",0.67564,0.87568
332,"(0,5,9,11)",0.68458,0.88282
333,"(5,11)",0.68426,0.88298
334,"(0,1,2,3,4,7,8,9,10,11)",0.67412,0.87408
335,"(1,2,4,5,6,7,8,9,11,13)",0.67658,0.87598
336,"(0,5,6,7,11,13)",0.6829,0.882
337,"(2,7,8,12)",0.68448,0.88152
338,"(0,2,3,5,7,8,9,12)",0.68378,0.88078
339,"(0,5,6,7,8,9,10,11,12)",0.68274,0.88082
340,"(0,1,2,3,4,5,6,7,9,10,12,13)",0.67266,0.87402
341,"(1,9,10,12,13)",0.67616,0.87574
342,"(0,1,4,5,6,7,9,10,13)",0.6755,0.87614
343,"(1,3,4,5,7,9,11,12)",0.67538,0.87542
344,"(0,1,9,11)",0.67748,0.8772
345,"(1,3,6,8,11,12)",0.67472,0.87576
346,"(1,5,6,7,8,11,13)",0.67726,0.87666
347,"(0,3,4,9,10,11)",0.68216,0.88066
348,"(4,7,11,13)",0.68336,0.88174
349,"(0,1,4,6,8,9,11,12,13)",0.67532,0.87534
350,"(0,1,12)",0.67694,0.87668
351,"(0,1,2,3,5,6,8,9,10,11)",0.67524,0.875
352,"(2,3,6,7,11,13)",0.68244,0.8812
353,"(0,1,2,3,4,5,7,8,13)",0.67436,0.87606
354,"(0,3,7,9,10,11,12,13)",0.68154,0.87982
355,"(0,4,6,7,8,9,10,11)",0.68308,0.88124
356,"(1,3,6,10,11,12,13)",0.67338,0.87458
357,"(0,7,8,9,13)",0.68274,0.8819
358,"(0,4,5,6,7,12)",0.6831,0.8812
359,"(1,5,8,9,10,12,13)",0.67614,0.87604
360,"(1,2,5,9,10,11,12)",0.67702,0.87622
361,"(1,3,4,5,6,7,8,11,13)",0.67424,0.8755
362,"(0,5,10,11)",0.68378,0.88226
363,"(0,1,2,6,9,13)",0.67606,0.8767
364,"(2,4,7,12,13)",0.68324,0.88066
365,"(1,2,3,4,5,7,8,9,10)",0.67448,0.87504
366,"(0,3,4,8,9,11,12)",0.68272,0.88162
367,"(0,1,3,6,10,13)",0.67348,0.87538
368,"(1,2,6,7,8,12)",0.67692,0.87616
369,"(0,1,2,4,8,13)",0.67508,0.87662
370,"(0,1,3,4,5,6,7,8,9,10,11,12)",0.67396,0.87472
371,"(0,4,6,8,11,12,13)",0.68292,0.8816
372,"(0,1,3,6,7,8,9,10)",0.67442,0.87524
373,"(0,1,2,6,8,9,10,11,12)",0.67568,0.8758
374,"(0,2,3,4,5,7,8,9,11,13)",0.68252,0.88102
375,"(0,2,3,4,6,7,10,13)",0.68178,0.88006
376,"(3,4,5,6,7,9,12,13)",0.68242,0.88062
377,"(0,5,6,7,8,9,11)",0.68356,0.88224
378,"(0,1,3,4,10,12,13)",0.67282,0.87366
379,"(0,1,2,3,5,11,12)",0.67522,0.87564
380,"(0,1,5,6,7,10,11,12)",0.67634,0.8763
381,"(0,1,2,3,4,6,8)",0.67256,0.87556
382,"(1,3,4,5,6,7,8,9,10,11,12,13)",0.67404,0.87392
383,"(0,1,2,3,4,7,11,12)",0.67354,0.87512
384,"(3,5,6,7,11,13)",0.68212,0.88154
385,"(0,1,2,6,9,10,12,13)",0.67516,0.87512
386,"(0,1,2,4,5,7,8,9,10,11,13)",0.67564,0.8756
387,"(0,1,2,3,5,6,7,8,9,10,11,12,13)",0.67368,0.87458
388,"(0,3,5,10,12,13)",0.68186,0.88044
389,"(0,1,2,5,6,10,12)",0.67562,0.8757
390,"(3,5,6,7,12)",0.68242,0.88122
391,"(0,4,5,6,9,10,12)",0.68312,0.88126
392,"(0,7,8,10,11,12)",0.68276,0.88092
393,"(1,2,3,4,8,9,11)",0.67598,0.87516
394,"(0,2,6,7,8,9,10,12)",0.68276,0.8802
395,"(0,2,5,6,7,8,10,11,12)",0.68312,0.88026
396,"(7,8,11,12,13)",0.68352,0.88192
397,"(0,2,3,6,7,8,11)",0.6835,0.8812
398,"(0,2,4,7,8,11)",0.68322,0.88172
399,"(0,1,2,3,4,8,9,11,12,13)",0.67406,0.87468
400,"(1,3,4,5,8,9,11)",0.67594,0.87596
401,"(1,6,11,12,13)",0.67616,0.87636
402,"(2,3,5,7,8,11)",0.6831,0.88162
403,"(1,2,3,4,8,9,10,11)",0.6741,0.8747
404,"(0,2,3,5,7,9,10,11,12)",0.68294,0.88046
405,"(0,4,5,6,7,9,10,11,12,13)",0.68168,0.88042
406,"(0,5,6,9,10)",0.68328,0.88222
407,"(0,4,6,7,9,11,12,13)",0.68314,0.88096
408,"(1,2,4,6,7,8,9,11)",0.67692,0.87588
409,"(4,7,8,12,13)",0.68276,0.88146
410,"(0,3,8,9,10,13)",0.68258,0.88096
411,"(0,3,10,12,13)",0.68228,0.88114
412,"(0,1,2,3,5,6,7,8,9,10,11)",0.67466,0.87486
413,"(4,5,6,8,9,10,11)",0.68352,0.88154
414,"(0,1,3,4,5,8,9,10,13)",0.6744,0.87534
415,"(2,4,5,6,7,8,9,10)",0.68322,0.88094
416,"(0,1,4,7,9,10,11,12,13)",0.6753,0.8749
417,"(0,1,2,3,5,7,8,11,12)",0.67522,0.87618
418,"(3,5,6,7,9,10,11,13)",0.68134,0.88048
419,"(1,3,5,6,8,9,10,11,12,13)",0.67452,0.87518
420,"(3,4,6,8,10,11,12,13)",0.68178,0.88016
421,"(0,1,2,3,5,9,10,12)",0.67462,0.87494
422,"(0,4,9,10,11,12,13)",0.68232,0.88096
423,"(0,1,4,7,9,11)",0.6766,0.87632
424,"(0,1,2,3,4,5,6,7,9,13)",0.67348,0.87538
425,"(3,4,7)",0.68264,0.8816
426,"(0,1,2,3,5,9,10)",0.67516,0.87602
427,"(1,2,3,4,5,6,7,9,12)",0.67424,0.8746
428,"(2,4,7,8,10)",0.6831,0.88142
429,"(0,2,3,4,5,6,7,8,11,12)",0.6824,0.88074
430,"(0,2,4,6,7,8,11,12,13)",0.68276,0.8807
431,"(3,7,8,10,12)",0.6825,0.88048
432,"(1,3,4,5,7,10,11,12)",0.67466,0.87476
433,"(1,2,3,4,5,11,12)",0.67448,0.87572
434,"(1,5,7,8,9,10)",0.67758,0.87718
435,"(0,1,2,4,6,8,9,11,13)",0.67564,0.87564
436,"(1,4,7,9,10,12,13)",0.67518,0.87458
437,"(1,4,5,6,7,8)",0.67714,0.87644
438,"(0,1,2,6,7,11,12)",0.6765,0.87694
439,"(1,3,4,5,7,9,10,11,12,13)",0.67406,0.87444
440,"(3,4,6,7,11,13)",0.6821,0.88106
441,"(1,3,4,9,10,11,13)",0.67332,0.87452
442,"(2,3,4,5,6,7,8,9,10,12,13)",0.68166,0.87942
443,"(0,1,2,4,7,9)",0.67608,0.8763
444,"(1,3,5,6,8,11,12)",0.67552,0.8758
445,"(0,2,4,5,6,7,9,13)",0.68262,0.88066
446,"(2,3,4,5,9,11,12)",0.6833,0.881
447,"(0,1,5,7,8,12)",0.67718,0.87646
448,"(0,1,3,9,10,12)",0.67434,0.8747
449,"(0,1,2,5,6,10,11,13)",0.67568,0.8761
450,"(1,2,3,5,6,10)",0.67468,0.87564
451,"(2,3,4,7,8,10,11,13)",0.68204,0.88038
452,"(3,4,5,7,9,10,11,12,13)",0.68248,0.8795
453,"(1,3,4)",0.67474,0.87554
454,"(0,1,2,4,5,9,11,12,13)",0.6763,0.87596
455,"(0,2,3,7,8,10,13)",0.68204,0.88106
456,"(0,2,3,4,6,9)",0.68306,0.88102
457,"(1,3,4,7,8,9,10)",0.67448,0.87442
458,"(4,5,11,12,13)",0.68406,0.8813
459,"(1,2,4,7,9,10,12)",0.67532,0.87522
460,"(2,9,10,11)",0.6838,0.88132
461,"(1,2,4,5,6,9,10,12,13)",0.67562,0.8748
462,"(4,5,6,7,9,10,11,12)",0.6827,0.88036
463,"(0,2,5,7,12,13)",0.6838,0.88098
464,"(1,3,4,5,7,8,12,13)",0.67496,0.8751
465,"(4,6,7,9,12,13)",0.68324,0.88102
466,"(0,1,2,3,4,5,7,10,12)",0.67302,0.87476
467,"(0,5,7,10,11)",0.68366,0.88188
468,"(1,5,6,7,9,11,12)",0.67772,0.8767
469,"(0,1,3,4,6,8,9,12)",0.67394,0.87486
470,"(2,4,5,6,7,10,12)",0.683,0.87982
471,"(1,5,6,7,9,10,11,12)",0.67718,0.87586
472,"(0,1,2,6,7,8,11,13)",0.67634,0.87658
473,"(2,3,4,5,8,12,13)",0.68302,0.88088
474,"(0,5,6,9,10,11,12,13)",0.68302,0.88072
475,"(1,2,3,4,7,9,10,12)",0.67384,0.87388
476,"(0,4,7,8,9,10,11)",0.68284,0.88128
477,"(0,1,3,5,8,10,13)",0.6747,0.8757
478,"(3,5,8,11,12,13)",0.68294,0.88084
479,"(0,4,6,8,9,10,12)",0.6828,0.88132
480,"(0,4,5,6,7,8,11,12,13)",0.68272,0.88108
481,"(2,8,10,12)",0.68348,0.88078
482,"(0,1,2,3,4,8,10,11)",0.67338,0.87482
483,"(0,1,2,3,7,8,9,11)",0.67592,0.87532
484,"(3,7,8,10,11,12)",0.68274,0.88032
485,"(1,2,3,6,8,12)",0.67426,0.87534
486,"(1,2,4,6,7,8,9,11,12)",0.67622,0.87528
487,"(4,5,6,11,12)",0.6851,0.8818
488,"(0,3,4,6,8,11,13)",0.68204,0.88116
489,"(0,2,3,4,5,6,7,10,11)",0.6818,0.88008
490,"(1,2,5,6,9,11)",0.67796,0.87674
491,"(0,3,6,8,9)",0.68266,0.88198
492,"(0,1,3,5,7,9,10,11,12)",0.67468,0.8751
493,"(0,1,3,4,6,7,8,10,11,13)",0.67304,0.8741
494,"(0,1,2,3,4,7,9,10,13)",0.67282,0.87428
495,"(2,6,7,9,10)",0.68408,0.88098
496,"(3,4,5,7,8)",0.68314,0.88162
497,"(1,4,7,9,12,13)",0.67568,0.8755
498,"(0,3,4,10,11)",0.68246,0.88086
499,"(0,4,8,12,13)",0.6827,0.88126
500,"(0,1,2,4,5,9,11)",0.67684,0.87654
501,"(0,3,5,7,8,10,11,12,13)",0.6822,0.87976
502,"(1,2,3,4,7,9,12,13)",0.67374,0.87404
503,"(0,1,2,3,7,9,10,11,12)",0.674,0.87422
504,"(0,1,3,4,5,6,8,11)",0.67474,0.87562
505,"(2,3,4,5,9,10,11,13)",0.68264,0.88054
506,"(0,2,4,5,6,7,8,9,12,13)",0.68246,0.88058
507,"(0,1,4,5,8,9,11,12)",0.67704,0.87612
508,"(0,2,3,5,7,8,11,12)",0.6832,0.88086
509,"(0,1,3,5,6,10,12)",0.67356,0.87524
510,"(0,2,5,6,7,10,11)",0.68298,0.88108
511,"(0,1,4,6,7,8,13)",0.6755,0.87602
512,"(7,8)",0.68394,0.88236
513,"(0,4,7,8,10,11,12)",0.68218,0.8807
514,"(1,2,3,5,6,7,8,9,10,11,12,13)",0.67384,0.8745
515,"(1,2,4,6,8,10,11)",0.67498,0.87524
516,"(1,2,4,7,9,10,11,12)",0.67552,0.87492
517,"(1,2,4,6,7,8,12,13)",0.6757,0.87534
518,"(3,4,7,12,13)",0.68202,0.88154
519,"(0,1,3,4,5,6,8,10,13)",0.67368,0.875
520,"(0,2,3,5,6,7,8,11)",0.68304,0.88124
521,"(0,1,2,9,10,12)",0.67546,0.87572
522,"(0,1,2,3,4,5,8)",0.67424,0.87592
523,"(0,1,3,5,9,10,12)",0.67506,0.87508
524,"(0,4,7,8,10,12,13)",0.68208,0.88064
525,"(1,3,4,6,8,9)",0.67456,0.8754
526,"(0,3,9,10,12,13)",0.68196,0.88072
527,"(3,4,5,6,7,8,13)",0.68226,0.88136
528,"(1,2,3,7,8,11)",0.67614,0.87636
529,"(1,5,6,9,10,12)",0.67692,0.87628
530,"(1,3,6,7,8,9,10,12,13)",0.67392,0.87456
531,"(1,2,5,7,10,11,12)",0.67634,0.87578
532,"(6,9,13)",0.68358,0.88178
533,"(0,1,2,3,8,10,11,13)",0.67356,0.8753
534,"(2,6,8,9,10,12)",0.68322,0.88064
535,"(2,8,11,12,13)",0.68408,0.88174
536,"(1,8,10,13)",0.67596,0.87648
537,"(2,4,9)",0.68358,0.88178
538,"(0,4,6,7,10,11,12,13)",0.68194,0.8801
539,"(1,4,10,13)",0.67522,0.87574
540,"(0,1,2,4,5,6,9,10)",0.67596,0.87626
541,"(2,3,4,6,7)",0.68256,0.88094
542,"(1,4,5,6,10,13)",0.6749,0.8762
543,"(0,2,3,4,6,7,8,10,11,12)",0.6823,0.87992
544,"(0,1,4,6,9,10,13)",0.67462,0.87546
545,"(0,1,2,3,6,7,8,9,10,11,13)",0.67334,0.8746
546,"(0,1,7,8,9,10,11,13)",0.67578,0.87612
547,"(0,2,3,5,6,7,9,12,13)",0.68246,0.88058
548,"(6,7,8,10,13)",0.68266,0.88128
549,"(1,4,5,6,7,8,10,12)",0.6757,0.87572
550,"(0,1,2,5,7,8,9,10,11)",0.67728,0.87626
551,"(3,4,5,6,7,8,10,12)",0.68176,0.88058
552,"(0,3,4,5,7,8,9,10,12,13)",0.68214,0.88034
553,"(0,2,3,4,6,7,8,9,10,13)",0.68252,0.88046
554,"(3,5,6,13)",0.6823,0.88192
555,"(0,2,7,8)",0.68352,0.88214
556,"(8,9,11,12)",0.68432,0.882
557,"(0,5,10,12)",0.68318,0.88126
558,"(1,2,3,7,8,9,10,12,13)",0.67404,0.87466
559,"(7,10,11,12)",0.68328,0.88086
560,"(1,4,8,11,13)",0.67618,0.87612
561,"(0,1,2,3,4,9,11,13)",0.67402,0.87476
562,"(0,1,2,8,12)",0.67656,0.87684
563,"(0,3,4,7,9,12,13)",0.68184,0.88128
564,"(1,3,4,6,8,9,10,11,12,13)",0.67372,0.87336
565,"(2,3,4,5,8,10,12,13)",0.68294,0.8806
566,"(3,5,8,10,11)",0.68218,0.88148
567,"(2,6,8,13)",0.68404,0.88154
568,"(1,2,3,5,7,8,11)",0.67578,0.87594
569,"(0,1,3,4,5,7,8,10,11,12,13)",0.67404,0.87402
570,"(1,2,4,5,6,7,9,12)",0.67642,0.876
571,"(0,1,2,3,7,9)",0.675,0.87578
572,"(0,3,6,12)",0.6822,0.8819
573,"(1,2,3,4,6,9,11)",0.67476,0.87506
574,"(0,1,2,3,4,6,8,12)",0.67246,0.87506
575,"(0,4,11,12,13)",0.68346,0.88204
576,"(2,3,5,7,9,11)",0.68314,0.88082
577,"(1,4,5,7,9,10,12,13)",0.67554,0.8746
578,"(0,1,3,4,5,8)",0.67532,0.87602
579,"(6,7,8,10,12)",0.68248,0.88138
580,"(1,4,5,7,10)",0.67596,0.87604
581,"(0,2,3,4,6,11)",0.68278,0.88132
582,"(1,2,4,5,6,8,10,11)",0.6757,0.8756
583,"(0,1,4,5,6,7,10,11,12,13)",0.6754,0.87584
584,"(0,1,3,7,10,11,12)",0.67454,0.87518
585,"(0,6,7,8,10,12,13)",0.68242,0.88014
586,"(1,4,5,8,10,11,12,13)",0.6751,0.87528
587,"(0,2,3,7,8,12)",0.68312,0.88112
588,"(0,1,9,10,12,13)",0.67568,0.8753
589,"(0,2,3,5,7,8,11)",0.6834,0.88176
590,"(0,4,5,7,12,13)",0.68286,0.88106
591,"(0,1,2,3,6,8,11,12)",0.6746,0.87542
592,"(0,1,2,4,5,7,8,10,11)",0.67574,0.87578
593,"(1,2,3,6,7,8,11,12,13)",0.67484,0.87516
594,"(3,5,7,8,11,12,13)",0.68258,0.88118
595,"(1,5,7,13)",0.67712,0.87738
596,"(0,2,5,7,8,9,11)",0.68414,0.88214
597,"(1,2,3,5,7,8,13)",0.67538,0.87608
598,"(5,10,11,12,13)",0.68334,0.8812
599,"(6,10,13)",0.68344,0.88176
600,"(0,6,7,13)",0.68262,0.88222
601,"(1,2,3,5,10,11)",0.67468,0.87566
602,"(0,4,5,7,10)",0.68246,0.88144
603,"(1,5,6,8,12)",0.67682,0.87652
604,"(2,6,7,8,9,10,12,13)",0.68258,0.88046
605,"(1,2,3,4,5,7,8,9,10,12)",0.67388,0.87452
606,"(1,4,5,7,8,9,10,13)",0.67552,0.87564
607,"(1,3,5,12)",0.67546,0.87596
608,"(0,2,4,5,6,7,8,9,13)",0.6821,0.88094
609,"(0,1,3,4,7,8,11,12,13)",0.67418,0.8748
610,"(1,2,3,4,6,7,8,12,13)",0.6734,0.87448
611,"(0,1,5,6,9,13)",0.67716,0.87694
612,"(2,6,7,8,9,10,12)",0.68294,0.8803
613,"(0,1,3,9,12)",0.67488,0.87504
614,"(0,5,6,8,10,11)",0.6827,0.88214
615,"(1,2,3,6,7,11,12,13)",0.67422,0.87554
616,"(0,2,5,6,7,8,10,12,13)",0.68314,0.88024
617,"(2,4,6,7,12,13)",0.68286,0.88096
618,"(1,3,4,7,10,12)",0.67414,0.87468
619,"(1,3,4,6,8,9,10,12,13)",0.67264,0.87356
620,"(1,6,8,11,13)",0.6771,0.87668
621,"(0,1,2,4,5,9,13)",0.6758,0.8769
622,"(0,1,3,4,5,6,7,10,11)",0.67342,0.8748
623,"(0,1,3,4,10,12)",0.67296,0.87406
624,"(0,7,8,10,12)",0.68232,0.88132
625,"(0,1,3,4,5,7,10)",0.67428,0.8753
626,"(1,3,6,7,12,13)",0.6743,0.87474
627,"(2,3,5,6,7,8,9,10,12)",0.68244,0.88026
628,"(1,3,4,7,11,12)",0.67462,0.87516
629,"(1,2,5,7,8,11,13)",0.67692,0.87676
630,"(0,1,4,5,7,10)",0.67622,0.87602
631,"(0,1,2,4,5,9,10,13)",0.6757,0.87614
632,"(0,1,2,6,8,9,13)",0.67648,0.87734
633,"(0,3,4,6,7,12)",0.6822,0.88102
634,"(3,5,8,9,10,11)",0.6831,0.88148
635,"(1,8,10,11)",0.67666,0.8767
636,"(0,1,2,3,4,8,9,11,13)",0.67424,0.87514
637,"(2,3,4,6,7,8,9,11)",0.68328,0.88094
638,"(1,2,4,8,10)",0.67634,0.87582
639,"(1,2,6,10,11,12)",0.6753,0.87588
640,"(0,1,3,10,12,13)",0.6742,0.87442
641,"(1,2,3,5,7,9,11,12,13)",0.67498,0.8755
642,"(1,3,4,5,6,7)",0.67476,0.87586
643,"(1,2,3,5,7,8,9,10,11,13)",0.67468,0.87492
644,"(0,1,2,9,10,13)",0.67596,0.87632
645,"(0,2,3,5,6,7,9)",0.68266,0.8818
646,"(1,2,3,4,5,6,8,10,11,13)",0.6731,0.87436
647,"(2,3,5,6,9,10,13)",0.68252,0.88064
648,"(9,11,12,13)",0.68448,0.88196
649,"(3,5,7,11,13)",0.68312,0.88152
650,"(0,1,4,5,8,9,13)",0.67704,0.87628
651,"(0,2,7,9,12,13)",0.6834,0.88116
652,"(3,5,6,8,9,11,12,13)",0.68278,0.8806
653,"(1,4,6,7,9,11,12,13)",0.67566,0.87566
654,"(0,2,4,7,8,12)",0.68336,0.88082
655,"(0,2,3,4,5,8,9,10,11)",0.683,0.88092
656,"(1,3,5,7,9,10,12,13)",0.67476,0.87454
657,"(5,7,8,9,10)",0.68364,0.88166
658,"(0,1,4,5,6,8,10,11,12)",0.6753,0.87582
659,"(1,2,6,8,12)",0.67656,0.87624
660,"(0,1,2,5,7,8,12,13)",0.67654,0.87642
661,"(1,2,5,7,8,11,12,13)",0.67676,0.87628
662,"(0,5,6,7,8,9,10,11,12,13)",0.68268,0.88064
663,"(0,1,4,5,6,7,9,10,11,13)",0.67548,0.87614
664,"(2,4,5,6,7,8,12)",0.68356,0.88126
665,"(0,1,2,3,4,6,10,11,13)",0.67176,0.8743
666,"(1,2,4,5,6,7,8,9,10,11)",0.67636,0.87524
667,"(1,2,3,5,6,7,12)",0.67498,0.87488
668,"(1,8)",0.67718,0.8773
669,"(0,2,3,4,6,8,9,11)",0.68344,0.8816
670,"(0,2,3,4,7,10,12)",0.68142,0.88008
671,"(0,2,6,11)",0.6841,0.88204
672,"(0,1,2,3,4,6,9,12,13)",0.67232,0.87422
673,"(3,4,6,7,8,9,10,11,12,13)",0.6815,0.88018
674,"(0,1,3,7,9,13)",0.67488,0.87526
675,"(1,4,8,12)",0.67656,0.87616
676,"(1,2,8,9,10,11)",0.6771,0.87608
677,"(2,3,8,9,10,11)",0.6834,0.88116
678,"(2,3,5,7,8,10,11,12)",0.68298,0.8802
679,"(0,3,4,5,6,8,9,10,12,13)",0.68234,0.88028
680,"(0,1,2,3,4,9,13)",0.6734,0.87568
681,"(1,4,5,6,7,10,12,13)",0.67546,0.8748
682,"(1,3,6,8,12)",0.6748,0.87496
683,"(4,5,6,7,11,12,13)",0.68368,0.88126
684,"(2,4,5,6,7,9,13)",0.68358,0.88092
685,"(1,2,3,6,7,9,10,12)",0.67378,0.87466
686,"(1,2,3,6,7,9,10,11)",0.67406,0.8748
687,"(0,1,9,10,11,12,13)",0.67574,0.87584
688,"(1,3,5,6,7,9,10,12,13)",0.67434,0.8744
689,"(0,2,3,5,6,7,8,9,11)",0.68304,0.88126
690,"(0,7,8,9,12)",0.6836,0.88164
691,"(1,5,7,8,9,12,13)",0.6767,0.8763
692,"(0,2,4,5,9,13)",0.68322,0.88134
693,"(0,1,2,5,8,9,10,12)",0.67716,0.87582
694,"(3,4,5,6,7,9,12)",0.68266,0.88072
695,"(0,1,4,6,9,10,11,12)",0.67488,0.87528
696,"(0,1,3,7,10,11,13)",0.67412,0.87506
697,"(0,1,2,4,5,13)",0.67576,0.87688
698,"(1,2,6,11,12)",0.67668,0.8762
699,"(1,3,12)",0.67494,0.875
700,"(1,6,7,11,13)",0.67658,0.87686
701,"(0,1,6,8,9,10,11)",0.67604,0.87618
702,"(0,2,3,4,5,8,10,12,13)",0.6826,0.87994
703,"(1,4,5,9)",0.67762,0.87652
704,"(4,6,9,10,12,13)",0.68226,0.88064
705,"(0,1,2,3,4,6,7,9,10,11,13)",0.67272,0.87402
706,"(0,2,5,6,8,10,11,12,13)",0.68234,0.88078
707,"(4,5,6,7,8,9,10,11,12)",0.68232,0.88066
708,"(0,6,7,9,11)",0.68382,0.88218
709,"(0,3,4,5,7,8,13)",0.68194,0.88158
710,"(0,1,2,3,4,6,7,8)",0.67316,0.87564
711,"(2,4,5,7,8,10)",0.68272,0.8811
712,"(0,2,3,5,7,10)",0.6824,0.8811
713,"(0,4,9,10,13)",0.68264,0.8815
714,"(1,3,7,10,12,13)",0.67402,0.87414
715,"(2,3,6,7,9)",0.68292,0.88112
716,"(0,1,2,3,8,9,10,12,13)",0.674,0.87492
717,"(1,2,6,8,9,10,11,12)",0.67638,0.87532
718,"(3,5,8,12)",0.6833,0.88124
719,"(3,7,8,9,10,11)",0.68258,0.88088
720,"(1,4,6,7,8,10,11,12,13)",0.67494,0.87482
721,"(0,2,5,8)",0.68362,0.88234
722,"(2,5,6,10,12)",0.68366,0.8807
723,"(6,8,9,10,12)",0.68316,0.88124
724,"(0,2,3,4,6,7,8,10,11,13)",0.68144,0.88044
725,"(0,2,3,4,10,11,13)",0.6822,0.88038
726,"(0,3,5,7,10)",0.68174,0.88146
727,"(2,3,5,7,9,11,13)",0.68316,0.8811
728,"(2,3,7,9,11)",0.6835,0.8812
729,"(2,3,4,8,10,11,12)",0.68264,0.87998
730,"(1,6,8,10,12)",0.6763,0.87602
731,"(0,1,5,8,10,11,12,13)",0.67528,0.8755
732,"(1,3,5,6,7,8,9,10,12,13)",0.67468,0.87498
733,"(0,3,4,6,8,11,12,13)",0.68182,0.8807
734,"(0,2,3,4,5,6,7,8,9,10,11,13)",0.68196,0.88022
735,"(0,4,5,6,11)",0.68328,0.88224
736,"(0,4,5,7,8,9,10,11,12,13)",0.68292,0.88084
737,"(0,1,3,4,5,9,10)",0.67448,0.87544
738,"(0,4,9,11,12)",0.6837,0.882
739,"(1,2,4,5,9,11,12,13)",0.67628,0.8753
740,"(10,11,12,13)",0.68306,0.88122
741,"(0,4,5,7,8,13)",0.68212,0.88182
742,"(0,1,2,5,6,7,8,9,11,12)",0.67698,0.8764
743,"(0,5,6,7,10,11,12)",0.68308,0.88076
744,"(3,4,5,11,12,13)",0.68282,0.88108
745,"(0,1,4,5,8,11,13)",0.67606,0.8769
746,"(2,3,4,7,8,9,12,13)",0.68258,0.88098
747,"(0,4,8,9,10)",0.68262,0.88202
748,"(0,1,3,6,7,9,11,13)",0.6742,0.87574
749,"(0,2,5,9,10,13)",0.68314,0.88174
750,"(0,1,2,5,10,11,12)",0.67636,0.87638
751,"(0,1,2,4,6,8,9)",0.67578,0.87628
752,"(0,3,6,8,9,10,13)",0.68202,0.88088
753,"(1,2,3,4,5,6,8,11,12)",0.6741,0.87532
754,"(0,3,4,5,7,9,10,11)",0.68218,0.88066
755,"(2,3,7,9,12,13)",0.68304,0.88078
756,"(0,1,2,3,4,7,8,10,11)",0.67354,0.87438
757,"(0,1,3,7,8,9,10)",0.67534,0.87562
758,"(2,4,5,8,10,11)",0.68304,0.88146
759,"(2,6,10,12,13)",0.6822,0.8804
760,"(1,3,7,8,11,12,13)",0.67472,0.87522
761,"(2,3,5,8,10,12,13)",0.6826,0.88096
762,"(0,1,2,3,5,6,8,10,12,13)",0.67394,0.87448
763,"(3,5,6,7)",0.68274,0.88162
764,"(0,1,3,6,7,10,11,12,13)",0.6736,0.87434
765,"(2,9,10)",0.6839,0.8816
766,"(0,1,3,8,11)",0.6759,0.87684
767,"(0,3,6,7,12)",0.682,0.8816
768,"(0,1,3,4,6,7,8,10,11,12,13)",0.67288,0.87324
769,"(3,5,7,8,9,10,12)",0.6826,0.88058
770,"(1,3,4,5,6,7,9,13)",0.67514,0.8748
771,"(0,2,4,6,7,9,11,13)",0.6831,0.8811
772,"(1,2,3,4,8,10,12)",0.67402,0.87484
773,"(0,1,3,5,7,9,11,13)",0.67536,0.87596
774,"(0,1,2,4,8,12)",0.67614,0.87602
775,"(1,2,4,5,7,8,10,12)",0.67598,0.87514
776,"(1,2,3,5,6,7)",0.6751,0.87612
777,"(3,4,5,6,9,10,11,12)",0.68292,0.88004
778,"(2,3,4,10)",0.68266,0.88096
779,"(2,3,4,5,12)",0.68306,0.88108
780,"(1,6,12)",0.67686,0.8768
781,"(0,2,3,4,5,6,7,8,11)",0.68288,0.88088
782,"(0,8,11)",0.68332,0.8828
783,"(5,6,8,10,12,13)",0.68288,0.88058
784,"(1,5,6,8,10,13)",0.67674,0.87658
785,"(3,5,7,8,9,10,11,12)",0.68314,0.88024
786,"(0,3,4,6,11,12)",0.6829,0.88166
787,"(0,5,7,8,11)",0.68324,0.88298
788,"(0,1,4,6,9,10,11,12,13)",0.67486,0.87466
789,"(1,2,5,6,7,8,10,11)",0.67672,0.87658
790,"(1,2,4,6,7,10,11)",0.67562,0.87532
791,"(5,10,12,13)",0.68334,0.88116
792,"(0,2,3,5,6,7,9,10,11,13)",0.6817,0.88038
793,"(0,1,2,5,8,9,10)",0.67698,0.87626
794,"(0,3,4,5,7,9,11,12,13)",0.68268,0.88122
795,"(1,2,3,6,12,13)",0.67364,0.87506
796,"(0,3,5,6,8,11,12)",0.68242,0.88094
797,"(0,1,3,4,6,7,8,12,13)",0.67334,0.8742
798,"(1,2,5,7,11,12)",0.67698,0.87638
799,"(4,6,9,11)",0.68352,0.88206
800,"(0,2,3,5,8,10,11,13)",0.68264,0.88066
801,"(0,4,6,13)",0.68238,0.88198
802,"(1,2,5,6,9,10,11,12,13)",0.67624,0.87544
803,"(3,7,10)",0.6824,0.88108
804,"(0,2,3,11,12)",0.68326,0.88144
805,"(0,1,2,4,5,7,8,10,11,12,13)",0.67496,0.87492
806,"(0,1,2,4,8,9,11,12)",0.67588,0.87568
807,"(0,1,2,6,7,8,9,11)",0.67718,0.87642
808,"(0,3,4,6,10,11,13)",0.6821,0.8805
809,"(1,2,3,4,5,7,9,12)",0.67462,0.87486
810,"(3,5,8,12,13)",0.68284,0.88082
811,"(2,3,4,6,9,10,11,12,13)",0.6819,0.88002
812,"(0,1,2,3,5,6,10,12)",0.6735,0.87526
813,"(5,6,12)",0.6843,0.8822
814,"(0,1,8,11,13)",0.6763,0.87704
815,"(0,1,2,3,6,7,8,12,13)",0.67366,0.87492
816,"(0,1,2,5,6,7,9,10,11,12,13)",0.67516,0.87518
817,"(1,2,4,5,7,8,9,10,12)",0.67634,0.87536
818,"(0,1,6,7,13)",0.67664,0.87684
819,"(2,5,7,8,9,11,12,13)",0.68394,0.88148
820,"(0,1,2,3,4,5,6,7,8,9,10,12)",0.67312,0.87412
821,"(0,4,6,8,9,11)",0.68314,0.88226
822,"(4,5,8,11,12,13)",0.68338,0.88132
823,"(0,1,2,3,4,7,8,9,11)",0.67468,0.87478
824,"(0,1,2,3,5,7,8,9,11,12)",0.67518,0.8759
825,"(1,2,3,5,6,7,9,10,13)",0.67434,0.8751
826,"(1,2,3,5,7,9,10,11,13)",0.67428,0.87492
827,"(0,1,2,7,8,10,13)",0.67578,0.87636
828,"(0,6,8,10,12,13)",0.6826,0.88052
829,"(0,2,4,8,10)",0.68238,0.88158
830,"(5,6,7,8,9,13)",0.68348,0.8816
831,"(0,6,11,12)",0.68346,0.88206
832,"(2,3,5,6,9,11,12)",0.68322,0.88148
833,"(1,4,6,7,10,11,13)",0.67444,0.87554
834,"(0,2,3,5,6,11,12,13)",0.68336,0.88088
835,"(0,2,6,9,11,12,13)",0.6841,0.88158
836,"(3,8)",0.6834,0.88248
837,"(0,2,4,6,8,10,12,13)",0.68208,0.88014
838,"(0,1,3,7,9,10,11,12,13)",0.6742,0.87444
839,"(0,1,2,3,4,5,9,10,11,13)",0.67404,0.8748
840,"(1,2,3,4,6,9,10,11)",0.67308,0.87448
841,"(0,5,6,7,9,10,12)",0.68304,0.88074
842,"(3,5,6,8,9,10,11,12)",0.68244,0.88044
843,"(5,7,10)",0.68336,0.88164
844,"(1,2,3,4,6)",0.67348,0.8756
845,"(0,1,3,7,8,10,11)",0.67452,0.87544
846,"(1,2,5,8,10)",0.67726,0.87706
847,"(1,5,7,10,12)",0.67654,0.87622
848,"(0,1,4,5,6,9,10,12)",0.67574,0.8749
849,"(5,6,8,9,10,11,13)",0.68278,0.88176
850,"(0,2,5,6,7,12,13)",0.68308,0.8815
851,"(2,8,9,10,12,13)",0.68316,0.88096
852,"(3,4,5,8,11,13)",0.68236,0.88212
853,"(1,3,4,5,7,9,10,12,13)",0.67446,0.8738
854,"(1,3,4,5,8,9,12,13)",0.67486,0.87472
855,"(1,2,5,6,7,9,12,13)",0.67634,0.87596
856,"(0,2,3,5,6,7,9,11,13)",0.68234,0.88132
857,"(1,3,5,6,7,8,11,12)",0.6755,0.8753
858,"(0,1,4,6,10,12)",0.67486,0.87538
859,"(0,2,3,4,6,7,8,9,10,11)",0.6822,0.8808
860,"(2,3,4,7,9,10,12,13)",0.68158,0.8798
861,"(2,5,7,12)",0.6834,0.88138
862,"(0,2,5,6,7,9,10,11,12)",0.6828,0.88072
863,"(0,2,3,4,5,8,9,10,11,12,13)",0.683,0.88012
864,"(1,2,5,6,7,11)",0.67776,0.87694
865,"(2,3,4,6,7,10,12,13)",0.68108,0.87982
866,"(0,1,5,6,7,9,11,13)",0.67726,0.87738
867,"(0,1,8,11)",0.67722,0.87702
868,"(0,2,5,7,8,9,12)",0.68356,0.8815
869,"(1,2,3,4,6,8,9,10,12,13)",0.67296,0.87372
870,"(0,3,8,11,13)",0.68274,0.88182
871,"(0,4,5,6,7,9,11,12)",0.68308,0.88112
872,"(0,1,2,3,10,12,13)",0.67308,0.8744
873,"(0,1,2,4,7,8,9,13)",0.67512,0.8764
874,"(0,1,2,3,4,7,8,9,11,12,13)",0.674,0.87462
875,"(0,1,3,4,5,6,7,10)",0.6742,0.87494
876,"(1,2,5,9,10,11)",0.67778,0.87648
877,"(1,2,3,4,5,6,8,9,10,12)",0.67372,0.87414
878,"(0,1,2,3,5,6,7,12)",0.67466,0.8758
879,"(2,4,6,8,9,11,12,13)",0.68326,0.88116
880,"(0,3,4,10,12,13)",0.6818,0.88018
881,"(0,2,4,5,6,8,10,11,13)",0.68248,0.88084
882,"(0,4,5,6,9,11)",0.6836,0.88208
883,"(0,1,2,3,5,7,8,10,12)",0.67444,0.87516
884,"(0,1,5,7,8,10,12,13)",0.67602,0.87546
885,"(0,7,8,9,10,11,12)",0.68324,0.88116
886,"(2,4,11,12)",0.6839,0.88146
887,"(0,3,6,7,8,10,13)",0.68174,0.88094
888,"(1,2,4,11,12,13)",0.67542,0.87548
889,"(3,5,6,9,10,13)",0.6819,0.88108
890,"(2,3,6,8,9,10,13)",0.68258,0.8809
891,"(0,1,2,4,5,11,13)",0.67546,0.8767
892,"(0,3,5,6,9,12)",0.68214,0.88176
893,"(0,7,8,10,11,13)",0.68272,0.88106
894,"(0,2,3,5,6,7,8,9,10,11)",0.68264,0.88066
895,"(2,3,5,7,8,9,12)",0.68354,0.88098
896,"(1,2,4,5,9,10)",0.67674,0.8759
897,"(1,6,7,9,11)",0.67772,0.87636
898,"(0,1,2,3,5,6,8,9,10,11,13)",0.6743,0.87502
899,"(0,1,2,5,11,13)",0.67618,0.87708
900,"(1,3,9,12)",0.67498,0.87498
901,"(2,3,6,7,9,12)",0.68268,0.88108
902,"(1,7,8,10,11,12)",0.67658,0.87614
903,"(2,3,5,10,12)",0.68242,0.88078
904,"(3,4,5,9,10,11)",0.6828,0.8808
905,"(3,4,5,6,8,10,11)",0.68184,0.88104
906,"(2,3,4,5,7,10)",0.68308,0.88074
907,"(0,2,3,5,6,8,9,12)",0.6834,0.88106
908,"(6,7,9,10,13)",0.68326,0.88066
909,"(0,1,2,3,6,8,9,10)",0.67378,0.87532
910,"(0,2,7,11)",0.68434,0.88178
911,"(0,1,3,4,5,6,7,8,11,13)",0.67382,0.87544
912,"(0,1,4,5,6,9,13)",0.67604,0.87644
913,"(1,2,3,4,6,8,9)",0.67386,0.8749
914,"(2,4,6,8,10,11,13)",0.68284,0.88082
915,"(2,4,7,10,12)",0.68252,0.87992
916,"(0,1,2,3,6,7,8,10,12,13)",0.673,0.87438
917,"(2,4,7,10,11)",0.68318,0.8806
918,"(0,1,2,3,11,13)",0.67482,0.87564
919,"(0,3,5,6,10)",0.68194,0.88158
920,"(0,3,5,6,12,13)",0.68244,0.88126
921,"(0,1,2,3,4,5,6,7,8,11,12,13)",0.67356,0.8751
922,"(0,1,2,3,6,8,10,12,13)",0.67338,0.87428
923,"(0,1,6,8,13)",0.676,0.87658
924,"(1,3,5,6,7,9,11,12,13)",0.67478,0.87554
925,"(4,5,7,9,11,12,13)",0.68378,0.88074
926,"(0,2,3,4,5,8,10,12)",0.68282,0.88044
927,"(2,5,8,9,10,11)",0.68382,0.88172
928,"(1,6,7,8,11,12,13)",0.67622,0.87616
929,"(3,5,6,10,11,12)",0.68172,0.88018
930,"(1,3,4,5,9,12,13)",0.67498,0.87496
931,"(0,3,4,5,6,7,8,10,13)",0.68078,0.88088
932,"(1,2,3,5,6,11)",0.6748,0.8757
933,"(2,3,5,6,7,11,13)",0.6822,0.88116
934,"(0,4,5,7,8,9,11,13)",0.6828,0.88212
935,"(1,2,3,8,9)",0.67566,0.87608
936,"(0,1,8,9,10,11,12,13)",0.6752,0.8758
937,"(0,1,6,7,8,9,11)",0.67728,0.87692
938,"(2,3,5,7,11,12)",0.68284,0.88104
939,"(6,8,9,12)",0.68418,0.88188
940,"(1,2,3,4,5,8,9,10,11,12)",0.67488,0.8745
941,"(0,1,4,5,7,10,11,13)",0.67506,0.87604
942,"(3,4,5,6,7,9,10,11,12,13)",0.68224,0.87954
943,"(8,10,11,13)",0.68284,0.88176
944,"(0,3,5,7,12,13)",0.68142,0.88104
945,"(0,1,3,5,12)",0.67494,0.87604
946,"(1,2,3,4,8,9,11,12)",0.67552,0.8749
947,"(0,2,3,8,9,10,11,12,13)",0.6836,0.88002
948,"(0,1,6,9,10,13)",0.67522,0.87648
949,"(2,7,11,13)",0.68346,0.88182
950,"(3,6,10,12)",0.68156,0.88078
951,"(1,2,5,6,8)",0.67822,0.87718
952,"(0,1,2,3,5,6,7,9,10)",0.67402,0.87514
953,"(0,4,5,6,8,9,11,12,13)",0.68256,0.88142
954,"(2,4,5,7,9,10,11,12,13)",0.68336,0.87996
955,"(1,4,5,7,8,9,12)",0.67702,0.87596
956,"(1,2,4,6,11)",0.67558,0.8761
957,"(0,1,2,3,4,6,9,10)",0.67238,0.87482
958,"(2,3,7,8,9,10,11,13)",0.68246,0.88114
959,"(1,2,3,6,7,9,11,13)",0.67466,0.87514
960,"(1,2,5,8,12)",0.67722,0.8765
961,"(2,3,4,6,7,9,10,12,13)",0.68164,0.87946
962,"(5,8,9,10,11,12)",0.68374,0.88126
963,"(1,2,4,5,9,13)",0.67682,0.87646
964,"(1,2,3,4,6,7,8,9,10,11,12)",0.67414,0.87352
965,"(0,1,5,6,8,9,12)",0.67764,0.87668
966,"(5,6,7,8,9,10,13)",0.68272,0.88078
967,"(0,1,2,4,6,7,10,13)",0.6746,0.87548
968,"(0,1,2,4,5,6,7,10,12,13)",0.67446,0.87482
969,"(0,2,4,5,7,8,10,11,12,13)",0.6826,0.88004
970,"(1,2,4,6,7,10,12)",0.675,0.87538
971,"(1,3,5,8,10,11,12,13)",0.67454,0.87484
972,"(1,2,3,4,6,7,10,11,13)",0.67242,0.87424
973,"(0,2,3,4,5,7,8,9,10,12)",0.68266,0.88056
974,"(0,5,7,10,11,12)",0.68326,0.88126
975,"(2,4,5,7,9,12)",0.68388,0.88094
976,"(0,1,2,3,5,6,7,10,11,12,13)",0.67388,0.87466
977,"(1,11,12,13)",0.67624,0.8768
978,"(1,5,6,8,11,12,13)",0.67628,0.87674
979,"(3,4,9,10,11,13)",0.68224,0.88044
980,"(0,1,2,5,9,10,11,12,13)",0.6763,0.87576
981,"(2,3,5,8,9,11,12,13)",0.68348,0.8808
982,"(2,5,6,8,11)",0.68434,0.88208
983,"(0,1,2,3,4,5,11,13)",0.67434,0.87558
984,"(1,5,7,8)",0.67804,0.87738
985,"(1,3,4,5,7,9,11)",0.67562,0.87558
986,"(3,6,7,9,10,12)",0.68204,0.88054
987,"(0,2,3,4,5,9,10,12,13)",0.68226,0.88012
988,"(0,1,3,6,9,10,11,12)",0.6731,0.87512
989,"(0,1,3,4,5,8,9,11,12)",0.67522,0.87546
990,"(0,2,3,6,8,12,13)",0.6833,0.88088
991,"(1,2,3,8,9,11,12,13)",0.67496,0.87536
992,"(0,2,6,9,10,13)",0.68264,0.8809
993,"(1,2,3,5,6,10,12)",0.67396,0.87506
994,"(0,4,5,6,7,11,13)",0.68324,0.88106
995,"(1,2,3,6,7,8,12)",0.67452,0.87518
996,"(0,2,3,4,12,13)",0.68334,0.88164
997,"(1,2,3,5,6,7,8,10,11,12,13)",0.67418,0.87452
998,"(0,4,5,6,8,13)",0.68218,0.88188
999,"(0,1,3,6,9,12)",0.67448,0.87516
1000,"(1,2,3,5,7,8,9,10,11,12)",0.67544,0.87456
1001,"(0,1,2,3,4,11,12,13)",0.67302,0.87512
1002,"(1,2,5,6,7,8,9,10,13)",0.6766,0.87654
1003,"(3,4,5,6,7,9)",0.68292,0.8812
1004,"(2,3,6,7,8,9)",0.68334,0.88128
1005,"(1,2,4,6,7,8,10)",0.6755,0.87548
1006,"(0,2,3,6,8,10,13)",0.68224,0.88052
1007,"(5,11,12,13)",0.68458,0.88202
1008,"(3,4,5,9,11,13)",0.68304,0.88156
1009,"(1,2,3,5,6,8,9)",0.6754,0.87664
1010,"(1,3,6,7)",0.67468,0.8761
1011,"(0,2,3,5,7,9,10,11)",0.6827,0.88056
1012,"(1,2,3,8,10,12)",0.67454,0.8747
1013,"(0,4,5,8,10,11,12)",0.68306,0.8813
1014,"(0,2,7,8,9,11,13)",0.6835,0.88158
1015,"(2,4,6,10,11,13)",0.68298,0.88074
1016,"(0,1,2,7,9,11,13)",0.67674,0.87682
1017,"(1,2,3,5,9,10,11)",0.67468,0.87574
1018,"(0,1,5,7,9,10,12,13)",0.6768,0.87534
1019,"(1,2,4,5,6,8,9,10,12)",0.6764,0.875
1020,"(1,3,4,5,7,11,13)",0.67482,0.87592
1021,"(0,1,2,5,6,9,12)",0.67654,0.87684
1022,"(4,5,7,8,9)",0.6839,0.88196
1023,"(2,3,10,12,13)",0.68218,0.88012
1024,"(0,1,4,5,8,9,10,11,13)",0.676,0.87624
1025,"(0,3,4,5,8,10,13)",0.68156,0.88144
1026,"(0,1,2,3,9)",0.67454,0.87578
1027,"(1,2,4,6,7,8,9,10,11,12)",0.67566,0.87474
1028,"(1,2,3,4,9)",0.67398,0.87516
1029,"(0,1,4,11,13)",0.67562,0.8767
1030,"(2,3,4,6,7,9,10,11,12)",0.68242,0.88014
1031,"(0,2,5,10,11,12)",0.6836,0.88126
1032,"(2,5,6,8,9,12,13)",0.68384,0.88138
1033,"(0,1,4,5,6,8,9,11,13)",0.67612,0.87662
1034,"(1,4,8,9,11)",0.67736,0.87608
1035,"(5,7,8,9,10,12)",0.68334,0.88094
1036,"(1,4,5,8,9,10,11,12,13)",0.67562,0.87548
1037,"(0,1,5,9,12,13)",0.67672,0.87696
1038,"(0,1,3,4,5,6,7,9,10,11,12,13)",0.6736,0.87414
1039,"(0,4,6,8,11)",0.6829,0.88262
1040,"(0,2,6,8,10,12)",0.6827,0.88076
1041,"(0,2,3,4,5,6,8,9)",0.68316,0.8815
1042,"(0,3,4,5,8,9)",0.68256,0.88172
1043,"(0,5,6,8,10,12,13)",0.68286,0.88138
1044,"(0,1,3,5,9,13)",0.67548,0.8761
1045,"(2,5,7,8,9,10,11,12)",0.68322,0.88054
1046,"(0,2,7,11,12)",0.68348,0.88132
1047,"(0,1,2,4,12,13)",0.67484,0.8757
1048,"(3,6,9,10,12,13)",0.68208,0.8804
1049,"(0,2,5,6,8,10,11,13)",0.68254,0.88142
1050,"(1,2,3,4,7,8,9,10)",0.67434,0.87436
1051,"(1,4,7,8,12)",0.67644,0.87564
1052,"(0,1,5,7,10,11,12,13)",0.67582,0.87556
1053,"(0,4,8,9,13)",0.68236,0.88176
1054,"(1,2,3,4,6,9,10,11,13)",0.67304,0.87384
1055,"(5,6,7,8,9,10,11,13)",0.6825,0.88124
1056,"(0,1,2,3,4,5,6,7,8,12)",0.67354,0.8751
1057,"(0,1,3,4,5,6,7,8,9,10,13)",0.67352,0.87456
1058,"(0,2,5,8,9,12)",0.6844,0.88176
1059,"(1,10,11,12,13)",0.67524,0.87622
1060,"(1,2,3,7,8,9,10,11)",0.67534,0.87464
1061,"(0,1,4,6,8,9,12,13)",0.6751,0.87574
1062,"(0,1,4,5,6,8,9,10,11)",0.67574,0.876
1063,"(0,4,7,8,12)",0.68278,0.88086
1064,"(0,4,5,6,7,10,11)",0.68286,0.88136
1065,"(0,1,4,5,6,9,10,11,12)",0.67582,0.87518
1066,"(0,1,2,4,6,7,8,9,10)",0.67604,0.87556
1067,"(0,1,3,4,5,6,8)",0.67452,0.87564
1068,"(0,1,3,4,6,7,13)",0.67336,0.8751
1069,"(0,3,4,5,7,9,11)",0.68292,0.88168
1070,"(3,8,9,13)",0.6835,0.88194
1071,"(0,4,8,10,13)",0.68276,0.88204
1072,"(0,2,5,9,12,13)",0.68336,0.88204
1073,"(1,3,5,7,8,9,13)",0.67528,0.876
1074,"(0,3,7,8,9,11,13)",0.68188,0.8812
1075,"(3,5,8,9,12,13)",0.68296,0.88094
1076,"(1,3,4,5,6,7,10)",0.6737,0.87496
1077,"(0,1,2,7,9,10,11,12)",0.67658,0.87556
1078,"(0,1,2,10,12)",0.67564,0.87574
1079,"(2,3,7,8,9,10,11,12)",0.68296,0.88008
1080,"(0,1,3,5,7,10,12,13)",0.67458,0.87456
1081,"(3,4,5,7,9,10,11,13)",0.68242,0.88038
1082,"(0,2,4,5,6,8,11,13)",0.68298,0.88154
1083,"(1,2,3,4,5,6,8)",0.6742,0.876
1084,"(2,6,8,12,13)",0.6835,0.88144
1085,"(0,1,4,8,9,11)",0.67682,0.8765
1086,"(0,2,3,5,7,13)",0.68216,0.88104
1087,"(1,3,5,6,7,8,9,10,12)",0.6754,0.87502
1088,"(0,4,6,9,10,11)",0.68258,0.88112
1089,"(0,1,2,4,5,7,10,11,13)",0.6751,0.87568
1090,"(1,3,4,5,8,13)",0.6752,0.87568
1091,"(0,6,7,8,13)",0.6822,0.88196
1092,"(0,1,2,3,5,7,8,10,11,12,13)",0.67444,0.8747
1093,"(1,2,3,4,7,10,13)",0.6732,0.8751
1094,"(1,7,9,10,13)",0.67664,0.8762
1095,"(4,5,6,8,11,12,13)",0.68304,0.8815
1096,"(1,3,7,9,10)",0.67554,0.8753
1097,"(1,2,3,6,7,9,11,12)",0.6744,0.87572
1098,"(0,1,4,9,12)",0.67682,0.87584
1099,"(1,2,4,6,7,8,9,11,13)",0.67624,0.87572
1100,"(0,4,5,7,9,10,11,12)",0.68338,0.88096
1101,"(2,3,4,6,9,10,11,13)",0.68274,0.8801
1102,"(0,1,2,3,4,5,7,8,9,12,13)",0.67404,0.87516
1103,"(0,1,2,3,5,6,7,8,10,12,13)",0.67384,0.87454
1104,"(1,3,4,6,8,11,13)",0.6743,0.87522
1105,"(0,2,3,5,7,8)",0.68248,0.8813
1106,"(0,3,4,6,7,11,13)",0.68166,0.88102
1107,"(1,6,7,8,9,11)",0.67802,0.87678
1108,"(0,1,2,4,7,9,10,12,13)",0.67542,0.87442
1109,"(0,2,3,6,7,8,11,13)",0.68294,0.88076
1110,"(0,1,2,3,4,7,8,10,11,12,13)",0.67294,0.874
1111,"(1,2,3,6,8,9,10,13)",0.67384,0.87488
1112,"(1,4,5,7,8,13)",0.6768,0.87672
1113,"(2,6,7,8,9,10,11)",0.68316,0.88178
1114,"(0,1,2,3,4,7,11,13)",0.67304,0.87542
1115,"(0,2,7,10,11,12,13)",0.68336,0.88036
1116,"(0,1,2,4,6,8,9,10,12)",0.67482,0.87506
1117,"(0,2,3,4,6,8,10,11)",0.68272,0.88092
1118,"(1,2,4,6,11,12,13)",0.67496,0.8752
1119,"(4,7,8,11,12)",0.68334,0.88158
1120,"(0,1,7,8,9,11,12)",0.6771,0.87648
1121,"(0,1,3,7,10,11,12,13)",0.67414,0.87452
1122,"(0,3,8,10,11)",0.6824,0.88132
1123,"(3,4,5,7,8,11,12,13)",0.6827,0.88056
1124,"(0,2,4,5,8,9,13)",0.6834,0.88134
1125,"(2,5,8,9,12,13)",0.68446,0.88154
1126,"(0,3,4,9,10,11,12,13)",0.68194,0.88044
1127,"(6,7,8,10,11,12,13)",0.68178,0.8806
1128,"(1,2,4,5,6,7,9,12,13)",0.6757,0.87524
1129,"(1,2,3,4,5,7,8,9)",0.6756,0.8761
1130,"(0,1,2,3,5,6,7,8,10,11,12)",0.6739,0.8746
1131,"(0,1,2,7,9,11)",0.67766,0.87634
1132,"(0,1,2,3,4,5,6,7,11,12)",0.67348,0.87492
1133,"(0,2,3,6,7,8,10,11,12)",0.68216,0.8803
1134,"(1,2,3,4,6,7,9,10,12,13)",0.6723,0.87382
1135,"(0,5,6,8,9,10,12,13)",0.68326,0.88088
1136,"(0,1,2,5,6,7,8,10,12,13)",0.67574,0.87502
1137,"(1,3,5,6,10)",0.67504,0.87588
1138,"(0,1,11,12)",0.67654,0.8772
1139,"(1,5,7,9,10,11,12,13)",0.67692,0.8749
1140,"(0,6,8,9,11,12,13)",0.68312,0.88182
1141,"(1,2,3,4,5,7,8,9,13)",0.6747,0.8758
1142,"(2,6,7,10,12)",0.68238,0.88018
1143,"(0,2,4,6,11,12,13)",0.68314,0.88102
1144,"(1,2,5,7,9,10,11,12,13)",0.6763,0.87492
1145,"(2,4,6,8,11,12,13)",0.6834,0.88128
1146,"(9,12)",0.68466,0.88232
1147,"(0,6,7,9,11,13)",0.68352,0.88182
1148,"(0,3,5,6,7,8,9,11,13)",0.68304,0.88106
1149,"(0,1,4,6,9,12,13)",0.67558,0.87552
1150,"(1,3,4,5,6,7,8,9,11,12)",0.67554,0.87496
1151,"(0,2,6,11,13)",0.6838,0.88194
1152,"(3,8,11,13)",0.68324,0.8816
1153,"(0,6,7,8,12,13)",0.6827,0.88126
1154,"(1,5,9,10,11,12,13)",0.67628,0.8755
1155,"(0,2,3,4,8,9)",0.6834,0.88124
1156,"(0,6,7,8,11,13)",0.68262,0.88172
1157,"(1,2,3,4,5,9)",0.6748,0.87596
1158,"(5,6,10,12)",0.68344,0.88084
1159,"(0,2,3,6,7,9,11,12,13)",0.68282,0.88058
1160,"(0,1,5,7,8,9,10,11,13)",0.67616,0.87612
1161,"(1,3,5,6,7,10,11,13)",0.67362,0.87544
1162,"(0,2,3,5,6,8,9,10,12)",0.68374,0.88014
1163,"(0,2,4,5,7,8,11,12,13)",0.68306,0.88112
1164,"(2,4,5,8,9,12,13)",0.68368,0.8814
1165,"(1,2,5,7,9,10,11,12)",0.67676,0.8756
1166,"(0,1,2,4,7,8,9,10,12,13)",0.67496,0.87504
1167,"(4,13)",0.68298,0.88188
1168,"(0,1,5,6,11,12,13)",0.67574,0.87672
1169,"(1,2,3,6,7,12,13)",0.67346,0.87496
1170,"(1,3,5,6,11,12,13)",0.67466,0.8757
1171,"(1,2,3,4,6,7,9,10)",0.67304,0.87428
1172,"(2,3,4,5,9,11)",0.683,0.88142
1173,"(1,2,4,5,7,8,9)",0.67776,0.87682
1174,"(1,2,4,8,12,13)",0.6754,0.87564
1175,"(1,7,8,9,11)",0.67816,0.8767
1176,"(1,6,8,10,11,13)",0.67556,0.87654
1177,"(2,6,8,9,12,13)",0.68392,0.88138
1178,"(4,6,8,10,11,13)",0.6826,0.88126
1179,"(0,1,3,4,8,9,12,13)",0.67402,0.87454
1180,"(3,5,6,9,12,13)",0.6825,0.88118
1181,"(0,1,3,4,5,6,9,12)",0.67448,0.87524
1182,"(0,1,2,6,7,8,11)",0.67684,0.87704
1183,"(7,8,11,13)",0.68294,0.88218
1184,"(0,1,2,3,6,8,9,10,12)",0.67342,0.8748
1185,"(2,5,8,10,11,12)",0.68334,0.88098
1186,"(0,4,5,8,10,11)",0.68308,0.88228
1187,"(0,1,2,5,6,8,11,12,13)",0.67642,0.87654
1188,"(0,2,7,10,12,13)",0.6826,0.88044
1189,"(0,2,3,5,7,8,10,12,13)",0.68294,0.88014
1190,"(3,4,5,6,12,13)",0.68298,0.88104
1191,"(1,2,4,9,10)",0.67614,0.87552
1192,"(2,7,10,12)",0.68224,0.88004
1193,"(1,2,3,4,5,6,8,9,13)",0.67468,0.87542
1194,"(0,1,4,12,13)",0.6759,0.87568
1195,"(2,4,5,6,7,9,11,12,13)",0.6833,0.88034
1196,"(0,1,2,6,7,9,11,13)",0.6763,0.87636
1197,"(2,3,6,7,9,10,11,12)",0.6823,0.87996
1198,"(2,3,4,9,11)",0.68414,0.881
1199,"(8,10,11,12)",0.68296,0.88148
1200,"(0,5,7,8,10,12)",0.68348,0.8811
1201,"(0,5,6,11,13)",0.68388,0.88214
1202,"(0,1,2,3,4,5,6,8,9,11,12,13)",0.67402,0.87536
1203,"(0,1,2,3,4,6,7,10,12)",0.67224,0.87412
1204,"(0,1,2,3,7,8,9,10,12)",0.6745,0.87492
1205,"(0,1,2,9,10,11,12)",0.67636,0.87574
1206,"(2,11,12,13)",0.68338,0.88174
1207,"(1,2,7,9,10)",0.67692,0.8766
1208,"(0,1,4,5,11)",0.67694,0.87708
1209,"(2,4,6,7,8,9,10,13)",0.6832,0.88086
1210,"(1,2,4,7)",0.67634,0.8761
1211,"(0,2,3,5,6,10,11,12)",0.6822,0.8807
1212,"(0,2,4,5,6,7,8,9,12)",0.683,0.88066
1213,"(0,3,4,5,6,7,9)",0.6817,0.88162
1214,"(0,1,2,8,10,11,12,13)",0.6749,0.87612
1215,"(2,5,8,10,11,12,13)",0.68312,0.88114
1216,"(0,1,2,5,8,12)",0.67722,0.87656
1217,"(0,1,2,4,6,11,13)",0.6744,0.87638
1218,"(2,4,7,8,9,11,12)",0.6835,0.8814
1219,"(1,3,4,5,9,11,13)",0.67482,0.8758
1220,"(0,1,3,4,6,7,10,13)",0.67242,0.87454
1221,"(0,3,4,5,10,11)",0.68224,0.88102
1222,"(1,2,5,6,7,9,10,11,12,13)",0.67644,0.87554
1223,"(0,2,4,5,6,7,11,12,13)",0.68298,0.88062
1224,"(4,6,9)",0.68368,0.88206
1225,"(0,1,3,6,8,9,10,11,13)",0.67414,0.87496
1226,"(0,1,2,4,7,8,9,10,13)",0.67544,0.87532
1227,"(0,1,3,6,10)",0.6738,0.87528
1228,"(0,2,3,8,10)",0.68324,0.8813
1229,"(1,3,4,6,8,12,13)",0.67368,0.87426
1230,"(1,2,4,5,6,8,13)",0.67638,0.87648
1231,"(1,4,6,8,11,13)",0.67572,0.8762
1232,"(0,2,4,7,8,9,12,13)",0.6834,0.88094
1233,"(0,1,7,8,10)",0.6764,0.87632
1234,"(0,2,4,5,6,7,9,11)",0.68352,0.88158
1235,"(0,1,4,6,7,8)",0.67644,0.876
1236,"(0,3,4,5,6,7,10,11,12,13)",0.68152,0.87968
1237,"(2,3,5,6,7,8,9,10,13)",0.68244,0.88014
1238,"(0,3,7,9,13)",0.68204,0.88192
1239,"(4,7,9,13)",0.68368,0.88142
1240,"(0,2,3,7,9,10,12,13)",0.6822,0.8797
1241,"(3,4,6,10,11,12)",0.68272,0.88028
1242,"(0,1,5,7,10,12)",0.67614,0.87646
1243,"(2,9,10,12,13)",0.68268,0.88088
1244,"(5,8,9,10,11,12,13)",0.6833,0.88112
1245,"(1,2,3,5,6,9,11,12)",0.67526,0.8753
1246,"(1,3,5,8,9,10,11,12)",0.67524,0.87542
1247,"(0,2,3,4,5,7,8,9)",0.6833,0.8813
1248,"(0,1,2,3,4,6,8,9,10,13)",0.67234,0.8744
1249,"(1,3,4,5,7,9,10,12)",0.67456,0.87454
1250,"(0,2,3,4,7,8,9,12,13)",0.68262,0.8811
1251,"(1,2,3,4,8,11,12,13)",0.67394,0.87466
1252,"(0,2,3,5,7,8,13)",0.6825,0.8816
1253,"(0,1,4,5,7,8,9,11,12)",0.6772,0.87638
1254,"(0,2,3,6,7,8,10,13)",0.68138,0.88088
1255,"(1,2,3,4,6,7,11)",0.67396,0.87514
1256,"(1,4,5,6,8,10,12)",0.67586,0.8754
1257,"(2,3,4,5,6,7,8,12,13)",0.68232,0.88052
1258,"(0,2,7,9,12)",0.68338,0.88112
1259,"(4,8,9,12,13)",0.68368,0.88146
1260,"(0,1,2,4,5,7,8,10,12)",0.67598,0.87494
1261,"(1,3,4,8,10,12,13)",0.67364,0.87404
1262,"(0,1,5,6,9,10,11)",0.67662,0.8768
1263,"(4,6,7,9,10,12)",0.6827,0.88022
1264,"(3,4,8,9,12)",0.68332,0.88132
1265,"(1,5,10,11)",0.67704,0.87684
1266,"(0,1,2,3,4,5,8,10,11)",0.6738,0.87482
1267,"(0,2,4,9,10,11,12)",0.68282,0.88092
1268,"(0,1,2,3,5,12)",0.67478,0.87586
1269,"(1,2,3,5,6,8,13)",0.6747,0.87624
1270,"(0,2,3,8,12)",0.6833,0.8813
1271,"(0,7,10,12,13)",0.68228,0.88076
1272,"(1,2,6,7,8,9,10,11)",0.67684,0.87584
1273,"(0,1,3,4,8,10,12)",0.67348,0.87466
1274,"(0,3,4,7,11)",0.68264,0.88162
1275,"(0,2,5,6,7,9,10,12,13)",0.68266,0.88022
1276,"(1,4,8,9,11,12,13)",0.67652,0.8754
1277,"(0,2,3,5,6,7,8,9,11,13)",0.68246,0.88126
1278,"(0,3,4,6,9,11,12,13)",0.68254,0.88102
1279,"(2,5,6,8,9,11,13)",0.68378,0.88188
1280,"(1,3,6,8,9,10,11,13)",0.67478,0.87484
1281,"(0,2,3,5,7,10,11,12,13)",0.68244,0.87966
1282,"(1,2,3,5,6,10,13)",0.67426,0.87516
1283,"(0,2,3,5,6,7,8,9)",0.68288,0.88112
1284,"(2,4,5,6,7,10,11,13)",0.68304,0.88042
1285,"(0,1,2,3,4,7,9,10,12)",0.67324,0.87438
1286,"(0,1,2,3,5,7,10,11,12,13)",0.67398,0.87436
1287,"(1,2,3,4,5,6,10,11)",0.67372,0.87466
1288,"(0,3,4,5,6,8,10,11,13)",0.6812,0.88028
1289,"(2,3,4,7,8,9,11,12)",0.6828,0.88018
1290,"(1,4,5,8,9,12,13)",0.67612,0.8755
1291,"(0,1,3,4,7,10,12)",0.67376,0.8745
1292,"(0,2,8,9,12)",0.68398,0.88198
1293,"(0,1,2,3,4,6,10,12)",0.672,0.87396
1294,"(3,4,5,7,9,10,11,12)",0.68238,0.8798
1295,"(6,10,12)",0.68294,0.88088
1296,"(0,2,4,5,7,9,10,12)",0.6822,0.8806
1297,"(0,1,2,3,5,6,7,9,11,13)",0.6751,0.87564
1298,"(2,4,5,8,10,12,13)",0.68298,0.88028
1299,"(1,3,5,10,11,13)",0.67516,0.87532
1300,"(0,3,4,5,7,8,9,11,12,13)",0.68278,0.88068
1301,"(0,1,3,4,7,8,11,13)",0.67396,0.87516
1302,"(1,8,11)",0.67754,0.8769
1303,"(4,6,7,12)",0.68354,0.88104
1304,"(0,6,8,9,10)",0.68364,0.8819
1305,"(0,3,6,7,8,11,12,13)",0.68276,0.88058
1306,"(0,1,8,10,11,12)",0.6756,0.87606
1307,"(0,1,2,3,6,9,11)",0.6751,0.87544
1308,"(0,1,2,3,4,5,6,9,11,12,13)",0.67362,0.8744
1309,"(1,5,6,11)",0.67762,0.87744
1310,"(1,3,5,8,10,12,13)",0.67512,0.87428
1311,"(0,2,3,4,6,8,9,11,12)",0.68326,0.88106
1312,"(0,1,2,6,7,8,9,13)",0.67642,0.87726
1313,"(0,3,4,7,8,10,13)",0.6818,0.8811
1314,"(1,2,3,4,5,6,7,11)",0.67406,0.87546
1315,"(0,3,5,9,10,11,12)",0.68236,0.88072
1316,"(1,2,4,5,7,9,12,13)",0.67654,0.87534
1317,"(0,1,4,7,11,12,13)",0.675,0.87626
1318,"(0,1,3,5,8,10,11,12)",0.6749,0.87514
1319,"(0,1,4,5,7,10,12)",0.67522,0.87554
1320,"(0,1,3,4,5,6,7,9,10)",0.67332,0.87502
1321,"(3,4,9,11,13)",0.68322,0.88116
1322,"(1,3,4,5,10,11,13)",0.67376,0.87526
1323,"(3,4,10,12)",0.6817,0.88088
1324,"(1,2,3,8,11)",0.676,0.8763
1325,"(9,10,11)",0.68328,0.88178
1326,"(0,3,4,5,6,8,9,10,12)",0.6825,0.88058
1327,"(0,1,5,6,8,9,10,12,13)",0.67588,0.87578
1328,"(6,7,8,9,10,11,13)",0.68234,0.8814
1329,"(0,2,5,7,8,9,10,11,12)",0.68276,0.88082
1330,"(0,2,4,5,9,10,12,13)",0.68274,0.8805
1331,"(1,4,6,10,11)",0.67462,0.87548
1332,"(1,2,3,4,6,8,9,10)",0.67342,0.87452
1333,"(0,1,2,4,8,9,11)",0.67696,0.87606
1334,"(1,3,5,9,10,11)",0.6756,0.8757
1335,"(0,1,2,4,8,9)",0.67634,0.87652
1336,"(2,6,8,9,10,12,13)",0.68282,0.88044
1337,"(4,6,8,9,11,12)",0.68404,0.88162
1338,"(1,3,5,6,9,10,13)",0.67466,0.87566
1339,"(0,2,5,9,10)",0.68346,0.8821
1340,"(1,5,6,7,9,10,11)",0.67712,0.87636
1341,"(2,4,6,8,10,11)",0.68304,0.88114
1342,"(2,3,5,6,8,9,10)",0.6834,0.88094
1343,"(1,2,3,7)",0.6753,0.87594
1344,"(0,1,3,5,10,12)",0.67462,0.87514
1345,"(0,1,3,6,7,9,13)",0.6743,0.87564
1346,"(3,4,6,7,10,12,13)",0.68136,0.88018
1347,"(3,5,6,7,10)",0.68214,0.8812
1348,"(0,2,9,12,13)",0.68352,0.88202
1349,"(0,2,3,7,8,9,10,11)",0.68308,0.88084
1350,"(0,2,4,9,12,13)",0.68322,0.88098
1351,"(0,1,2,3,6,7,8,9,11,12)",0.67426,0.8753
1352,"(3,4,5,8,10,11,12)",0.68256,0.88026
1353,"(0,1,2,3,6,8,12)",0.67356,0.8754
1354,"(0,1,2,4,7,8,9,10,11,13)",0.67566,0.87524
1355,"(1,3,4,8,11,12)",0.67454,0.87506
1356,"(1,5,8,9,10,11,13)",0.6766,0.87706
1357,"(1,2,4,5,6,7,8,10,11,12)",0.67586,0.87516
1358,"(0,1,3,6,7,8,9,12,13)",0.67456,0.87466
1359,"(2,3,5,7,10,11,13)",0.68208,0.88036
1360,"(0,1,4,5,6,8,11,12)",0.67612,0.87632
1361,"(3,9,10,12)",0.682,0.88124
1362,"(10,13)",0.68368,0.88162
1363,"(1,4,5,6)",0.67734,0.8767
1364,"(1,4,6,7,10,12)",0.67536,0.87512
1365,"(3,4,7,8,12,13)",0.68266,0.88084
1366,"(2,3,4,5,6,7,9,10,13)",0.6824,0.87976
1367,"(2,5,7,10,11)",0.6834,0.88128
1368,"(0,4,10,11,12)",0.6823,0.88168
1369,"(1,2,4,5,7,12,13)",0.67534,0.87518
1370,"(0,2,3,4,6,8,9,10,11)",0.6829,0.88118
1371,"(0,2,3,4,5,6,7,9,13)",0.68168,0.88046
1372,"(3,4,8,9,10,11,12,13)",0.68216,0.88006
1373,"(0,3,5,10,11,13)",0.6815,0.88108
1374,"(0,1,2,7,9,10)",0.67656,0.87638
1375,"(2,3,7,8,9,12)",0.6836,0.8809
1376,"(0,1,2,4,7,8,11,12)",0.67662,0.87624
1377,"(0,4,5,6,7,9,10,13)",0.68244,0.88102
1378,"(0,3,4,7,12,13)",0.68248,0.88106
1379,"(4,11,12)",0.68436,0.88182
1380,"(0,2,6,8,10,12,13)",0.68252,0.8808
1381,"(0,2,3,9,10,13)",0.68288,0.88104
1382,"(0,2,3,4,8,10,11,13)",0.68244,0.8808
1383,"(2,4,5,7,8,9,11,13)",0.68346,0.88144
1384,"(2,3,6,7,8,9,12,13)",0.68276,0.88104
1385,"(0,2,5,10,11,12,13)",0.6838,0.8807
1386,"(0,5,7,8,9)",0.68356,0.88232
1387,"(1,2,3,5,6,7,8,9,10)",0.6744,0.87548
1388,"(0,3,4,7,8,12,13)",0.68252,0.88106
1389,"(1,2,4,5,9,10,13)",0.6759,0.8761
1390,"(0,2,3,5,8,10,11,12,13)",0.68248,0.88058
1391,"(1,2,4,5,8,9,12)",0.67714,0.87606
1392,"(1,3,5,7,8,10,11)",0.6752,0.87552
1393,"(1,4,5,6,7,8,9,10)",0.67606,0.87584
1394,"(0,3,9,12)",0.6827,0.88212
1395,"(0,2,4,8,11)",0.6837,0.88228
1396,"(2,4,11)",0.6838,0.88164
1397,"(0,1,3,4,5,6,9,10,12,13)",0.67378,0.87416
1398,"(0,3,6,13)",0.68184,0.88156
1399,"(1,4,5,7,10,11,13)",0.67554,0.87622
1400,"(0,1,2,4,6,7,8,11,13)",0.67572,0.8759
1401,"(0,1,3,7,10,11)",0.67408,0.8754
1402,"(0,1,8,9,10,11,13)",0.67566,0.87606
1403,"(0,1,3,5,6,7,9,12,13)",0.67462,0.87514
1404,"(0,3,4,7,9,11)",0.68304,0.88164
1405,"(0,1,2,6,8,9,12,13)",0.67552,0.87654
1406,"(1,2,4,5,6,7,10,12,13)",0.675,0.87474
1407,"(1,2,3,5,7,8,9,11,13)",0.67534,0.87568
1408,"(0,1,2,4,5,6,7,9,12,13)",0.675,0.87552
1409,"(1,4,5,7,8,9,10,11)",0.6762,0.87624
1410,"(0,1,2,12)",0.67634,0.87698
1411,"(0,1,4,6,11,12)",0.67528,0.87628
1412,"(0,2,6,7,8)",0.6837,0.88114
1413,"(0,2,4,7,8,10,13)",0.68266,0.88076
1414,"(4,10,13)",0.68292,0.88144
1415,"(5,6,8,9,13)",0.6838,0.88196
1416,"(0,1,3,4,6,7,9,10,13)",0.67312,0.87434
1417,"(0,2,4,5,8,10,11,12)",0.68274,0.88028
1418,"(0,1,4,5,6,10)",0.67564,0.8761
1419,"(1,6,7,8,9,12)",0.67742,0.87572
1420,"(1,9,11)",0.6783,0.8769
1421,"(0,1,2,4,9,11,13)",0.67554,0.87628
1422,"(3,4,5,7,11,12)",0.68298,0.8811
1423,"(0,1,3,5,7,10,11)",0.67432,0.87572
1424,"(0,1,2,4,6,8,12)",0.67496,0.87596
1425,"(0,3,5,10,11,12)",0.6822,0.881
1426,"(2,3,7,8,9,10,12,13)",0.68262,0.87986
1427,"(4,5,7,9,10,12,13)",0.68244,0.87976
1428,"(3,4,5,6,8,10,13)",0.6815,0.88064
1429,"(2,4,9,10,11,12,13)",0.68316,0.88042
1430,"(0,1,3,4,5,6,11,12)",0.67388,0.87524
1431,"(1,3,5,7,9,11,13)",0.67564,0.87576
1432,"(1,2,6,9,10,11,12,13)",0.67544,0.87522
1433,"(0,11,12,13)",0.68396,0.88156
1434,"(0,1,2,3,5,8,9)",0.67566,0.8766
1435,"(1,4,7,12,13)",0.67556,0.87542
1436,"(0,1,2,4,7,11,12,13)",0.6758,0.87578
1437,"(0,2,3,4,5,6,10,11,13)",0.68144,0.88006
1438,"(1,3,6,7,11,12)",0.67412,0.87558
1439,"(0,3,6,9,11,12,13)",0.68218,0.8812
1440,"(0,1,2,5,6,8,9,10,11)",0.6772,0.87622
1441,"(0,2,3,4,7,8,9,10,12)",0.68242,0.8804
1442,"(0,1,2,6,7,10,11)",0.67606,0.87574
1443,"(0,3,4,5,6,7,8,9,10,11,13)",0.68102,0.88054
1444,"(1,3,4,5,7,10,11,13)",0.6737,0.8749
1445,"(1,2,3,4,5,6,7,8,12,13)",0.6743,0.87496
1446,"(1,2,3,7,9,12)",0.67506,0.87492
1447,"(0,2,3,4,5,6,9,10,11,13)",0.68168,0.88058
1448,"(0,3,6,9,10)",0.68238,0.88156
1449,"(0,3,6,7,11,12,13)",0.68234,0.88066
1450,"(3,4,7,9,11,13)",0.68314,0.88112
1451,"(1,7,8,11,12)",0.6771,0.87676
1452,"(2,3,4,5,8,10,11)",0.6827,0.88094
1453,"(0,1,2,4,5,7,8,11,12,13)",0.67618,0.87646
1454,"(1,2,3,5,7,9,11,12)",0.6756,0.876
1455,"(1,9,10)",0.6775,0.87636
1456,"(0,3,4,8,9,10,11,12)",0.68242,0.8805
1457,"(5,7,8,9,11,12,13)",0.68354,0.88136
1458,"(1,2,3,4,9,10,12,13)",0.67318,0.87364
1459,"(0,1,3,4,5,7,10,12,13)",0.67408,0.8747
1460,"(0,1,2,4,7,11,12)",0.67612,0.87638
1461,"(4,5,6,9)",0.68366,0.88196
1462,"(1,3,8,11)",0.67616,0.87654
1463,"(1,3,5,6,7,12)",0.67482,0.87546
1464,"(1,5,8,9,11,13)",0.67706,0.87708
1465,"(1,2,3,4,6,11,12,13)",0.67346,0.87442
1466,"(0,1,3,6,7,8,9,10,11,12)",0.67396,0.87414
1467,"(0,1,2,3,4,5,6,13)",0.67354,0.87518
1468,"(0,3,4,6,7,12,13)",0.6824,0.88066
1469,"(0,2,7,8,10,13)",0.68294,0.8811
1470,"(1,3,4,5)",0.67558,0.87594
1471,"(6,8)",0.68342,0.88248
1472,"(0,1,2,3,6,8,11,12,13)",0.67382,0.8752
1473,"(1,4,7,10,11,12)",0.67482,0.87508
1474,"(0,5,6,8,9,11,12,13)",0.6838,0.88156
1475,"(6,9,10,11)",0.6834,0.88156
1476,"(0,2,8,12,13)",0.68372,0.8814
1477,"(0,3,4,5,6,8,9,10,11,12,13)",0.68196,0.8799
1478,"(0,1,3,6,8,9,10,12,13)",0.67346,0.8742
1479,"(0,1,2,3,4,6,7,8,9,10,11,13)",0.67338,0.87374
1480,"(1,2,3,7,8,9,12,13)",0.67522,0.875
1481,"(0,1,2,3,5,6,8,11,12,13)",0.67416,0.87554
1482,"(0,2,7,8,9,10,13)",0.68262,0.8812
1483,"(6,7,9,11,12)",0.68372,0.88158
1484,"(1,6,8,9,10)",0.67748,0.87662
1485,"(3,4,8,9,11,13)",0.6833,0.8821
1486,"(0,1,2,10,13)",0.67544,0.87612
1487,"(1,5,7,8,9,10,12)",0.67708,0.87608
1488,"(0,2,3,5,6,7,11,12)",0.68264,0.88102
1489,"(1,4,9,13)",0.67668,0.8758
1490,"(0,1,2,3,4,5,6,8,11,12)",0.67388,0.8755
1491,"(0,2,4,6,7,8,10)",0.68216,0.8806
1492,"(0,5,6,8,10,11,12,13)",0.68292,0.88054
1493,"(0,5,6,7,10,12,13)",0.68272,0.88048
1494,"(0,1,2,4,7,9,11)",0.6761,0.87624
1495,"(0,1,2,4,5,8,9,10)",0.67598,0.87612
1496,"(4,5,8,9,10,11,13)",0.68322,0.88162
1497,"(1,2,5,6,7,8,9,10,11,13)",0.6764,0.87602
1498,"(0,1,2,3,7,10,11,12)",0.67392,0.87446
1499,"(2,3,4,5,6,7,8,12)",0.68254,0.88102
1500,"(0,1,4,8,10,11,12,13)",0.67454,0.87538
1501,"(1,4,6,8,9,11,12)",0.6765,0.87536
1502,"(0,1,2,3,4,5,6,9,10,13)",0.67328,0.87438
1503,"(0,1,3,6,7,10,11,13)",0.67368,0.8747
1504,"(2,4,5,6,7,10,13)",0.68346,0.88012
1505,"(2,3,5,8,11,12,13)",0.68296,0.88058
1506,"(1,4,5,7,8,9,11,13)",0.67736,0.87642
1507,"(1,3,9,13)",0.6753,0.87568
1508,"(3,4,5,6,7,9,10,11,12)",0.68202,0.87972
1509,"(2,3,6,8,9,10)",0.68274,0.88098
1510,"(1,2,3,6,7,11,12)",0.67448,0.87564
1511,"(2,5,7,8,10,11)",0.6829,0.88158
1512,"(2,3,6,9,10,11,12,13)",0.68174,0.88004
1513,"(2,3,4,7,13)",0.68242,0.88138
1514,"(1,2,4,5,6,7,8,10)",0.67604,0.87622
1515,"(0,2,3,4,6,8,12,13)",0.68266,0.88126
1516,"(0,5,6,8,9,10)",0.68404,0.882
1517,"(1,2,5,8,10,13)",0.67652,0.87662
1518,"(2,3,5,6,11,12,13)",0.6828,0.88104
1519,"(0,1,5,7,8,9,11,12)",0.67732,0.87664
1520,"(0,1,2,3,5,9,13)",0.67456,0.876
1521,"(0,1,2,3,4,5,9,10)",0.67388,0.87544
1522,"(1,2,5,7,12,13)",0.67618,0.87604
1523,"(3,5,6,7,9,10)",0.68204,0.8809
1524,"(0,1,2,3,4,7,9,10,11,12)",0.67378,0.87414
1525,"(0,4,5,6,8,11,12,13)",0.68252,0.8814
1526,"(0,2,3,4,5,6,8,11,13)",0.68224,0.88082
1527,"(1,2,6,7)",0.67664,0.87618
1528,"(1,4,5,8,9,10,11)",0.67632,0.87658
1529,"(0,1,2,3,4,9,10)",0.67308,0.87492
1530,"(2,4,5,7,8,11,13)",0.6829,0.88142
1531,"(0,1,3,6,8,11,12)",0.6743,0.87536
1532,"(1,5,6,7,9,13)",0.67732,0.87706
1533,"(1,2,3,4,5,6,7,10,12,13)",0.67296,0.87384
1534,"(6,7,8,9,12)",0.68354,0.88166
1535,"(1,3,6,7,8,9,11)",0.67614,0.87548
1536,"(0,3,4,5,9,10)",0.68216,0.88106
1537,"(2,6,7,9)",0.68382,0.88182
1538,"(0,1,4,6,7,8,11,12)",0.67526,0.87622
1539,"(2,5,8,9,10)",0.68352,0.882
1540,"(0,1,7)",0.6769,0.87694
1541,"(1,5,6,8,9,10,11,12,13)",0.676,0.87592
1542,"(1,3,7,12)",0.6752,0.8749
1543,"(2,6,12,13)",0.68386,0.88138
1544,"(0,2,3,6,7,8,10,12)",0.68208,0.8803
1545,"(1,4,5,7,8,12,13)",0.67582,0.87606
1546,"(0,1,3,4,5,6,7,9,11)",0.67488,0.87528
1547,"(0,2,10,11,12,13)",0.6836,0.88054
1548,"(3,6,7,9,11,12,13)",0.68306,0.88094
1549,"(1,2,3,5,8,11)",0.67588,0.87642
1550,"(2,3,4,6,7,8,10)",0.68204,0.88064
1551,"(0,1,10,11,12,13)",0.67488,0.87626
1552,"(0,1,2,3,4,9,11)",0.67454,0.87498
1553,"(0,4,5,6,7,9,10)",0.68318,0.88158
1554,"(4,6,9,11,13)",0.68318,0.88168
1555,"(1,2,3,4,5,7,8,10,11)",0.67362,0.87458
1556,"(1,2,3,5,6,7,8,10,13)",0.67448,0.87532
1557,"(4,5,7,9,10,11)",0.68344,0.88128
1558,"(0,3,6,7,8)",0.6825,0.8817
1559,"(1,2,4,8,9,10)",0.6769,0.87582
1560,"(0,3,5,8,10,12,13)",0.68216,0.88048
1561,"(1,4,8,10,13)",0.67476,0.87546
1562,"(0,1,2,5,6,7,9,10,13)",0.67642,0.87632
1563,"(1,2,3,4,5,6,9,10)",0.67332,0.87496
1564,"(0,4,6,7,10,12,13)",0.68182,0.88034
1565,"(0,1,2,3,5,10,13)",0.67474,0.87554
1566,"(0,3,10,12)",0.68208,0.88078
1567,"(1,7,9,10,12)",0.6767,0.8756
1568,"(1,2,4,5,8,9)",0.67738,0.87716
1569,"(0,1,5,6,7,9,11,12,13)",0.6767,0.87664
1570,"(2,3,4,6,7,9,11,12)",0.6823,0.88044
1571,"(3,4,5,7,8,10,12)",0.68218,0.88014
1572,"(1,6,13)",0.6772,0.87642
1573,"(1,2,3,5,6,11,13)",0.6747,0.87592
1574,"(1,5,6,7,8,12,13)",0.67658,0.87636
1575,"(0,1,2,9,10,11,13)",0.67622,0.87574
1576,"(5,7,8,9,11,13)",0.6829,0.8822
1577,"(0,3,7)",0.6821,0.8821
1578,"(0,2,3,10,11,12,13)",0.68278,0.88072
1579,"(1,8,11,12,13)",0.67654,0.87608
1580,"(2,4,7,9)",0.6838,0.8813
1581,"(0,1,2,4,5,6,9,10,11,12,13)",0.67472,0.87456
1582,"(2,4,5,8,10)",0.68306,0.88176
1583,"(4,8,9,11,12)",0.68384,0.88144
1584,"(1,3,7,12,13)",0.6747,0.87466
1585,"(0,2,5,7,8,11,12,13)",0.68376,0.88098
1586,"(2,6,7,9,10,11,12,13)",0.68276,0.88012
1587,"(2,4,9,10)",0.68372,0.88102
1588,"(5,7,9,11,13)",0.68364,0.88218
1589,"(0,2,3,6,8,9,10,11)",0.6831,0.88108
1590,"(1,2,5,10,13)",0.67606,0.87654
1591,"(1,2,3,6,7,8,10,12,13)",0.67342,0.87408
1592,"(8,9,10,11)",0.68392,0.8822
1593,"(0,1,2,3,5,7,8,10,11,12)",0.67456,0.87448
1594,"(0,4,5,10,11,12,13)",0.68246,0.88116
1595,"(4,5,6,7,9,10,13)",0.68284,0.88048
1596,"(0,1,4,6,7,8,10,12,13)",0.67442,0.87486
1597,"(0,2,3,6,8,9,11)",0.6839,0.88182
1598,"(0,2,3,7,10,12)",0.68222,0.88028
1599,"(1,4,5,6,8,10,11,13)",0.67452,0.87626
1600,"(3,4,5,6,7,8,9,10,11,13)",0.68172,0.88038
1601,"(2,3,4,6,7,9,11,12,13)",0.68194,0.88058
1602,"(3,4,6,7,9,11)",0.68246,0.88136
1603,"(0,1,2,3,4,7,9,10,11,12,13)",0.67338,0.8742
1604,"(2,4,5,6,7,8,10,13)",0.68294,0.88068
1605,"(0,1,4,6,8,11,12)",0.6758,0.87624
1606,"(0,1,3,5,6,7,8,10,11,12)",0.67426,0.87442
1607,"(0,2,4,6,9,11,12,13)",0.6834,0.88092
1608,"(0,2,4,5,7,8,10,13)",0.68228,0.88088
1609,"(1,3,4,7,8,10,11)",0.67314,0.87452
1610,"(1,3,4,6,8,10,12,13)",0.67268,0.87404
1611,"(1,2,4,6,7,10,11,12,13)",0.67464,0.87492
1612,"(1,4,6,7,8,11,13)",0.67592,0.87572
1613,"(0,1,2,4,7,8,10,11,12)",0.67538,0.87552
1614,"(0,2,4,6,7,8,10,12,13)",0.68206,0.87934
1615,"(0,1,3,5,6,7,8,9,11,13)",0.675,0.8756
1616,"(0,2,4,6,7,9,10,11,13)",0.68292,0.87998
1617,"(1,2,3,6,7,9)",0.67462,0.87574
1618,"(0,2,6,9,11,12)",0.68362,0.88164
1619,"(0,1,3,5,7,8,12,13)",0.67594,0.8754
1620,"(0,3,7,9,10,13)",0.68166,0.88112
1621,"(0,6,7,10,12)",0.6822,0.88086
1622,"(1,2,5,6,7,8,11)",0.67798,0.87654
1623,"(1,2,3,5,7,11,12,13)",0.6748,0.87578
1624,"(2,6,8,10,13)",0.68328,0.8809
1625,"(1,7,8,9,12)",0.67742,0.87596
1626,"(0,2,3,7,9,10,11,13)",0.68226,0.88038
1627,"(0,4,5,6,8,12)",0.68312,0.88176
1628,"(5,7,8,9,10,11,12)",0.68312,0.88098
1629,"(1,2,3,5,6,7,9,10)",0.67424,0.8755
1630,"(0,3,4,7,11,12)",0.68302,0.881
1631,"(0,4,6,7,8,9)",0.68316,0.88188
1632,"(0,1,3,4,7,9,10,11,13)",0.67316,0.87446
1633,"(1,2,3,6,7,8,10,11)",0.674,0.87482
1634,"(0,1,5,9,10,12)",0.677,0.87604
1635,"(1,2,3,5,6,8,10,12)",0.67458,0.87484
1636,"(0,1,2,5,6,7,8,10,11,12)",0.67574,0.87576
1637,"(2,3,10,11,12)",0.6827,0.8806
1638,"(2,6,7,9,11,12)",0.68348,0.88138
1639,"(0,2,3,4,6,7,8,9,11,13)",0.68224,0.88056
1640,"(2,3,4,6,8)",0.683,0.88134
1641,"(1,3,6,10,11,12)",0.67392,0.87498
1642,"(0,3,6,8,9,10,12,13)",0.6825,0.8804
1643,"(2,6,10,13)",0.68306,0.88128
1644,"(7,11)",0.68366,0.88244
1645,"(0,1,2,3,4,6,8,10,12)",0.67206,0.87434
1646,"(1,4,5,6,7,9,11,12,13)",0.67566,0.87568
1647,"(5,6,11,12)",0.68496,0.8826
1648,"(0,3,4,5,9,10,12,13)",0.68132,0.88006
1649,"(0,1,2,5,6,7,10,11,12,13)",0.67508,0.87556
1650,"(1,3,4,7,8,13)",0.67504,0.87508
1651,"(0,1,2,4,5,6,7,8,11,12)",0.67634,0.87596
1652,"(0,1,2,4,5,6,10)",0.67592,0.87594
1653,"(3,5,8,9,12)",0.68334,0.88134
1654,"(0,3,4,5,6,7,13)",0.68176,0.88144
1655,"(0,2,3,6,7,9,12)",0.6822,0.88096
1656,"(0,2,7,9,10,12)",0.68296,0.88026
1657,"(0,2,7,9,10,13)",0.6829,0.88102
1658,"(0,1,2,4,6,8,9,10,13)",0.6745,0.87588
1659,"(5,7,8)",0.68296,0.88208
1660,"(2,4,7,12)",0.6837,0.88112
1661,"(0,2,4,5,6,7,8,9,10,11,12)",0.6821,0.8803
1662,"(1,2,3,7,8)",0.67538,0.87606
1663,"(2,3,8,12,13)",0.68296,0.88158
1664,"(0,1,2,5,6,8,11)",0.67768,0.87694
1665,"(0,1,3,5,6,7,10)",0.6749,0.8757
1666,"(0,4,5,12,13)",0.68304,0.88124
1667,"(1,4,7,9,10,11,13)",0.67564,0.87538
1668,"(3,5,6,7,8,12)",0.68262,0.88106
1669,"(1,2,3,4,5,7,9,10,11,12,13)",0.67332,0.8741
1670,"(0,2,5,8,9)",0.68402,0.88218
1671,"(0,6,9,10,11,12,13)",0.68302,0.8805
1672,"(0,3,4,7,12)",0.68232,0.88124
1673,"(1,2,6,7,10,11,12,13)",0.67564,0.8754
1674,"(2,4,5,8,9,13)",0.6832,0.8813
1675,"(0,4,8,11,12,13)",0.68296,0.8818
1676,"(0,2,3,4,5,6,9,10)",0.68234,0.88064
1677,"(0,1,4,5,6,8,12,13)",0.67614,0.87564
1678,"(4,5,6,7,9,11,13)",0.68346,0.88132
1679,"(0,2,3,5,7,9,13)",0.6829,0.88172
1680,"(1,2,3,5,6,11,12)",0.67502,0.87576
1681,"(1,3,8,11,12)",0.6753,0.87556
1682,"(3,4,5,6,8,9,10,12)",0.68274,0.88022
1683,"(0,1,2,4,6,8,13)",0.67524,0.87564
1684,"(0,1,2,3,4,6,9,10,11,12)",0.67304,0.87378
1685,"(0,7,9,10,11,13)",0.68368,0.88152
1686,"(1,3,5,7,9,12)",0.67536,0.8754
1687,"(2,5,7,8)",0.68354,0.88224
1688,"(0,1,5,8,9,10,12)",0.67694,0.87606
1689,"(2,5,8)",0.68408,0.88258
1690,"(0,1,3,4,5,6,8,9,11)",0.67534,0.87556
1691,"(0,4,6,7,8,9,10,12,13)",0.68198,0.88056
1692,"(0,1,5,6,7,8,10,12,13)",0.67634,0.87564
1693,"(5,6,9,11)",0.68516,0.88276
1694,"(0,1,2,3,4,5,9,12,13)",0.67376,0.875
1695,"(2,4,5,6,8,12)",0.68402,0.88142
1696,"(0,1,4,7,8,9,11,12,13)",0.67554,0.87528
1697,"(0,1,2,3,4,6,7,10)",0.67218,0.87496
1698,"(2,5,9,12)",0.6839,0.8816
1699,"(2,3,4,5,6,10,12)",0.68222,0.88
1700,"(0,1,2,6,7,8,12)",0.6761,0.87632
1701,"(2,3,5,7,8,10,11,13)",0.68182,0.88
1702,"(0,2,6,8,10,11,12)",0.68336,0.88092
1703,"(1,3,7,11,12,13)",0.67434,0.87518
1704,"(1,2,4,5,10,12)",0.67612,0.87544
1705,"(0,1,5,6,7,9,10,11)",0.67618,0.87674
1706,"(0,2,5,6,8,10)",0.68346,0.8819
1707,"(0,2,7,9,11,12,13)",0.68296,0.88116
1708,"(3,4,5,7,8,10,11)",0.68206,0.88068
1709,"(4,5,7,12)",0.68378,0.88102
1710,"(0,3,7,12)",0.68212,0.8817
1711,"(1,5,6,7,10,11,13)",0.6758,0.87614
1712,"(1,2,4,5,6,12)",0.67648,0.87598
1713,"(3,5,6,9,10,12,13)",0.68166,0.88026
1714,"(0,2,8,10,11,13)",0.68332,0.88118
1715,"(0,1,2,3,4,5,7,10,11,12,13)",0.67322,0.87474
1716,"(2,5,7,9,10,12)",0.68344,0.88032
1717,"(2,6,9,13)",0.6841,0.88192
1718,"(1,4,5,7,9,11)",0.6775,0.87666
1719,"(3,7,12,13)",0.68176,0.88116
1720,"(0,3,8,10,12)",0.68266,0.8806
1721,"(1,2,3,4,5,9,12)",0.67446,0.8748
1722,"(0,1,2,3,6,7,8,9,11,13)",0.67466,0.8755
1723,"(1,9,12,13)",0.67662,0.87586
1724,"(1,3,4,5,6,7,8,13)",0.67436,0.87542
1725,"(0,3,7,8,9,10,12)",0.68194,0.88072
1726,"(0,1,2,4,6,9,11)",0.67542,0.8759
1727,"(0,3,4,5,6,8,9,12,13)",0.68278,0.8809
1728,"(2,5,6,8,9,10,12)",0.6836,0.88078
1729,"(0,2,3,4,5,7,8,9,10,11)",0.68292,0.88084
1730,"(0,1,5,6,7,9,13)",0.67728,0.87724
1731,"(1,2,3,4,5,8,9,10,11,12,13)",0.6748,0.8741
1732,"(2,3,7,12)",0.68284,0.88118
1733,"(0,1,2,3,5,6,10,11,12)",0.6734,0.8749
1734,"(1,8,9,10,11)",0.67678,0.87676
1735,"(0,2,3,4,5,9,12)",0.68304,0.88134
1736,"(0,1,4,5,9,10)",0.6755,0.8765
1737,"(0,6,8,9,10,12,13)",0.68252,0.88086
1738,"(0,1,9,10,11)",0.6764,0.87636
1739,"(1,2,7,12,13)",0.67592,0.87628
1740,"(0,1,2,4,5,6,10,11,12,13)",0.67484,0.87524
1741,"(0,2,3,4,6,9,12,13)",0.68236,0.88164
1742,"(3,4,11,12)",0.68346,0.88138
1743,"(0,1,2,4,5,6,7,9,11,12)",0.67568,0.87586
1744,"(0,3,4,5,6,7,8,10,12)",0.68156,0.88058
1745,"(1,6,8,11,12)",0.67714,0.87658
1746,"(0,1,2,4,5,6,9,11,12)",0.6763,0.87606
1747,"(1,2,4,7,9,12,13)",0.67586,0.87572
1748,"(0,1,2,3,4,5,6,7,8,10,12,13)",0.6733,0.87448
1749,"(2,4,5,6,7,8,11,13)",0.68304,0.88094
1750,"(0,1,3,4,5,10,11,12,13)",0.67422,0.87444
1751,"(0,1,2,3,4,6,9,10,11,13)",0.67248,0.87422
1752,"(2,5,6,7)",0.6841,0.88192
1753,"(0,1,2,5,7,12)",0.67682,0.8767
1754,"(2,6,7,9,10,12,13)",0.68254,0.88018
1755,"(0,1,2,4,8,9,10,12)",0.67558,0.8753
1756,"(2,3,5,7,8,9,10,11,12)",0.68326,0.88008
1757,"(0,3,6)",0.68264,0.88248
1758,"(4,9,10,11,12,13)",0.68252,0.88136
1759,"(5,7,8,10,11)",0.68324,0.88204
1760,"(2,3,4,5,6,9,11,13)",0.68252,0.88066
1761,"(1,3,5,6,8,9,10,11,12)",0.67462,0.87484
1762,"(1,5,8,9,11,12,13)",0.67696,0.87636
1763,"(0,1,2,3,5,6,7,10,11)",0.67398,0.87518
1764,"(0,5,8,10,11,12)",0.68372,0.88132
1765,"(1,2,5,9,11,12)",0.67732,0.87674
1766,"(0,4,8,10,11,13)",0.68192,0.88168
1767,"(3,4,5,9,10,12,13)",0.6822,0.88072
1768,"(2,3,4,5,8,9,11)",0.68314,0.88144
1769,"(2,4,5,6,7,9,11)",0.68324,0.88172
1770,"(2,3,4,6,9,11,12,13)",0.68284,0.88048
1771,"(0,1,5,6,7,8,9,11,12,13)",0.67624,0.87612
1772,"(0,3,4,5,6,8,10,11,12,13)",0.68176,0.87986
1773,"(1,3,4,5,6,10,11,12)",0.67392,0.8745
1774,"(1,3,7,8,13)",0.6748,0.87638
1775,"(2,5,9,11,12)",0.6846,0.88204
1776,"(0,3,5,6,7,9,10,11,12)",0.68196,0.88046
1777,"(0,1,3,4,6,8,10,12,13)",0.67238,0.87394
1778,"(0,4,6,7,8,10,12,13)",0.6818,0.88008
1779,"(0,1,3,4,5,6,7)",0.67442,0.8759
1780,"(3,4,5,6,9,10,11,13)",0.68182,0.87992
1781,"(3,9,10,12,13)",0.68238,0.88062
1782,"(4,7,8,10,11,13)",0.68268,0.88094
1783,"(0,1,4,7,10,11,12)",0.67522,0.87536
1784,"(1,3,5,6,13)",0.67564,0.87604
1785,"(0,1,3,5,7,8,13)",0.67538,0.87668
1786,"(3,6,7,9,10,11,13)",0.68196,0.88062
1787,"(0,2,4,6,9,10,12,13)",0.68256,0.8801
1788,"(2,4,5,8,11,13)",0.68348,0.88196
1789,"(4,6,8,12,13)",0.68318,0.88156
1790,"(0,2,6,7,8,12,13)",0.6832,0.8808
1791,"(0,1,2,6,8,9,11,12,13)",0.67682,0.87656
1792,"(2,4,6,8)",0.68338,0.88226
1793,"(0,1,3,5,6,8,10)",0.67534,0.87584
1794,"(1,6,7,8,11,13)",0.67696,0.87698
1795,"(0,1,6,8,9,10,12,13)",0.67528,0.87548
1796,"(1,2,3,4,5,6,10,11,12,13)",0.6734,0.87408
1797,"(0,1,4,5,12)",0.67678,0.87632
1798,"(1,2,4,5,6,9,10)",0.67572,0.87582
1799,"(1,2,3,5,9,11,13)",0.67542,0.87586
1800,"(0,1,7,9,11,13)",0.67658,0.8768
1801,"(1,5,6,7,8,9)",0.67788,0.87702
1802,"(1,2,3,7,9,10,11,12,13)",0.6737,0.87404
1803,"(2,3,5,9,10,11,12)",0.68266,0.88036
1804,"(0,3,8,12)",0.68266,0.88168
1805,"(1,2,4,5,6,7,10,11)",0.6757,0.87574
1806,"(2,3,6,8,10,11)",0.68256,0.88078
1807,"(5,7,9,10,12)",0.68296,0.88092
1808,"(1,3,4,5,6,7,9,10,11,12)",0.67492,0.87418
1809,"(1,3,4,5,9)",0.67606,0.87578
1810,"(1,2,4,6,10)",0.67506,0.8755
1811,"(1,2,3,6,9)",0.67476,0.876
1812,"(0,1,2,3,5,7,8,9,11,13)",0.67524,0.87612
1813,"(0,2,3,4,5,7,8,9,10,11,12)",0.68288,0.8802
1814,"(0,1,2,3,11)",0.67538,0.87552
1815,"(0,1,6,7,12)",0.67616,0.87682
1816,"(1,2,3,6,10)",0.67394,0.8754
1817,"(2,3,4,5,6,9,10,12)",0.68228,0.8803
1818,"(2,3,4,6,7,8,9,11,13)",0.6827,0.88104
1819,"(0,1,2,3,5,6,7,10,13)",0.67418,0.87552
1820,"(0,1,2,3,13)",0.6744,0.87596
1821,"(1,3,4,6,9,11,12)",0.67422,0.87492
1822,"(2,4,5,7,8,9,11)",0.6842,0.88202
1823,"(2,3,4,7,8,9,13)",0.68312,0.88118
1824,"(2,3,6,9,12)",0.68272,0.88128
1825,"(1,2,3,4,5,6,8,12,13)",0.67414,0.87496
1826,"(2,4,6,7,9,10,13)",0.6825,0.88062
1827,"(0,1,2,3,4,5,6,10,11)",0.67314,0.87474
1828,"(9,10,11,12)",0.6831,0.8817
1829,"(0,2,3,4,6,10,13)",0.6817,0.88062
1830,"(0,1,2,3,6,7,8,11,12)",0.6743,0.87532
1831,"(0,3,4,5,8,9,10,11,12,13)",0.6822,0.8802
1832,"(0,1,3,4,5,10,11,12)",0.6741,0.87436
1833,"(0,3,4,7,8)",0.6824,0.88176
1834,"(2,4,5,7,8,9,10,12,13)",0.68372,0.88002
1835,"(1,2,4,7,9,10)",0.67576,0.87576
1836,"(0,2,3,4,8,11)",0.68364,0.8816
1837,"(0,3,4,6,7,10,13)",0.6814,0.8806
1838,"(1,4,6,9,10,11,12)",0.67582,0.87454
1839,"(0,6,7,9,12)",0.68326,0.88146
1840,"(0,4,5,7,8,9,10,11)",0.683,0.88198
1841,"(0,1,2,3,4,6,7,8,9,10,12,13)",0.67276,0.87374
1842,"(0,1,4,6,7,9,13)",0.6754,0.87626
1843,"(1,2,4,7,11,12)",0.67642,0.87584
1844,"(0,5,6,11,12)",0.68408,0.88204
1845,"(0,2,3,4,9,11,12)",0.68314,0.8812
1846,"(3,7,9,10,11,12,13)",0.68194,0.87992
1847,"(0,5,6,7,8,10,11,12,13)",0.68214,0.88044
1848,"(1,3,4,7,8,9,11,12,13)",0.675,0.8746
1849,"(1,6,7,9,10,12,13)",0.67562,0.87518
1850,"(2,6,8,9,11,13)",0.6837,0.88188
1851,"(0,1,10,11,13)",0.67494,0.87652
1852,"(0,3,7,9,11,13)",0.68168,0.88154
1853,"(0,1,3,4,6,7,8,9,12)",0.67412,0.87494
1854,"(0,2,3,7,8,9,11,13)",0.6832,0.88148
1855,"(5,6,7,8,10,11,13)",0.68258,0.88126
1856,"(0,2,4,6,7,9,10,13)",0.6824,0.87952
1857,"(0,1,2,4,5,6,8,11)",0.6768,0.87684
1858,"(0,1,2,7,9,11,12,13)",0.67646,0.87658
1859,"(1,2,9,10)",0.67708,0.87624
1860,"(1,2,4,7,8,9,10,11,12)",0.67602,0.87502
1861,"(1,5,6,7,8,9,10,12,13)",0.67662,0.87556
1862,"(7,)",0.68342,0.88224
1863,"(0,1,3,4,5,11)",0.6749,0.87612
1864,"(0,1,2,3,4,5,7,8,9,13)",0.67476,0.87588
1865,"(3,6,8,9,12)",0.68296,0.88154
1866,"(0,1,2,5,9,10,12,13)",0.6761,0.87572
1867,"(0,2,5,6,7,8,9,13)",0.68284,0.88144
1868,"(0,2,5,6,7,10,12)",0.68274,0.88056
1869,"(0,2,4,6,7,10,12)",0.68202,0.88
1870,"(0,1,5,12)",0.67742,0.87696
1871,"(0,2,3,4,5,6,7,13)",0.68218,0.88044
1872,"(1,2,3,5,9,11)",0.67586,0.87628
1873,"(0,1,2,4,6,11,12,13)",0.67462,0.87556
1874,"(2,5,6,8,9,10,12,13)",0.68344,0.88068
1875,"(0,4,5,9,10,11)",0.68374,0.88216
1876,"(0,1,3,4,5,7,8,9,10,12)",0.67434,0.87436
1877,"(4,5,8,9,10,11,12,13)",0.68294,0.88034
1878,"(0,3,4,6,8,9,13)",0.6828,0.88148
1879,"(3,8,9,12)",0.68316,0.88188
1880,"(0,1,3,6,10,11)",0.67368,0.87536
1881,"(3,5,7,9,13)",0.68262,0.88172
1882,"(0,2,3,4,6,9,10,11,12)",0.68196,0.88022
1883,"(2,3,6,9,11,12,13)",0.68324,0.88102
1884,"(2,4,6,7,13)",0.6833,0.88108
1885,"(1,6,9,10,12)",0.67624,0.87552
1886,"(0,3,4,5,6,7,8,9,11)",0.6821,0.88138
1887,"(1,4,7)",0.67612,0.8762
1888,"(7,9,12)",0.68396,0.88196
1889,"(2,3,7,9,10,12)",0.6822,0.88042
1890,"(5,7,8,10,11,12)",0.68322,0.8809
1891,"(0,3,5,7,13)",0.68216,0.88198
1892,"(0,6,7,9,10,12)",0.6824,0.88044
1893,"(0,1,2,3,6,7,8,9,10)",0.67414,0.87458
1894,"(5,9,12,13)",0.68412,0.88174
1895,"(0,7,10,11,12)",0.68278,0.88098
1896,"(0,1,3,4,5,7,11,12)",0.6745,0.87524
1897,"(4,6,7,8,10,11)",0.68274,0.88124
1898,"(4,6,9,11,12,13)",0.68382,0.8816
1899,"(0,1,4,5,8,10,11,12,13)",0.67538,0.87494
1900,"(0,3,4,6,9,12)",0.68238,0.88134
1901,"(0,2,3,5,6,8,9)",0.68344,0.88114
1902,"(5,7,9,10,12,13)",0.68282,0.88034
1903,"(1,6,7,8,9)",0.678,0.8768
1904,"(1,2,3,5,6,10,11,13)",0.67422,0.87482
1905,"(0,3,4,9,11,12,13)",0.68272,0.88112
1906,"(0,1,5,9,10,11)",0.67618,0.87662
1907,"(1,2,4,5,7,8,9,11,12)",0.67682,0.87568
1908,"(1,2,3,7,9,11,12)",0.67514,0.87564
1909,"(1,3,5,6,9,10,11,12)",0.67386,0.87494
1910,"(0,4,5,7,8,10,12,13)",0.68292,0.8808
1911,"(7,8,9,10,11)",0.68404,0.88154
1912,"(5,6,9,10,11,13)",0.68328,0.88146
1913,"(2,8,11)",0.68376,0.88208
1914,"(0,1,2,3,6,9,12)",0.67316,0.87534
1915,"(3,5,6,7,8,11,13)",0.68238,0.8819
1916,"(0,6,7,8,9,13)",0.68292,0.88184
1917,"(1,2,3,5,6,7,10,12)",0.67432,0.87472
1918,"(3,4,5,6,10,11,12,13)",0.68136,0.88032
1919,"(1,2,3,5,6,7,8,11)",0.67532,0.87614
1920,"(0,1,3,5,6,7,8,10,11,13)",0.67442,0.87554
1921,"(0,1,3,4,7,12)",0.67384,0.87496
1922,"(1,2,5,7,9)",0.67804,0.87696
1923,"(0,6,8,10,11)",0.68278,0.88178
1924,"(0,1,3,6,8,9,10)",0.67492,0.87526
1925,"(1,2,4,5,7,11)",0.67656,0.87652
1926,"(0,1,2,3,4,6,7,9,12)",0.67284,0.87466
1927,"(0,1,4,7,9,11,12)",0.67622,0.87582
1928,"(0,3,4,5,7,13)",0.68174,0.88112
1929,"(3,4,8,10)",0.68266,0.88154
1930,"(7,9,12,13)",0.68342,0.8814
1931,"(0,2,7,10,12)",0.68268,0.88024
1932,"(0,1,2,5,6,7,9,10,11,13)",0.67608,0.87588
1933,"(0,1,2,5,6,7,10)",0.67628,0.8762
1934,"(0,6,7,8,9,11,13)",0.68284,0.88222
1935,"(0,2,11,12,13)",0.6838,0.88184
1936,"(2,9,11,12,13)",0.68414,0.88126
1937,"(0,2,4,5,6,8,9,10,12)",0.6825,0.88042
1938,"(0,2,3,5,10,12,13)",0.68296,0.88028
1939,"(2,4,6,8,9,10,11)",0.68358,0.88104
1940,"(0,4,5,6,9,11,13)",0.68366,0.88162
1941,"(0,6,12,13)",0.68326,0.88172
1942,"(8,)",0.6841,0.88286
1943,"(7,10,13)",0.6828,0.88082
1944,"(0,2,5,6,8,9,13)",0.68316,0.8819
1945,"(0,1,3,5,7,8,9,10)",0.67568,0.8758
1946,"(0,1,4,7,9,10,11,12)",0.67576,0.87518
1947,"(5,6,7,8,11,12,13)",0.68408,0.88144
1948,"(2,3,7,10,11,12)",0.68222,0.8798
1949,"(1,2,4,5,7,8,11,12)",0.67698,0.87566
1950,"(1,2,5,6,8,10,11,13)",0.67582,0.87682
1951,"(0,1,4,5,6,9)",0.67702,0.87692
1952,"(1,2,4,6,8,10,12)",0.67576,0.87498
1953,"(1,4,6,7,8,9,10,11,12,13)",0.67554,0.87444
1954,"(0,1,6,8,9,10,11,12,13)",0.67524,0.87588
1955,"(0,1,3,4,5,6,7,9,10,11)",0.67404,0.8743
1956,"(0,5,6,7,9,11,12,13)",0.6838,0.88136
1957,"(0,1,4,5,6,8)",0.67706,0.87638
1958,"(0,2,5,8,9,10,11,12)",0.6838,0.88124
1959,"(0,1,4,6,7,8,10)",0.6752,0.87608
1960,"(2,7,10)",0.6837,0.88126
1961,"(2,3,6,7,8,11,12)",0.68276,0.8812
1962,"(0,2,3,4,7,9,11,13)",0.68248,0.88112
1963,"(1,2,3,6,8,9,12)",0.67464,0.87514
1964,"(2,4,5,9,13)",0.6835,0.88164
1965,"(0,1,2,3,6,7,9,10,12)",0.67308,0.87426
1966,"(0,1,2,3,5,7,10,11)",0.67498,0.87534
1967,"(2,3,4,6,7,8,11,12,13)",0.68278,0.88028
1968,"(0,4,5,6,7,9,10,11,13)",0.6823,0.88102
1969,"(2,3,4,6,7,10,11,13)",0.68192,0.8798
1970,"(0,3,4,5,9,12)",0.68312,0.88154
1971,"(0,6,9,12,13)",0.68286,0.88176
1972,"(0,1,2,4,5,6,7,8,10,11,12,13)",0.67536,0.87556
1973,"(1,3,6,7,9,11,13)",0.67536,0.87562
1974,"(2,4,6,11)",0.68346,0.88194
1975,"(1,2,3,4,5,7,11)",0.67482,0.87546
1976,"(2,8,10,11)",0.68366,0.88166
1977,"(0,1,3,5,6,7,8,12,13)",0.67486,0.87562
1978,"(1,3,4,5,6,10,11)",0.67388,0.875
1979,"(0,3,4,6,10,11)",0.6819,0.8809
1980,"(1,2,4,8,9,11,13)",0.67678,0.87648
1981,"(1,6,7,13)",0.67654,0.8766
1982,"(0,5,7,9,10,11,12,13)",0.68308,0.8803
1983,"(0,2,4,6,7,8,10,11)",0.68228,0.88088
1984,"(0,6,8,12,13)",0.68268,0.88142
1985,"(0,1,3,5)",0.67572,0.87642
1986,"(0,1,3,4,5,6,9,10,11,12)",0.67412,0.87468
1987,"(0,1,4,5,6,13)",0.67584,0.87602
1988,"(0,1,3,4,5,6,8,12)",0.67432,0.87528
1989,"(0,1,2,3,5,8,9,10,11,12)",0.67502,0.87508
1990,"(2,3,5,6,7,11,12)",0.68286,0.88122
1991,"(0,6,9,10,12)",0.68256,0.88116
1992,"(0,2,3,5,8,9,10,12,13)",0.6831,0.8805
1993,"(1,3,5,8,9,10,11)",0.6758,0.87556
1994,"(0,3,5,7,8,9,10,11)",0.68192,0.88116
1995,"(0,1,2,3,4,5,6,7,8,9,10,12,13)",0.67308,0.87438
1996,"(1,3,6,7,8,10,13)",0.67386,0.875
1997,"(0,1,4,6,7,10,11,12,13)",0.67504,0.87498
1998,"(0,1,3,10,12)",0.67444,0.87464
1999,"(1,2,3,5,6,9,11,13)",0.67524,0.8755
2000,"(5,8,9,10)",0.68392,0.88194
2001,"(1,2,6,7,10,11,13)",0.6754,0.87572
2002,"(4,5,9,12)",0.6841,0.88112
2003,"(1,3,8,11,13)",0.67492,0.87582
2004,"(0,3,4,6,9,12,13)",0.68238,0.88116
2005,"(0,2,9,12)",0.68354,0.88218
2006,"(1,3,4,6,7,10,11,12,13)",0.67288,0.8738
2007,"(0,1,4,6,7,10,12)",0.6751,0.87494
2008,"(2,4,8,9,13)",0.68378,0.88152
2009,"(1,3,4,5,6,9,12,13)",0.67522,0.87424
2010,"(3,4,6,7,8,9,13)",0.68298,0.88116
2011,"(3,4,6,8,9,10,11,13)",0.68246,0.88066
2012,"(0,2,5,6,11,13)",0.68368,0.88186
2013,"(2,5,7,9,11,12)",0.68428,0.88116
2014,"(0,1,2,4,5,8,10,13)",0.67574,0.87614
2015,"(0,1,4,5,8,9,10,12,13)",0.67592,0.87566
2016,"(1,3,5,6,7,10,11)",0.67362,0.87518
2017,"(2,3,4,6,8,10,13)",0.68134,0.88064
2018,"(0,1,2,8,9,10,12)",0.6765,0.8758
2019,"(3,4,5,6,7,8,9,11)",0.683,0.88154
2020,"(0,3,4,10,11,12)",0.68284,0.88032
2021,"(3,4,7,9,10,11,13)",0.68198,0.88042
2022,"(2,3,4,5,9,10)",0.68292,0.88126
2023,"(0,2,3,5,7,12,13)",0.68302,0.8805
2024,"(0,1,3,4,7,11)",0.67408,0.8753
2025,"(0,1,5,7,8,10)",0.677,0.87658
2026,"(1,2,5,6,7,8,10)",0.67662,0.87672
2027,"(0,1,6,8,11,13)",0.67636,0.87748
2028,"(0,2,5,8,11)",0.68406,0.88292
2029,"(0,3,4,5,6,7,8,10,11,12)",0.68196,0.88022
2030,"(0,1,5,7,8,9,10,12)",0.67668,0.87596
2031,"(0,1,3,5,6,8,9,10,13)",0.6751,0.87504
2032,"(3,5,6,7,9,12)",0.68256,0.88126
2033,"(0,1,3,4,7,9,10,12,13)",0.67298,0.87382
2034,"(2,3,4,5,6,7,9,11,12,13)",0.68268,0.88022
2035,"(0,1,5,6,10,11)",0.67648,0.87672
2036,"(0,1,5,7,9,10,11,12)",0.67672,0.87614
2037,"(1,4,6,7,8,10,11,13)",0.67496,0.87506
2038,"(1,6,8,9,10,12,13)",0.67552,0.87514
2039,"(3,4,5,6,9,10,13)",0.6825,0.88046
2040,"(1,2,4,5,6,7)",0.6761,0.87632
2041,"(0,1,2,4,7,8,10)",0.67608,0.8757
2042,"(0,1,2,10)",0.67636,0.87658
2043,"(0,1,3,5,6,7,8,12)",0.67534,0.87572
2044,"(1,3,4,6,9,10,11,13)",0.67298,0.87424
2045,"(1,5,8,11,12)",0.678,0.87726
2046,"(0,1,3,9,10)",0.67476,0.87516
2047,"(0,2,3,4,5,6,10,11)",0.68168,0.88062
2048,"(0,5,7,8,10,11,12,13)",0.68214,0.8805
2049,"(1,2,3,4,7,9,12)",0.67462,0.8745
2050,"(1,3,11,12,13)",0.67432,0.87542
2051,"(5,6,7,9,11)",0.68458,0.88182
2052,"(2,4,7,8,9,11,12,13)",0.6827,0.88102
2053,"(2,3,5,6,9,10,12,13)",0.68208,0.88032
2054,"(0,8,9,11,12)",0.68382,0.88202
2055,"(0,1,3,4,5,6,9,10)",0.6733,0.87528
2056,"(1,3,4,7,8,10,11,13)",0.67368,0.8746
2057,"(0,1,2,4,8,10,12,13)",0.6747,0.87528
2058,"(0,1,2,3,7,8,9,13)",0.67438,0.87592
2059,"(0,5,6,7,10,11,13)",0.68254,0.8811
2060,"(0,1,2,4,6,8,10,12,13)",0.67428,0.87454
2061,"(3,4,5,7,8,9,10,11)",0.6826,0.88042
2062,"(5,13)",0.68338,0.88222
2063,"(0,1,2,4,9,10)",0.67586,0.8757
2064,"(4,5,8,9,12)",0.68378,0.88124
2065,"(0,2,4,8,11,12,13)",0.68306,0.8816
2066,"(0,3,4,5,7,9,12,13)",0.68182,0.88064
2067,"(1,2,3,4,5,10)",0.67422,0.87546
2068,"(2,4,7,9,10,12,13)",0.68226,0.88032
2069,"(0,5,9,10,12,13)",0.68316,0.8814
2070,"(4,6,7,10,12)",0.68248,0.88044
2071,"(1,2,4,6,7,13)",0.67492,0.876
2072,"(0,2,4,7,11)",0.68352,0.88162
2073,"(0,1,2,5,6,7,11,13)",0.67584,0.8769
2074,"(0,5,13)",0.68334,0.88268
2075,"(2,5,6,8,9,11,12)",0.68478,0.88192
2076,"(0,4,5,9,10,12,13)",0.68252,0.88086
2077,"(0,3,4,8,9,11,12,13)",0.68282,0.88166
2078,"(1,3,4,6,9)",0.67444,0.87508
2079,"(1,4,9,10,11)",0.67592,0.87558
2080,"(1,3,4,5,7,8,9,11,12)",0.6754,0.87542
2081,"(0,1,2,3,4,6,9,10,11)",0.67298,0.87428
2082,"(1,2,3,6,7,11,13)",0.6738,0.87608
2083,"(0,5,6,7,8,10)",0.68308,0.88162
2084,"(1,3,6,9,10,13)",0.67408,0.8751
2085,"(0,3,4,5,6,7,9,11,13)",0.68164,0.88138
2086,"(0,1,2,3,4,5,6,8,11)",0.67448,0.8758
2087,"(0,1,6,8,11,12,13)",0.6757,0.8764
2088,"(0,6,7,8,10,12)",0.68258,0.88086
2089,"(5,6,7,8,9,10,11,12,13)",0.68332,0.88032
2090,"(0,1,3,6,10,12,13)",0.67268,0.87432
2091,"(0,1,5,7,9,13)",0.6771,0.87714
2092,"(2,4,5,6,7,8,11,12,13)",0.68342,0.8811
2093,"(0,2,3,5,8,9,13)",0.68364,0.88146
2094,"(3,4,5,9,10,12)",0.68296,0.88096
2095,"(0,1,2,3,8,10)",0.67366,0.8754
2096,"(9,13)",0.68356,0.882
2097,"(4,5,8,9,10,12,13)",0.6825,0.88086
2098,"(0,2,6,10,12,13)",0.6823,0.8803
2099,"(0,1,3,7,8,9,11)",0.67582,0.8761
2100,"(1,4,5,9,11,13)",0.6771,0.87642
2101,"(1,2,3,4,5,6,8,12)",0.67436,0.87546
2102,"(3,5,10,12,13)",0.6824,0.88066
2103,"(0,1,4,7,10,12)",0.6753,0.8753
2104,"(2,6,8,9,10,11,12,13)",0.68322,0.88072
2105,"(1,3,4,8,9,11,12)",0.6751,0.87486
2106,"(2,3,5,6,8,9,10,12,13)",0.68296,0.88008
2107,"(1,2,3,4,8,9,12)",0.67468,0.87462
2108,"(2,5,7,9,10,11,12)",0.68414,0.88034
2109,"(0,2,5,7,10,11,13)",0.68262,0.88082
2110,"(0,2,3,4,5,8)",0.68302,0.88152
2111,"(0,1,5,6,8,10,11,12,13)",0.67586,0.87572
2112,"(12,)",0.68462,0.88234
2113,"(0,4,6,10,11,13)",0.68188,0.88126
2114,"(0,2,3,7,8,11,12)",0.68346,0.88118
2115,"(0,2,3,5,6,7,9,10)",0.68202,0.88056
2116,"(2,5,6,7,10,11,12,13)",0.68324,0.87994
2117,"(1,2,3,7,8,12,13)",0.67448,0.87498
2118,"(1,2,4,5,6,10,11,12,13)",0.67538,0.8751
2119,"(0,2,7,8,9,11,12)",0.68408,0.8815
2120,"(4,6,8,9,10,11)",0.68326,0.8811
2121,"(1,2,3,7,9,11)",0.67596,0.87544
2122,"(0,1,2,6,11)",0.67634,0.87716
2123,"(2,4,6,7,8,12,13)",0.68332,0.88076
2124,"(1,4,5,10,13)",0.67532,0.87592
2125,"(0,1,2,5,7,8,10)",0.67704,0.87616
2126,"(0,1,3,4,5,7,8,9,10,11)",0.67414,0.87498
2127,"(4,5,7,8,10,11)",0.68314,0.88126
2128,"(0,2,4,5,7,8,9,11)",0.68386,0.88166
2129,"(5,10,11,12)",0.6837,0.88144
2130,"(0,6,7,9,10)",0.68322,0.88152
2131,"(0,3,4,6,7)",0.6817,0.88154
2132,"(1,3,4,5,8,11,12)",0.67542,0.87528
2133,"(3,6,7,8,9,10,12,13)",0.68172,0.88012
2134,"(4,5,6,7,9,12)",0.68374,0.88088
2135,"(0,1,3,4,6,7,8,10,11)",0.67272,0.87392
2136,"(0,5,7,8,9,12)",0.68428,0.88184
2137,"(1,2,3,6,11,13)",0.67492,0.87558
2138,"(0,1,2,4,5,6,7,9,10,11,13)",0.67576,0.8752
2139,"(3,4,8,9,11,12,13)",0.68348,0.88122
2140,"(3,4,9,10,11,12)",0.68274,0.8807
2141,"(0,3,4,5,6,7,8,10,11,12,13)",0.68178,0.88014
2142,"(0,4,5,6,9,11,12,13)",0.68312,0.88156
2143,"(0,1,3,5,8,9,10,12,13)",0.67504,0.8749
2144,"(0,3,4,5,8,10,11,13)",0.68186,0.88102
2145,"(0,1,2,4,5,7,8,9,12)",0.67642,0.87622
2146,"(6,7,12)",0.68374,0.88166
2147,"(0,1,8,9)",0.6776,0.87708
2148,"(0,1,3,5,6,8,9,13)",0.67546,0.87608
2149,"(1,6,8,10,11,12,13)",0.67542,0.87588
2150,"(0,1,3,4,6,7,8,9,10,11,13)",0.67316,0.87412
2151,"(1,2,3,4,6,8,10,11,12,13)",0.67246,0.87394
2152,"(0,1,2,4,5,6,7,11,12)",0.6755,0.8765
2153,"(0,6,8,9,10,12)",0.6832,0.88128
2154,"(0,3,4,8,10,11,12,13)",0.6819,0.88
2155,"(1,2,7,9,11,12)",0.67756,0.87662
2156,"(0,2,10,11,12)",0.68346,0.8809
2157,"(0,10,13)",0.68278,0.88164
2158,"(0,1,4,5,7,10,11,12,13)",0.67534,0.87504
2159,"(0,1,4,7,9,11,13)",0.67618,0.87598
2160,"(0,2,3,6,7,12,13)",0.68204,0.88048
2161,"(1,6,10)",0.67676,0.87636
2162,"(1,2,4,6,7,8,13)",0.67558,0.87604
2163,"(1,3,5,10,12)",0.67468,0.8756
2164,"(1,2,5,6,7,8,12)",0.6768,0.87662
2165,"(0,2,10,11,13)",0.68316,0.88112
2166,"(0,1,6,7,9,11)",0.6773,0.87716
2167,"(0,1,2,3,4,7,8,12,13)",0.67368,0.87492
2168,"(1,4,6,7,8,10)",0.67484,0.8755
2169,"(0,5,7,10,12,13)",0.68264,0.88088
2170,"(0,1,6,7,8,10,11,12)",0.67572,0.87584
2171,"(0,4,6,7,10)",0.6825,0.88124
2172,"(2,4,8,9)",0.68378,0.88212
2173,"(1,2,3,4,5,6,8,9,11,12,13)",0.67456,0.87468
2174,"(1,2,3,4,8,9,10)",0.674,0.87486
2175,"(1,3,5,7,8,9,10,12)",0.67528,0.87472
2176,"(0,2,9,10,11,13)",0.68312,0.88106
2177,"(0,1,3,4,5,6,7,9,11,12)",0.67422,0.87544
2178,"(5,6,8,11,12,13)",0.68384,0.88154
2179,"(0,1,2,4,5,7,8,9,11,12)",0.67672,0.87608
2180,(),0.68362,0.88254
2181,"(0,1,3,4,7)",0.6741,0.8756
2182,"(0,4,5,6,7,8,9,12,13)",0.68276,0.88164
2183,"(7,9,10,12)",0.68302,0.88084
2184,"(1,3,5,7,11,12,13)",0.67466,0.87572
2185,"(0,4,5,6,7,8,9,10,11)",0.6831,0.88168
2186,"(3,11,13)",0.68344,0.88182
2187,"(0,2,4,6,10,11,13)",0.68268,0.88108
2188,"(1,4,7,8,10,11)",0.67548,0.87592
2189,"(1,4,5,6,7,11)",0.67658,0.8767
2190,"(0,1,2,6,7,8,9,10)",0.67634,0.8763
2191,"(0,1,2,4,5,7,8,9,10,12,13)",0.67526,0.87508
2192,"(0,1,2,3,6,7,8,10,11,13)",0.67344,0.87496
2193,"(2,3,6,10,11,12)",0.68214,0.8808
2194,"(0,1,2,3,5,6,9,13)",0.67396,0.87608
2195,"(1,6,9,10,11,12)",0.67614,0.87582
2196,"(0,1,3,4,5,8,10,12)",0.67388,0.87478
2197,"(3,4,8,10,13)",0.68254,0.881
2198,"(0,1,2,7,10)",0.67626,0.8763
2199,"(0,4,7)",0.68304,0.88226
2200,"(0,1,2,11,12,13)",0.67592,0.8766
2201,"(0,3,4,5,7,8,10)",0.68142,0.88112
2202,"(1,4,6,8,9,11)",0.67658,0.87608
2203,"(0,2,3,7,8,9,10,11,12)",0.6832,0.88028
2204,"(0,2,3,5,6,9,10)",0.68262,0.88104
2205,"(1,3,5,7,8,9,11,12,13)",0.67504,0.8751
2206,"(3,4,5,6,7,9,13)",0.6823,0.88088
2207,"(1,2,8,9,10,12,13)",0.67638,0.87584
2208,"(0,1,2,5,6,11,12,13)",0.67602,0.87644
2209,"(0,5,6,8,9,10,11,12)",0.68312,0.8816
2210,"(1,2,4,5,10,11,12,13)",0.67558,0.87504
2211,"(3,8,10,11,13)",0.68266,0.8813
2212,"(1,4,5,8,9,13)",0.67676,0.87682
2213,"(4,6,9,11,12)",0.6837,0.88206
2214,"(0,2,5,9,12)",0.68392,0.8822
2215,"(0,1,3,4,5,6,7,8,9,11,12,13)",0.67432,0.87488
2216,"(1,3,4,6,8,10,13)",0.6732,0.87446
2217,"(0,1,2,3,4,5,6,7,8,10,11,12)",0.67308,0.8744
2218,"(1,2,4,5,7,8,9,11,12,13)",0.67648,0.87564
2219,"(0,2,3,5,8,12)",0.68386,0.88096
2220,"(0,1,2,3,8,9,10,13)",0.6739,0.87536
2221,"(1,2,6,7,8,10,13)",0.67556,0.87616
2222,"(0,2,5,6,7,11)",0.68384,0.88196
2223,"(0,3,4,5,7,9,10)",0.68208,0.88096
2224,"(0,5,7,9,12)",0.68358,0.88152
2225,"(1,3,4,5,7,9)",0.67546,0.87538
2226,"(0,5,6,9,12,13)",0.6835,0.88204
2227,"(2,4,8,10,11)",0.6833,0.88154
2228,"(0,1,2,3,4,5,6,7,8,11,12)",0.67362,0.87534
2229,"(0,2,3,4,5,6,10,13)",0.6821,0.88046
2230,"(1,6,7,8,9,10,11,13)",0.67644,0.87608
2231,"(2,4,6,8,9,10,11,12)",0.68342,0.88012
2232,"(1,2,4,5,6,7,9,10,11,13)",0.6755,0.8755
2233,"(1,2,4,5,6,8,9,11)",0.67686,0.87612
2234,"(0,2,3,5,7,8,10,13)",0.68158,0.88064
2235,"(0,3,5,6,7,9,13)",0.68216,0.88162
2236,"(1,2,3,5,7,8,10,11,13)",0.6747,0.87494
2237,"(2,4,6,7,9,10,12,13)",0.68202,0.8795
2238,"(2,3,5,7,11,12,13)",0.68268,0.88088
2239,"(0,3,5,6,8,12)",0.68272,0.88138
2240,"(1,2,6,7,8,9,10,13)",0.67562,0.87638
2241,"(0,1,5,7,9,12,13)",0.6767,0.87652
2242,"(0,8,10,11,12,13)",0.68336,0.88104
2243,"(0,4,7,9,11,12)",0.68312,0.88158
2244,"(0,1,3,8,12,13)",0.67482,0.87528
2245,"(0,4,5,7,8,9,10,12,13)",0.6828,0.88098
2246,"(0,2,5,6,8,9,10,13)",0.68294,0.8812
2247,"(0,3,6,8,9,10,11,12)",0.68204,0.88036
2248,"(0,3,5,8,13)",0.68272,0.88142
2249,"(3,4,7,8,11)",0.68312,0.88144
2250,"(2,4,5,6,8,9,12)",0.68384,0.88166
2251,"(1,3,9,11,12,13)",0.6748,0.8756
2252,"(0,2,3,6,7,8,9,10)",0.68212,0.8809
2253,"(2,5,7,8,12)",0.684,0.88182
2254,"(0,1,2,4,6,7,8,9,10,11,12,13)",0.67438,0.87466
2255,"(2,5)",0.68398,0.88252
2256,"(0,3,4,5,6,7,8,10,11)",0.68154,0.88064
2257,"(0,1,3,4,6,7,9,10,12,13)",0.67268,0.87346
2258,"(0,1,3,4,9,11)",0.67486,0.87532
2259,"(2,4,5,6,7,8,9,10,11,12,13)",0.68248,0.88052
2260,"(1,2,3,8,10,11,12)",0.6744,0.87458
2261,"(1,3,4,5,7,8,9,10,12,13)",0.67442,0.87424
2262,"(1,3,4,5,9,11)",0.67608,0.87562
2263,"(0,1,3,6,8,10,12)",0.6733,0.87488
2264,"(1,3,4,5,6,9,10,12)",0.674,0.87428
2265,"(1,2,4,5,6,7,11)",0.67614,0.87652
2266,"(0,4,5,6,8,9,10,13)",0.6829,0.88182
2267,"(0,2,3,6,8,10,11,12)",0.68248,0.88052
2268,"(0,1,2,4,5,6,7,8,9,11)",0.67674,0.87622
2269,"(3,4,5,6,8,9)",0.683,0.8819
2270,"(0,2,3,6,7,10,12,13)",0.68158,0.88002
2271,"(0,1,3,4,5,9,11,12,13)",0.67478,0.8748
2272,"(0,2,3,4,7,10,11)",0.68214,0.88066
2273,"(1,2,6,9,10,11,12)",0.6758,0.87592
2274,"(0,1,2,3,4,6,8,9,11)",0.67428,0.87514
2275,"(1,2,3,5,6,12)",0.67426,0.8758
2276,"(0,4,5,13)",0.68304,0.88216
2277,"(1,2,3,4,5,6,10)",0.6735,0.8752
2278,"(2,4,6,7,8,10)",0.68268,0.88116
2279,"(4,6,7,9,11,13)",0.68334,0.88108
2280,"(0,1,2,5,6,10,11,12,13)",0.67514,0.87592
2281,"(3,4,5,7,8,9,11,13)",0.68276,0.88108
2282,"(0,1,3,4,5,6,7,8,9)",0.675,0.87558
2283,"(0,2,3,4,5,7,9,10,11,12)",0.68252,0.87972
2284,"(1,2,5,9,12,13)",0.67696,0.8762
2285,"(2,5,12,13)",0.6837,0.88158
2286,"(3,8,10,12,13)",0.68256,0.88068
2287,"(0,1,2,3,5,11,13)",0.67562,0.87594
2288,"(0,3,4,6,8,12)",0.68296,0.88128
2289,"(0,1,3,4,8,10,11,12,13)",0.67302,0.8737
2290,"(0,2,3,4,5,7,9,10,13)",0.68216,0.88022
2291,"(1,2,6,7,8,9,11,12,13)",0.67622,0.87626
2292,"(2,3,4,9,12,13)",0.6827,0.88104
2293,"(0,1,2,3,6,9)",0.67426,0.87574
2294,"(0,1,3,4,5,6,12,13)",0.67406,0.87466
2295,"(5,9,11,12)",0.68442,0.88242
2296,"(0,2,5,6,8,9,11,12,13)",0.68372,0.88164
2297,"(3,9,10,13)",0.68272,0.88088
2298,"(1,3,5,7,11)",0.67588,0.87642
2299,"(1,2,3,4,5,6,7,8,9,10,13)",0.67332,0.87444
2300,"(2,3,4,9,10,12)",0.68282,0.88022
2301,"(5,7,10,12,13)",0.6827,0.88068
2302,"(2,5,6,8,11,12)",0.68408,0.88178
2303,"(2,5,6,7,8,9,11)",0.68412,0.88244
2304,"(1,2,3,6,8,9,11,13)",0.67492,0.87584
2305,"(0,2,3,4,7,8)",0.683,0.88138
2306,"(0,3,4,5,6,8,10,13)",0.68126,0.88074
2307,"(3,4,5,9,13)",0.68308,0.88142
2308,"(0,1,3,5,7,9,13)",0.67498,0.87626
2309,"(0,2,3,4,6,9,10,12)",0.68182,0.87996
2310,"(2,5,9,10,12)",0.68372,0.88074
2311,"(1,3,5,6,7,8,10,11,12)",0.6745,0.87506
2312,"(1,2,3,4,8,9,13)",0.6739,0.8754
2313,"(0,2,3,5,6,7,10,12,13)",0.6819,0.8795
2314,"(0,5,7,10,13)",0.68338,0.88172
2315,"(1,2,3,4,8,11)",0.67478,0.87536
2316,"(1,5,8,9,11,12)",0.67806,0.87652
2317,"(0,1,2,3)",0.67402,0.87606
2318,"(3,4,9,10)",0.6829,0.88132
2319,"(4,5,6,7,9,10,11,12,13)",0.6826,0.8799
2320,"(1,2,3,5,7,9,12)",0.6755,0.87498
2321,"(3,5,7,8,9,11,12)",0.68318,0.8808
2322,"(1,3,6,7,10,12)",0.67396,0.87488
2323,"(0,3,6,11,12,13)",0.6828,0.88114
2324,"(1,8,9,10,13)",0.67648,0.87616
2325,"(1,3,9,10,11,12)",0.6746,0.8754
2326,"(0,2,3,4,7,9,10)",0.68252,0.8805
2327,"(1,2,7,9,10,11,13)",0.67706,0.87598
2328,"(0,2,5,6,9,10,11,12,13)",0.6834,0.88074
2329,"(5,9,10,12)",0.6842,0.88138
2330,"(0,1,2,4,5,6,7,8,12,13)",0.6754,0.8755
2331,"(0,7,11)",0.68326,0.88226
2332,"(0,1,3,5,6,7,8,10,13)",0.67504,0.87558
2333,"(0,2,3,4,5,8,13)",0.68242,0.88152
2334,"(2,3,4,5,8,12)",0.68306,0.88104
2335,"(0,1,2,4,9,10,11,13)",0.67456,0.8749
2336,"(1,2,3,4,5,7,8,9,10,11,13)",0.67404,0.87438
2337,"(0,1,5,6,8,10)",0.67666,0.87622
2338,"(0,4,9,11)",0.6833,0.88272
2339,"(1,2,3,4,5,6,8,9,12,13)",0.67436,0.87482
2340,"(0,3,6,7,9,10,13)",0.68182,0.88056
2341,"(0,2,3,5,7,11)",0.68356,0.8815
2342,"(5,8,9,10,11,13)",0.68346,0.88156
2343,"(1,2,5,8,10,11,12,13)",0.67536,0.87604
2344,"(1,2,3,9,10,11,12)",0.6751,0.87518
2345,"(2,3,4,5,7,10,11,13)",0.68282,0.8805
2346,"(0,5,9,11,12)",0.68422,0.88232
2347,"(2,3,4,5,6,7,10,11,12,13)",0.6821,0.87954
2348,"(0,4,8,9,12)",0.68294,0.88174
2349,"(0,1,2,3,6,13)",0.67434,0.87588
2350,"(0,1,2,4,5,6,7,8,9,13)",0.67586,0.87702
2351,"(0,4,5,6,7,8,9,10)",0.68248,0.88152
2352,"(2,3,4,6,7,13)",0.68166,0.8807
2353,"(1,4,7,8,12,13)",0.67542,0.8753
2354,"(0,4,6,8,9,11,13)",0.68242,0.8821
2355,"(4,8,9,10,11)",0.6836,0.8814
2356,"(0,1,2,10,11,12,13)",0.67524,0.87532
2357,"(3,4,5,9,12,13)",0.6832,0.88124
2358,"(0,1,3,5,9,10,13)",0.67474,0.876
2359,"(3,4,12)",0.68286,0.88152
2360,"(0,2,4,5,6,8,9,10,11,12,13)",0.68232,0.88036
2361,"(2,3,4,5,7,8,9,12)",0.6833,0.88088
2362,"(1,2,3,4,5,6,8,9,10,12,13)",0.67336,0.87394
2363,"(0,1,3,8,9,10,11,13)",0.67452,0.87542
2364,"(3,7,8,10)",0.6824,0.88116
2365,"(0,5,6,9,12)",0.6844,0.88224
2366,"(6,7,9,13)",0.68368,0.88158
2367,"(0,5,6,7,8,11)",0.6836,0.88262
2368,"(0,1,4,6,7,11)",0.67532,0.87648
2369,"(3,4,7,8,10,11)",0.68268,0.88096
2370,"(0,1,2,4,5,8,11,12)",0.67684,0.87648
2371,"(0,1,2,5,8,9,11,12,13)",0.67718,0.8766
2372,"(0,1,2,4,5,6,9,11)",0.67622,0.87672
2373,"(3,5,6,12)",0.68234,0.88174
2374,"(2,5,7,8,9)",0.6842,0.88224
2375,"(0,1,2,5,7,8,9,10,11,12,13)",0.67598,0.87562
2376,"(0,1,3,4,5,7,9,12,13)",0.67424,0.8747
2377,"(5,6,7,9)",0.68422,0.88188
2378,"(0,3,8,9,11,12)",0.68244,0.8813
2379,"(3,4,7,9,12,13)",0.68198,0.88066
2380,"(0,2,4,7,10,13)",0.68278,0.8801
2381,"(0,2,3,5,6,7,8,10,11)",0.68194,0.88026
2382,"(1,5,8,9)",0.67842,0.87706
2383,"(1,3,4,5,6,9,11,13)",0.67446,0.87566
2384,"(0,2,4,5,8,9,11,13)",0.68344,0.8817
2385,"(2,5,7,8,9,11)",0.68406,0.88182
2386,"(0,2,3,4,6,7,8,9,13)",0.6824,0.88078
2387,"(0,2,3,4,7,8,11)",0.68304,0.88128
2388,"(0,1,2,6,9,10,11)",0.67626,0.8758
2389,"(3,6,7,8,9,10,11,12,13)",0.6816,0.88014
2390,"(0,3,4,5,6,8,11,13)",0.682,0.88138
2391,"(0,2,3,6,7,9,11)",0.68338,0.88142
2392,"(0,1,2,3,4,5,6,8,13)",0.67404,0.87598
2393,"(1,2,4,7,8,9,13)",0.67648,0.87592
2394,"(2,5,6,8,12,13)",0.684,0.88168
2395,"(2,5,6,7,11,12)",0.68342,0.8815
2396,"(8,9,10,11,12)",0.68324,0.88164
2397,"(4,9,10,11)",0.68378,0.88158
2398,"(0,10,11,12)",0.68278,0.8814
2399,"(1,5,7,8,10,11,12,13)",0.6759,0.87594
2400,"(1,4,5,6,11,13)",0.67638,0.8766
2401,"(2,4,5,6,7,8,9,11,12)",0.68386,0.8812
2402,"(2,6,10,11)",0.6831,0.88112
2403,"(0,1,4,5,6,8,9,10,11,12)",0.67524,0.87546
2404,"(0,1,3,4,6,7,9,10,11,12)",0.67352,0.87384
2405,"(1,2,3,4,5,8,11,12)",0.67472,0.87548
2406,"(0,2,4,6,8,9,10,13)",0.68258,0.88062
2407,"(3,4,6,7,10)",0.68246,0.8806
2408,"(0,1,2,3,5,7,9,10,11,13)",0.67502,0.87508
2409,"(0,1,2,3,5,6,7,8,9,10,12,13)",0.67388,0.87484
2410,"(0,1,2,3,5,7,8,9,12,13)",0.67472,0.87586
2411,"(1,2,3,4,5,6,7,9,11,12)",0.67388,0.87486
2412,"(0,1,2,4,5,6,7,8,9,11,13)",0.67642,0.87616
2413,"(1,3,5,7,9,10,11,12,13)",0.6741,0.87472
2414,"(1,3,4,11,13)",0.67444,0.8756
2415,"(0,1,3,5,6,8,11)",0.67606,0.87606
2416,"(2,3,4,5,6,7,12,13)",0.68174,0.88066
2417,"(0,1,3,7,8,9,10,13)",0.67462,0.87508
2418,"(2,8,12)",0.68442,0.88184
2419,"(0,1,2,3,4,5,6,8,12,13)",0.6737,0.87494
2420,"(0,1,4,5,6,7,10,11,12)",0.67528,0.87556
2421,"(2,5,8,9,10,12,13)",0.6837,0.88054
2422,"(6,7,9,11)",0.6837,0.88224
2423,"(0,1,2,6,7,9,10,12,13)",0.6754,0.87502
2424,"(1,2,3,4,5,11,13)",0.67436,0.8758
2425,"(1,2,3,5,6,9,10,12)",0.674,0.87472
2426,"(0,3,5,7,8,9,12)",0.68284,0.88122
2427,"(0,1,2,3,4,5,7,11,12,13)",0.67452,0.87492
2428,"(4,5,8,10,11,13)",0.68238,0.88136
2429,"(0,4,5,6,8,9,12)",0.68346,0.88136
2430,"(1,3,7,9,11,12,13)",0.67504,0.87486
2431,"(0,3,5,6,8,9,11)",0.6828,0.8814
2432,"(1,2,3,11,12)",0.67504,0.87606
2433,"(1,2,3,4,6,7,8,9,11,12)",0.67442,0.87436
2434,"(3,6,8,10,11)",0.68178,0.88132
2435,"(4,6,7,10,11,13)",0.68214,0.8806
2436,"(1,2,3,4,5,7,9,10,11)",0.6746,0.87476
2437,"(1,4,7,8,9,11,13)",0.67674,0.876
2438,"(0,2,3,4,5,6,12)",0.68234,0.88068
2439,"(0,1,2,3,4,6,7,13)",0.67278,0.87554
2440,"(0,5,6,10,12,13)",0.68332,0.88068
2441,"(0,1,4,9,11,13)",0.67644,0.87652
2442,"(1,3,4,8,9,11,12,13)",0.67468,0.8746
2443,"(0,1,2,4,5,6,8,9,10,12,13)",0.67572,0.87464
2444,"(1,2,3,4,7,8,9,11,12,13)",0.67452,0.87452
2445,"(2,)",0.68388,0.88234
2446,"(3,6,7,8,9,13)",0.68262,0.88132
2447,"(1,2,4,8,9,10,11,12,13)",0.67572,0.87456
2448,"(1,2,6,9,10,11,13)",0.6756,0.87606
2449,"(1,10,11,13)",0.67594,0.8767
2450,"(0,1,2,6,8,9,10)",0.67632,0.87628
2451,"(2,4,5,7,8,10,12)",0.68342,0.88044
2452,"(1,2,3,7,8,10,12,13)",0.67432,0.87426
2453,"(5,9,11)",0.68468,0.88258
2454,"(1,3,5,7,8,13)",0.67566,0.8762
2455,"(1,4,5,7,9)",0.67724,0.87634
2456,"(0,1,2,3,11,12)",0.67466,0.87562
2457,"(0,2,4,6,9,11,13)",0.683,0.88192
2458,"(1,3,4,6,7,10,11,13)",0.67246,0.87416
2459,"(0,3,8,9,10,11,12)",0.68262,0.88032
2460,"(0,3,4,6,7,8,9,10,13)",0.68134,0.8805
2461,"(0,3,4,5,6,11,12,13)",0.68236,0.88082
2462,"(1,3,6,7,8,9,11,13)",0.67524,0.87512
2463,"(1,3,4,7,9,10)",0.67442,0.87448
2464,"(2,3,4,9,11,12,13)",0.68286,0.88074
2465,"(1,2,3,4,5,7,8,13)",0.67442,0.87558
2466,"(1,2,4,5,7,8,10,12,13)",0.67554,0.87504
2467,"(1,2,3,4,7,8,10,12)",0.67384,0.87438
2468,"(1,2,4,7,9,11,12)",0.6764,0.87518
2469,"(0,1,2,3,6,9,10,11)",0.67424,0.87474
2470,"(0,5,7,8,10,11)",0.68324,0.88236
2471,"(3,4,6,8,10,13)",0.68188,0.88024
2472,"(0,1,3,7,8,9,11,12)",0.67564,0.87516
2473,"(0,2,3,6,7,8,9,12,13)",0.6823,0.88078
2474,"(1,2,3,4,7,8,9,10,11)",0.67462,0.8741
2475,"(1,2,4,5,7,9,10,13)",0.67592,0.87554
2476,"(6,7,10,12,13)",0.68226,0.88046
2477,"(0,3,4,5,7,8,9,10,12)",0.682,0.8802
2478,"(1,3,5,7,9,13)",0.67524,0.87576
2479,"(0,1,6,7,12,13)",0.67592,0.87612
2480,"(1,5,6,7,12,13)",0.67626,0.87622
2481,"(0,6,7,8,10,11)",0.68262,0.88178
2482,"(2,3,4,5,11,12,13)",0.6829,0.88074
2483,"(0,1,3,5,6,7,8,10,12,13)",0.67422,0.87468
2484,"(2,4,5,8,9,11,12)",0.68452,0.8817
2485,"(0,4,5,6,8,9)",0.6831,0.88206
2486,"(1,7,8,9,10,11)",0.67698,0.87642
2487,"(0,1,3,4,5,7,8,9,10,11,13)",0.67446,0.87512
2488,"(2,3,4,6,8,11,13)",0.68232,0.88172
2489,"(1,3,6,11,12,13)",0.67422,0.87586
2490,"(1,5,7,12)",0.67718,0.87668
2491,"(1,3,4,5,6,7,9,12,13)",0.6747,0.87462
2492,"(0,4,5,8,12)",0.68342,0.88158
2493,"(0,2,4,13)",0.68294,0.88172
2494,"(2,5,7,9,10,13)",0.68354,0.88138
2495,"(3,8,9,10,12)",0.68256,0.8812
2496,"(0,1,2,4,6,8,10,11)",0.67472,0.87518
2497,"(1,2,3,6,13)",0.6742,0.8756
2498,"(1,3,4,9,10,12,13)",0.6736,0.87366
2499,"(0,2,3,6,7,10,11,12,13)",0.68122,0.88026
2500,"(2,4,5,6,7,13)",0.68296,0.88076
2501,"(2,3,4,5,6,7,9,10,12)",0.68232,0.87998
2502,"(1,2,3,8,9,11)",0.6768,0.87598
2503,"(0,2,4,12,13)",0.68318,0.88114
2504,"(1,2,10,11,12,13)",0.67532,0.87562
2505,"(0,1,4,6,8,10,11,12,13)",0.67426,0.87498
2506,"(1,8,9,12)",0.67718,0.87608
2507,"(0,4,5,7,8,9,11,12,13)",0.68348,0.8817
2508,"(0,4,8,11,13)",0.68246,0.88238
2509,"(0,1,6,9,11,13)",0.67598,0.87676
2510,"(0,1,2,3,5,6,7,10)",0.67402,0.87522
2511,"(1,2,3,9,10,11)",0.67496,0.8751
2512,"(2,4,5,6,10,11,12)",0.68332,0.88088
2513,"(1,2,4,5,6,7,8,9,10,13)",0.6759,0.87602
2514,"(0,2,3,4,6,7,10,11,12)",0.68228,0.8797
2515,"(0,1,2,3,5,6,7,11,13)",0.67442,0.87574
2516,"(0,1,2,4,5,9,10,12,13)",0.6755,0.87516
2517,"(1,4,5,7,8,11,12)",0.67698,0.87602
2518,"(0,1,3,5,8,11,12,13)",0.67572,0.87556
2519,"(0,3,4,5,10,11,12)",0.68246,0.8803
2520,"(1,3,4,6,8,9,10,11,12)",0.67366,0.87394
2521,"(0,4,12)",0.68302,0.88206
2522,"(2,3,4,5,10)",0.68266,0.88104
2523,"(2,3,6,7,8,10,11)",0.68248,0.88064
2524,"(2,4,9,11,12)",0.68392,0.88152
2525,"(0,2,4,5,10,12)",0.68338,0.88072
2526,"(3,4,5,6,7,8,9,10,12,13)",0.682,0.88016
2527,"(3,9,12,13)",0.68272,0.88098
2528,"(1,2,3,4,5,8,9,12,13)",0.6741,0.87414
2529,"(1,5,8,10,11,12)",0.67674,0.87658
2530,"(0,1,4,5,8,10,11,12)",0.67556,0.87534
2531,"(2,5,6,7,13)",0.6837,0.88144
2532,"(1,2,4,5,7,8,9,12)",0.6768,0.87598
2533,"(1,2,6,12)",0.67682,0.87646
2534,"(0,2,4,5,6,11,12,13)",0.68286,0.881
2535,"(0,1,4,6,7,8,9,12,13)",0.67514,0.87544
2536,"(1,4,6,10,11,12,13)",0.67404,0.87468
2537,"(3,4,5,6,9,12,13)",0.68264,0.88092
2538,"(2,4,5,6,7,8,9,10,11,12)",0.68294,0.87992
2539,"(0,1,4,6,8,10,11,13)",0.67438,0.8756
2540,"(0,2,4,6,7,10,11)",0.6825,0.88042
2541,"(3,5,6,8,10,11,12,13)",0.68176,0.8801
2542,"(0,4,6,7,8,9,10,13)",0.68208,0.88116
2543,"(3,4,5,6,7,11,12)",0.68308,0.88092
2544,"(0,1,4,7,8,12)",0.67606,0.876
2545,"(1,2,3,4,5,6,8,11,13)",0.67362,0.87518
2546,"(1,4,5,9,12,13)",0.67652,0.87522
2547,"(1,2,4,5,7,8,12)",0.67658,0.87548
2548,"(1,2,3,4,8,9)",0.67416,0.87534
2549,"(0,1,2,4,5,6,10,12)",0.67462,0.87494
2550,"(4,5,6,7,8,11,12)",0.6838,0.88162
2551,"(0,2,3,4,6,8,11,13)",0.68246,0.8811
2552,"(0,1,2,5,6,7,11,12)",0.67628,0.8768
2553,"(0,1,2,3,5,7,8,9,10,11,12)",0.6747,0.87464
2554,"(1,2,5,6,7,9,10,11,12)",0.67676,0.87566
2555,"(1,5,6,11,12,13)",0.67616,0.87684
2556,"(2,7,8,11,12)",0.6841,0.88178
2557,"(0,3,7,10,11,13)",0.68144,0.88052
2558,"(0,3,4,6,7,8,10)",0.68126,0.88102
2559,"(1,2,3,4,6,8,9,11,12)",0.67448,0.87464
2560,"(0,3,4,8,9)",0.68292,0.88188
2561,"(0,2,5,6,8,11,12,13)",0.68358,0.88194
2562,"(0,5,6,8,9,13)",0.6829,0.88246
2563,"(1,2,4,6,8,9,11)",0.67658,0.8756
2564,"(1,2,4,5,6,7,11,13)",0.67552,0.8759
2565,"(0,1,2,3,4,5,7,12,13)",0.6736,0.87516
2566,"(1,2,7,9,13)",0.67664,0.87698
2567,"(0,2,6,7)",0.68352,0.88104
2568,"(1,2,4,5,7,8,9,11,13)",0.67668,0.87608
2569,"(0,1,6,7,8,9,10,11)",0.676,0.87628
2570,"(7,8,10,12,13)",0.68228,0.8804
2571,"(1,2,5,6,8,9,10,13)",0.67632,0.87666
2572,"(3,5,6,9,11,12,13)",0.68298,0.88082
2573,"(1,2,3,5,6,8,9,13)",0.67506,0.87658
2574,"(1,6,8,12)",0.6767,0.87668
2575,"(0,1,2,4,6,10,11)",0.67436,0.8755
2576,"(2,5,7,8,13)",0.68352,0.88168
2577,"(0,4,6,7,11,13)",0.68296,0.88138
2578,"(0,2,4,7,9,10,12,13)",0.6822,0.88008
2579,"(0,2,7,10,13)",0.68312,0.88112
2580,"(1,2,3,7,8,9,11,12,13)",0.67502,0.87488
2581,"(1,2,3,6,7,8,10,13)",0.67358,0.87502
2582,"(0,1,2,3,10,11,12,13)",0.6736,0.87456
2583,"(0,3,7,10,13)",0.68156,0.881
2584,"(0,1,3,4,5,10,11)",0.67414,0.87496
2585,"(0,6,7,8,9,10,13)",0.68274,0.88146
2586,"(2,6,7,8,10,12,13)",0.68236,0.88028
2587,"(1,2,6,8,10,11,12)",0.67568,0.87546
2588,"(1,3,4,8,9,10,11)",0.67384,0.8746
2589,"(1,3,4,6,7,9,12,13)",0.6736,0.87442
2590,"(0,1,5,6,9,10,11,12,13)",0.67626,0.87578
2591,"(0,1,3,4,5,6,7,8,9,11)",0.67456,0.87558
2592,"(0,1,2,4,7,9,10,11,13)",0.67498,0.8753
2593,"(2,4,7,8,11,12)",0.68388,0.88152
2594,"(0,2,3,6,7,9,10,13)",0.68178,0.8803
2595,"(0,2,3,6,8,9,11,12,13)",0.68304,0.88076
2596,"(4,5,7,8,9,10,11)",0.68334,0.88142
2597,"(3,4,5,7,10,11,12,13)",0.6822,0.87978
2598,"(3,4,5,9)",0.68344,0.882
2599,"(1,5,6,9,11,12)",0.67752,0.87664
2600,"(1,2,4,6,7,11,13)",0.67522,0.87564
2601,"(1,3,5,7,8,9,12)",0.6757,0.87562
2602,"(0,1,2,11)",0.67662,0.87688
2603,"(1,3,7,8,9,10)",0.6757,0.87538
2604,"(0,4,5,9,10,13)",0.68332,0.88184
2605,"(1,3,8,9,11)",0.67634,0.87642
2606,"(0,1,2,3,6,7,8,10,13)",0.6739,0.8752
2607,"(0,3,9,11,13)",0.68256,0.882
2608,"(1,2,4,6,7,9,11,12)",0.67618,0.87536
2609,"(7,9,10,11,12,13)",0.68342,0.88036
2610,"(0,1,2,4,5,7,9)",0.67632,0.87656
2611,"(0,2,6,7,9,10,11,12)",0.6829,0.8804
2612,"(3,6,9,11,12)",0.6836,0.88174
2613,"(1,2,3,4,5,10,12,13)",0.67344,0.8744
2614,"(1,3,4,8,9,13)",0.67502,0.8753
2615,"(1,2,5,7,9,12)",0.6769,0.87654
2616,"(0,2,4,10)",0.6827,0.8809
2617,"(3,4,5,6,7,8,12)",0.68258,0.88082
2618,"(0,3,5,6,8,10,11,13)",0.68214,0.88054
2619,"(0,2,3,7,8,9,10,13)",0.6825,0.88064
2620,"(0,8,9,10,11)",0.6832,0.88214
2621,"(0,2,5,6,7,8,9,11)",0.68394,0.88208
2622,"(2,3,4,7,8,9,10,12)",0.68268,0.88018
2623,"(6,8,10)",0.6834,0.88188
2624,"(1,4,5,9,10,12)",0.67618,0.87532
2625,"(0,1,7,8)",0.67708,0.87662
2626,"(1,2,3,4,7,8,9,10,13)",0.67364,0.87448
2627,"(1,2,3,4,6,12,13)",0.67262,0.87488
2628,"(0,6,8,9,12)",0.68346,0.88178
2629,"(0,1,2,4,5,6,7,8,9,10,11)",0.6762,0.87556
2630,"(3,6,9,12,13)",0.6827,0.8815
2631,"(0,1,2,3,4,9,11,12)",0.67386,0.87454
2632,"(1,5,9,11)",0.6786,0.87768
2633,"(1,2,3,7,9,10)",0.6748,0.87514
2634,"(0,3,6,12,13)",0.68196,0.8818
2635,"(1,5,8,11,13)",0.67744,0.87702
2636,"(0,1,2,4,5,7,10,12)",0.6753,0.8753
2637,"(0,2,3,5,6,9,10,11,12)",0.68242,0.88076
2638,"(2,4,5,6,8,10,11,12,13)",0.68274,0.88062
2639,"(0,1,3,4,10)",0.6736,0.87488
2640,"(0,1,2,3,4,5,8,9,10)",0.67442,0.87538
2641,"(2,7,8,9,10,12,13)",0.6832,0.88038
2642,"(2,3,4,7,8,9,10,12,13)",0.6822,0.88024
2643,"(0,3,4,5,7,10)",0.6815,0.88092
2644,"(2,4,9,11,12,13)",0.6833,0.88114
2645,"(0,5,6,7,9,10,13)",0.68272,0.8811
2646,"(0,1,2,4,7,8,10,12,13)",0.67444,0.87526
2647,"(0,1,2,5,7,9,12,13)",0.67682,0.8761
2648,"(0,6,8,12)",0.68254,0.88162
2649,"(1,4,8,9,10,11,13)",0.67538,0.87624
2650,"(0,4,7,8,9,12)",0.68328,0.88122
2651,"(1,2,3,4,6,8,9,10,12)",0.67358,0.8742
2652,"(1,2,3,5,6,7,8,9,12,13)",0.67468,0.8751
2653,"(0,1,3,6,8,9,13)",0.67498,0.87602
2654,"(1,3,6,9,10,11)",0.6744,0.875
2655,"(1,2,3,6,7,8,9,10,11,12)",0.67454,0.87404
2656,"(0,1,6,13)",0.67612,0.87724
2657,"(0,2,3,5,6,7,8,12)",0.6832,0.88078
2658,"(0,2,3,4,5,6,7,11,12)",0.68234,0.88074
2659,"(3,5,6,7,8,10,11,12,13)",0.68152,0.87986
2660,"(3,4,8,11)",0.68328,0.88178
2661,"(1,2,3,6,7,9,10,11,12,13)",0.6731,0.87414
2662,"(0,4,5,6,10,11,12,13)",0.68212,0.8806
2663,"(0,2,7,8,13)",0.68304,0.88162
2664,"(1,4,5,6,7,9,12,13)",0.67602,0.87524
2665,"(0,1,2,9,13)",0.67652,0.87692
2666,"(0,10,11)",0.68318,0.8822
2667,"(3,4,6,8,10,12)",0.68256,0.87984
2668,"(0,1,3,6,7,8,9,10,12,13)",0.6732,0.87456
2669,"(0,8,9)",0.68364,0.8825
2670,"(2,3,8,9,10,12,13)",0.68236,0.88044
2671,"(0,2,3,4,9,11,13)",0.68352,0.88116
2672,"(0,1,2,5,9,11,12,13)",0.67674,0.8766
2673,"(0,1,6,8,12,13)",0.67596,0.87644
2674,"(4,6,7,8,11)",0.68352,0.88214
2675,"(0,1,4,5,7,9,10,11,12)",0.67584,0.87566
2676,"(6,11,12)",0.68422,0.88232
2677,"(1,3,4,7,8,9,12)",0.67488,0.87444
2678,"(0,4,7,8,10,13)",0.68238,0.8814
2679,"(0,3,7,8,9,11,12,13)",0.68278,0.88088
2680,"(1,4,5,7,8,10,12)",0.6759,0.87538
2681,"(0,2,3,4,5,6,8,13)",0.68254,0.88112
2682,"(0,1,4,6,7,8,9,11,12)",0.6763,0.87552
2683,"(0,1,2,3,4,5,7,8,11,12,13)",0.6742,0.87534
2684,"(2,3,5)",0.68338,0.88186
2685,"(0,4,5,6,8,10)",0.68222,0.88186
2686,"(0,2,4,5,6,8,9,11,12)",0.68328,0.88158
2687,"(3,4,5,7,10,11)",0.68228,0.88066
2688,"(0,3,7,8,11,12)",0.68298,0.88092
2689,"(1,2,4,9,12)",0.67666,0.87584
2690,"(1,4,5,6,7,8,9,12,13)",0.67598,0.87548
2691,"(0,3,4,5,6,7,8,9,10,11,12,13)",0.68222,0.87976
2692,"(0,1,2,4,6,7,10,12)",0.67398,0.87504
2693,"(6,9,10,11,12,13)",0.68276,0.88086
2694,"(0,2,7,9,10,12,13)",0.68324,0.88048
2695,"(0,4,7,9,10,11)",0.68308,0.88152
2696,"(1,5,9,10,12,13)",0.67648,0.87538
2697,"(2,4,6,7,8,10,11,12)",0.68278,0.88058
2698,"(0,2,4,5,6,9,10,12)",0.68236,0.8803
2699,"(0,1,3,5,6,7,8,9,12)",0.67536,0.87582
2700,"(2,3,4,8,9,10)",0.68294,0.88136
2701,"(0,2,4,5,8,9,10,13)",0.68286,0.881
2702,"(0,1,2,3,4,6,10)",0.67176,0.87496
2703,"(0,1,5,6,7,8,9,10)",0.67678,0.8766
2704,"(7,8,9,10,11,13)",0.6831,0.88156
2705,"(0,2,3,4,7,9,12,13)",0.68196,0.88094
2706,"(0,2,3,5,7,8,9,10,11)",0.68338,0.88054
2707,"(0,1,2,3,4,6,8,10,11)",0.67282,0.8742
2708,"(0,1,2,3,8)",0.67478,0.87588
2709,"(0,3,4,5,8,10)",0.68164,0.88166
2710,"(0,1,2,4,7,9,10,11)",0.67524,0.87526
2711,"(0,1,2,3,5,6,7,9,10,11,13)",0.67394,0.87542
2712,"(0,1,2,3,7,8)",0.67446,0.87596
2713,"(1,2,3,5,8,9,10,11)",0.67564,0.87576
2714,"(0,1,2,3,5,6,7,8,12)",0.67462,0.87568
2715,"(0,6,7,10,11)",0.6826,0.88128
2716,"(0,3,4,5,6,8,9,11,12)",0.68288,0.8812
2717,"(1,2,4,5,6,7,9,10,12)",0.67532,0.87502
2718,"(0,2,6,7,8,10)",0.68296,0.88076
2719,"(0,1,3,4,6,12)",0.67268,0.87494
2720,"(2,3,4,8,10,13)",0.68246,0.88062
2721,"(0,5,6,8,9,10,11,13)",0.6831,0.88178
2722,"(0,10,11,13)",0.683,0.88186
2723,"(0,1,2,4,9,12)",0.67578,0.87596
2724,"(1,2,3,4,8,9,11,12,13)",0.67454,0.8748
2725,"(0,2,4,6,9,10,12)",0.68242,0.88034
2726,"(1,4)",0.6767,0.87628
2727,"(1,4,10,11,12,13)",0.67458,0.87534
2728,"(3,4,6,9,11,12)",0.68342,0.88112
2729,"(0,2,6,8,9,10,12,13)",0.6829,0.88092
2730,"(1,3,5,7,8,11,12)",0.67546,0.8758
2731,"(0,1,3,4,6,11,13)",0.673,0.87544
2732,"(0,2,5,6,8,9,10,12,13)",0.68358,0.88076
2733,"(1,2,5,8,10,11)",0.677,0.87688
2734,"(1,2,4,5,6,8,11)",0.67632,0.876
2735,"(0,3,6,9,11,12)",0.68294,0.88144
2736,"(0,1,2,4,5,8,9,10,11,12,13)",0.67522,0.87496
2737,"(2,3,5,6,10,12)",0.6823,0.88048
2738,"(0,1,3,4,6)",0.67346,0.87546
2739,"(0,1,2,3,5,6,7,10,12,13)",0.6736,0.87524
2740,"(0,2,3,6,11,12,13)",0.68308,0.88132
2741,"(0,1,3,5,9,10,12,13)",0.67514,0.87494
2742,"(2,4,5,8,9,10)",0.68362,0.88182
2743,"(1,6,11,12)",0.6773,0.87682
2744,"(2,4,6,7,11,12)",0.6834,0.88086
2745,"(1,2,3,4,8,9,10,13)",0.67356,0.8746
2746,"(2,5,6,8,10,13)",0.6836,0.88136
2747,"(0,2,4,5,6,7,8,10,11)",0.68232,0.88116
2748,"(2,3,6,9,10,12)",0.68196,0.88062
2749,"(0,3,5,6,7,8,10,11,12,13)",0.68252,0.87962
2750,"(3,4,5,6,8,11,12)",0.68294,0.88138
2751,"(1,5,7,10,12,13)",0.67632,0.87572
2752,"(0,2,3,4,5,9,12,13)",0.68264,0.88074
2753,"(0,2,4,7,9,11,12,13)",0.6832,0.88116
2754,"(3,4,5,6,7,8,9,11,12)",0.68272,0.88044
2755,"(2,3,5,8,10,11)",0.68296,0.88102
2756,"(0,2,3,5,6,7,8,9,11,12,13)",0.683,0.88066
2757,"(0,3,6,8,9,12)",0.6827,0.88202
2758,"(2,4,5,7,8,11)",0.68362,0.88174
2759,"(0,2,5,7,10,11)",0.68366,0.88138
2760,"(0,1,3,4,6,7)",0.6736,0.87536
2761,"(0,3,8,10,11,12,13)",0.68244,0.88056
2762,"(2,3,6,7,11,12,13)",0.6823,0.88104
2763,"(0,1,3,4,6,7,8,9,11)",0.6741,0.87518
2764,"(2,6,7,10,11,13)",0.68316,0.88094
2765,"(3,4,8,9,10,13)",0.68276,0.8811
2766,"(1,2,5,8,9,10)",0.67764,0.87668
2767,"(3,6,10,11,12)",0.6825,0.88086
2768,"(0,1,3,4,7,8,9,10,12,13)",0.67378,0.8743
2769,"(0,1,4,5,6)",0.6771,0.87698
2770,"(1,2,3,7,9,10,13)",0.67478,0.8749
2771,"(1,2,3,7,8,9,10,11,12)",0.67484,0.87434
2772,"(0,1,2,3,10,13)",0.67366,0.87546
2773,"(0,1,3,10,11,12,13)",0.67404,0.87472
2774,"(5,8,9,11)",0.68432,0.8827
2775,"(0,4,8)",0.68292,0.8826
2776,"(0,1,2,3,4,5,6,7,10,12,13)",0.673,0.87384
2777,"(1,5,6,7,8,9,11,13)",0.67744,0.8769
2778,"(0,3,7,8,13)",0.68198,0.88204
2779,"(0,1,2,4,5,7,8,9,10,12)",0.6767,0.87548
2780,"(1,6,7,10,11,12,13)",0.6755,0.8759
2781,"(1,3,4,6,11,13)",0.6737,0.87496
2782,"(2,3,6,8,9,10,11)",0.68274,0.88094
2783,"(1,3,4,5,6,8,10,12)",0.67412,0.87434
2784,"(0,1,2,3,5,6,10,11)",0.67432,0.87542
2785,"(0,1,3,5,8,10,11,12,13)",0.6745,0.87498
2786,"(1,2,4,6,8,10)",0.67596,0.8753
2787,"(0,1,2,3,4,6,7)",0.67298,0.87532
2788,"(0,3,5,6,7,8,9,13)",0.68282,0.88124
2789,"(0,1,3,4,6,7,10,12)",0.67258,0.87406
2790,"(2,4,5,7,8,10,11,12,13)",0.68284,0.8802
2791,"(1,4,6,8,10,11,12)",0.67472,0.87532
2792,"(1,3,10,12)",0.67436,0.87532
2793,"(1,4,5,6,7)",0.6768,0.87644
2794,"(0,2,4,9,11,13)",0.6835,0.88182
2795,"(1,2,3,4,5,7,11,12,13)",0.67398,0.87518
2796,"(0,3,5,7,8,9,10,11,12,13)",0.68194,0.8799
2797,"(0,1,2,3,4,5,6,7,8,11,13)",0.67378,0.87538
2798,"(1,2,3,6,7,8,10,12)",0.67384,0.8748
2799,"(0,6,7,9)",0.6833,0.88198
2800,"(0,1,2,3,4,6,8,9,11,13)",0.6741,0.87446
2801,"(0,1,2,3,5,6,7,8,9,11,12)",0.67538,0.87616
2802,"(1,2,3,12)",0.6744,0.87554
2803,"(2,6,8,10,12)",0.68348,0.88106
2804,"(1,3,4,5,6,8,9,10,12,13)",0.6744,0.8741
2805,"(1,2,4,5,7,8,9,10)",0.6772,0.87604
2806,"(0,1,3,4,6,9,10)",0.67272,0.87442
2807,"(1,3,4,6,7,10,12)",0.67322,0.87414
2808,"(3,6,8,10,13)",0.6821,0.8811
2809,"(1,3,4,5,6,7,10,11,13)",0.6738,0.8745
2810,"(2,3,5,6,8,10,13)",0.68246,0.88102
2811,"(0,2,6,7,8,11,13)",0.68316,0.88154
2812,"(4,6,8,12)",0.6833,0.8813
2813,"(1,4,8,10,11)",0.67538,0.87626
2814,"(0,2,3,4,6,7,8,9,10,11,13)",0.68214,0.88042
2815,"(3,5,6,7,8,11)",0.68282,0.88214
2816,"(4,7,8,10,12)",0.68268,0.88082
2817,"(1,5,6,7,9,10,11,12,13)",0.67614,0.87544
2818,"(0,3,7,8,10,12)",0.68198,0.8803
2819,"(1,2,4,6,8,9,12)",0.67644,0.87544
2820,"(0,3,6,8,10,12,13)",0.68236,0.88018
2821,"(2,5,6,13)",0.68364,0.88216
2822,"(0,2,3,7,10,11)",0.68228,0.88044
2823,"(1,2,5,6,10,11,12,13)",0.67576,0.87562
2824,"(0,2,3,4,6,7,8,9,10)",0.68212,0.88068
2825,"(5,9,10,13)",0.68382,0.8812
2826,"(0,3,5,7,9,10)",0.68164,0.88114
2827,"(1,2,6,7,13)",0.67626,0.87654
2828,"(0,1,2,3,4,6,7,11,13)",0.67302,0.87542
2829,"(2,4,6,10,12,13)",0.6824,0.88026
2830,"(0,1,3,4,5,8,10,11,12)",0.67404,0.87424
2831,"(0,2,5,8,9,10,12,13)",0.68336,0.88084
2832,"(0,1,5,7,10,13)",0.67614,0.87644
2833,"(0,2,6,7,9,11,13)",0.68376,0.8811
2834,"(0,1,6,7,8,10,11)",0.67582,0.8766
2835,"(1,2,3,7,8,10,11)",0.6749,0.8751
2836,"(2,3,4,5,8,9,10,11,12,13)",0.6834,0.88014
2837,"(0,4,5,6,7,8,12)",0.68282,0.88094
2838,"(1,2,3,5,8,11,13)",0.6749,0.87616
2839,"(0,1,2,3,5,6,7,12,13)",0.6739,0.87518
2840,"(2,6,8,10,11,12,13)",0.68318,0.88102
2841,"(0,2,3,6,12,13)",0.68226,0.88056
2842,"(0,3,4,5,7,8,10,12,13)",0.68154,0.87992
2843,"(1,3,5,6,7,8,10,11)",0.67418,0.87516
2844,"(0,1,5,6,7,13)",0.67682,0.87704
2845,"(0,1,2,3,5,6,9,10,11,13)",0.6744,0.87528
2846,"(2,3,4,6,7,8,11,13)",0.6822,0.88056
2847,"(0,2,3,4,5,6,7,8,9,11,13)",0.68266,0.88064
2848,"(0,4,5,6,8,10,11,12)",0.68216,0.88092
2849,"(0,2,3,6,7,10,11)",0.68164,0.8806
2850,"(1,2,3,8,9,10,12,13)",0.67462,0.87466
2851,"(0,2,3,5,9,10,13)",0.68282,0.88112
2852,"(0,1,2,3,5,8,9,10,13)",0.67472,0.87588
2853,"(0,1,2,4,7,9,10,13)",0.67558,0.8757
2854,"(0,3,6,7,8,10,12)",0.68188,0.8804
2855,"(2,4,5,6,7,11,13)",0.68294,0.88132
2856,"(0,5,7,8,9,10,12,13)",0.6832,0.88096
2857,"(1,2,4,6,7,8,9)",0.67718,0.8758
2858,"(3,4,5,6,7,8,9,13)",0.68246,0.88128
2859,"(0,2,3,8,12,13)",0.6832,0.88106
2860,"(1,2,3,4,5,8,9,10,12,13)",0.67342,0.87384
2861,"(2,3,4,6,7,10,11,12,13)",0.68164,0.87938
2862,"(0,2,5,6,8,10,12)",0.68318,0.88118
2863,"(2,3,6,7,8,9,11,12)",0.6835,0.88076
2864,"(1,2,3,4,5,6,7,10,11)",0.6729,0.87476
2865,"(3,4,5,8,9,11,12,13)",0.68316,0.88084
2866,"(0,1,2,3,9,10,13)",0.6744,0.87558
2867,"(1,3,12,13)",0.67488,0.87484
2868,"(1,3,9,11,12)",0.67552,0.87548
2869,"(0,1,3,5,6,7,8,9,10,11)",0.67462,0.8752
2870,"(2,3,7,10,12)",0.68206,0.88024
2871,"(3,4,5,8,11)",0.68298,0.88196
2872,"(1,2,3,5,8,9,12,13)",0.6756,0.87524
2873,"(0,1,2,5,12,13)",0.67604,0.87662
2874,"(2,3,4,5,6,10,11,12,13)",0.68194,0.87994
2875,"(0,1,3,6,7,8,9,11,12,13)",0.67424,0.87514
2876,"(3,5,11,12)",0.68354,0.88164
2877,"(0,1,4,5,6,7,8,10,11,13)",0.67448,0.87612
2878,"(0,2,3,8,9,12,13)",0.68344,0.88112
2879,"(0,1,2,3,6,8,10,11,13)",0.67362,0.87508
2880,"(4,6,7,8,9,10,11,13)",0.68268,0.88074
2881,"(0,5,6,8,11,12,13)",0.68356,0.88174
2882,"(0,3,4,5,8,9,11,12)",0.6826,0.88128
2883,"(1,2,6,10)",0.67616,0.87638
2884,"(1,2,3,4,6,9,12)",0.67366,0.87476
2885,"(0,5,7,8,9,11,12,13)",0.68406,0.88108
2886,"(2,4,5,12,13)",0.68382,0.8813
2887,"(3,6,8,9)",0.68324,0.88176
2888,"(0,4,6,8,10,11)",0.68134,0.88182
2889,"(0,2,7,8,9,11)",0.68416,0.88234
2890,"(0,4,5,6,7,8,10,11)",0.68256,0.88162
2891,"(3,6,7,12)",0.6827,0.8812
2892,"(2,4,5,6,8,9,10,13)",0.68336,0.88062
2893,"(1,2,3,5,7,10)",0.67452,0.87574
2894,"(0,1,3,4,7,8)",0.67432,0.87572
2895,"(0,1,6,7,9,10,11,13)",0.67554,0.8761
2896,"(1,2,4,5,6,7,9,10,13)",0.67568,0.8756
2897,"(2,3,5,6,7,8,11)",0.6828,0.88134
2898,"(0,1,2,3,5,7,9,12,13)",0.67454,0.87532
2899,"(1,2,3,4,7,8,10,11,12,13)",0.67354,0.87358
2900,"(0,1,2,3,4,5,6,9,10,11,13)",0.67374,0.8742
2901,"(2,4,5,7,8,9,11,12)",0.68412,0.8813
2902,"(0,1,3,4,5,8,9,13)",0.67472,0.87548
2903,"(1,3,4,5,6,7,9,11)",0.675,0.8753
2904,"(0,5,6,11)",0.68366,0.88286
2905,"(4,6,8,10,12)",0.68244,0.88124
2906,"(1,2,3,4,5,6,7,9,10,11,12,13)",0.67308,0.87398
2907,"(1,3,4,5,6,8,10,13)",0.67458,0.8748
2908,"(2,3,4,5,6,10)",0.68222,0.88026
2909,"(0,1,2,3,6,10,11,12)",0.67308,0.87454
2910,"(0,4,5,8,9,11,13)",0.68254,0.8823
2911,"(0,1,2,4,8,9,11,12,13)",0.67556,0.87546
2912,"(1,2,3,5,6,7,10,12,13)",0.67334,0.87468
2913,"(0,1,6,7,10,12,13)",0.67498,0.87564
2914,"(0,1,2,4,8,9,12,13)",0.67566,0.87584
2915,"(1,3,5,6,7,8,9,10)",0.67502,0.87556
2916,"(2,5,7,10,12)",0.68316,0.88058
2917,"(0,1,3,4,11)",0.67392,0.87562
2918,"(0,2,3,4,13)",0.68274,0.88124
2919,"(1,2,3,6,9,10,12)",0.67426,0.87442
2920,"(1,2,3,4,7,8,10,12,13)",0.67308,0.87418
2921,"(2,4,7,9,10,11,12)",0.68348,0.88014
2922,"(0,1,4,6,9)",0.67614,0.8765
2923,"(0,5,6,8,10,13)",0.68258,0.88156
2924,"(0,1,3,4,5,6,8,9,11,12)",0.67478,0.87496
2925,"(0,1,3,5,7,8,9,13)",0.67546,0.8764
2926,"(0,1,2,3,4,5,8,9,10,13)",0.6742,0.875
2927,"(0,1,2,3,4,5,7,9,10,12,13)",0.6736,0.87398
2928,"(0,1,4,8,9,10,11,13)",0.67516,0.8758
2929,"(1,2,4,6,9,10)",0.67548,0.87534
2930,"(0,1,2,3,5,12,13)",0.67426,0.8753
2931,"(0,5,7,8,12)",0.68344,0.88132
2932,"(0,1,2,3,5,6,13)",0.674,0.87588
2933,"(0,1,3,7,9,11,13)",0.67522,0.87604
2934,"(1,2,5,6,8,9,10,11)",0.67734,0.8766
2935,"(1,2,3,4,6,7,9,10,11)",0.67304,0.87394
2936,"(3,4,5,8,10,13)",0.6822,0.88078
2937,"(1,2,3,5,6)",0.67452,0.87654
2938,"(0,2,5,7,13)",0.68306,0.8814
2939,"(0,1,3,4,6,7,8,10)",0.67278,0.87476
2940,"(1,2,4,5,6,7,8)",0.67678,0.87654
2941,"(6,7,8,9,11)",0.68394,0.88242
2942,"(0,2,6,11,12)",0.68364,0.88146
2943,"(0,3,4,5,7,8,9,11)",0.68254,0.8817
2944,"(2,4,8,11,13)",0.68362,0.8824
2945,"(0,1,2,6,7,8,13)",0.67608,0.87672
2946,"(1,2,3,10,11,12)",0.67448,0.87518
2947,"(3,4,5,6,7,8,9,10,11,12,13)",0.68192,0.88022
2948,"(1,4,5,11,13)",0.6762,0.87636
2949,"(2,3,4,5,6,7,11)",0.68238,0.88102
2950,"(1,3,7,8,10,12)",0.67546,0.87502
2951,"(1,6,7,9,10,12)",0.67614,0.87534
2952,"(0,1,2,3,9,11,13)",0.6753,0.87582
2953,"(0,1,3,5,7,9,12,13)",0.67528,0.87508
2954,"(0,2,3,4,5,11,12,13)",0.68318,0.88098
2955,"(5,6,7,8,9,10,12)",0.68316,0.88068
2956,"(0,2,5,9,10,12)",0.68378,0.88102
2957,"(0,5,6,8,12,13)",0.6836,0.88138
2958,"(1,2,4,6,7,11,12)",0.67598,0.87548
2959,"(0,2,3,4,5,8,11)",0.68328,0.88182
2960,"(0,1,5,6,8,13)",0.67746,0.87706
2961,"(1,2,3,9,11,12)",0.67546,0.87584
2962,"(3,4,6,9,10)",0.68232,0.88066
2963,"(0,1,2,4,5,9,11,12)",0.67628,0.8761
2964,"(0,1,2,7,13)",0.67608,0.87722
2965,"(1,3,5,6,11,12)",0.67462,0.8755
2966,"(0,1,3,7,9,10,12,13)",0.67446,0.87456
2967,"(2,7,8,9,13)",0.68406,0.88142
2968,"(0,3,4,5,6,8)",0.68234,0.88186
2969,"(0,1,2,4,6,9,10,13)",0.67494,0.87588
2970,"(2,5,10,12,13)",0.68384,0.88042
2971,"(0,1,2,3,4,5,7,10,11,12)",0.67364,0.8741
2972,"(0,2,5,6,10)",0.68336,0.88164
2973,"(0,2,6,12)",0.68376,0.8815
2974,"(0,4,5,6,8,10,12)",0.68306,0.88088
2975,"(1,2,4,6,10,11,13)",0.67402,0.87552
2976,"(0,1,3,5,7,8,9,10,11,13)",0.67488,0.8752
2977,"(1,2,5,6,7,8,9,13)",0.67698,0.87716
2978,"(4,7,10)",0.68294,0.88092
2979,"(0,1,2,7,8,9,10,13)",0.67604,0.8761
2980,"(0,2,5,6,8,9,11,12)",0.68378,0.88192
2981,"(1,2,3,4,6,7,8)",0.67386,0.87518
2982,"(0,3,4,5,7,9,12)",0.68246,0.88108
2983,"(2,3,6,7,8)",0.68342,0.88172
2984,"(1,2,3,4,5,7,8,11,12)",0.6745,0.87528
2985,"(0,3,4,5,6,12,13)",0.68184,0.88094
2986,"(0,1,2,4,5,6,7,8,11,12,13)",0.67544,0.87616
2987,"(2,5,7,8,9,12,13)",0.68384,0.88106
2988,"(1,4,5,6,8,11)",0.67666,0.8768
2989,"(2,3,5,6,7,10,11)",0.68222,0.88044
2990,"(1,2,8,9,10,11,12,13)",0.67622,0.87548
2991,"(4,9,11,12,13)",0.68374,0.88136
2992,"(2,3,4,7,8,9,10)",0.6832,0.8809
2993,"(0,1,2,4,5,6,8,13)",0.67598,0.8766
2994,"(0,1,2,3,6,8,9,12)",0.6739,0.8754
2995,"(1,3,5,6,7,8,9)",0.67558,0.87586
2996,"(1,2,3,7,10,11,13)",0.67446,0.87494
2997,"(0,2,3,8,9,10,12)",0.68332,0.8805
2998,"(4,6,9,10,11,13)",0.68286,0.88086
2999,"(0,1,4,5,7,9,11,13)",0.67664,0.87664
3000,"(0,2,4,7,12,13)",0.68344,0.88098
3001,"(0,1,2,3,4,5,7,8,9,11,12)",0.6744,0.87534
3002,"(1,2,8,10,12)",0.67646,0.87606
3003,"(3,5,7,12)",0.6828,0.8812
3004,"(2,4,6,10,13)",0.6826,0.88068
3005,"(0,1,2,3,6,7,10,11)",0.6741,0.87488
3006,"(1,3,8,10,11,12,13)",0.67376,0.8747
3007,"(0,6,8,9,10,13)",0.68324,0.88158
3008,"(1,2,3,6,7,8,10,11,13)",0.6734,0.8747
3009,"(1,2,4,6,9,11,12,13)",0.67564,0.87548
3010,"(0,1,2,4,5,6,9,13)",0.67598,0.87674
3011,"(3,6,7,8,9,11,12)",0.6834,0.88108
3012,"(0,2,4,6,9,10,11,13)",0.68262,0.88106
3013,"(0,1,2,3,5,6,7,8,9,11)",0.6756,0.87592
3014,"(0,3,4,7,8,9,10,12)",0.68224,0.88052
3015,"(3,8,10,12)",0.68256,0.88092
3016,"(0,1,2,3,7,8,10,11,13)",0.67394,0.87524
3017,"(1,2,5,6,7,10,11)",0.67642,0.87636
3018,"(0,3,5,6,10,13)",0.6818,0.88102
3019,"(0,4,7,8,9,10,11,12,13)",0.6826,0.88082
3020,"(0,1,2,3,8,11,12)",0.67478,0.8759
3021,"(4,7,10,11)",0.6828,0.88128
3022,"(0,4,6,7,9)",0.6837,0.88168
3023,"(0,1,4,9)",0.67654,0.87646
3024,"(0,1,2,3,4,9,12)",0.67338,0.8752
3025,"(1,9,10,11)",0.6767,0.87632
3026,"(1,5,8,10,11,12,13)",0.6765,0.87606
3027,"(0,3,4,5,13)",0.68186,0.8816
3028,"(0,4,5,6,7,13)",0.68236,0.88158
3029,"(2,3,4,6,8,9,10,11,12,13)",0.68164,0.87992
3030,"(2,3,7,8,9,10,12)",0.68284,0.88006
3031,"(0,2,3,5,6,7,10)",0.68194,0.88084
3032,"(0,1,2,3,4,6,7,9,10,13)",0.6727,0.8747
3033,"(2,3,5,7,10,12)",0.68292,0.88022
3034,"(0,1,5,6,7,8,13)",0.67686,0.87712
3035,"(1,3,5,6,7,8,9,11)",0.6764,0.87586
3036,"(4,5,6,12,13)",0.6841,0.88122
3037,"(0,3,4,5,7,8,9,12)",0.6825,0.88128
3038,"(2,3,8,11,12,13)",0.68324,0.8806
3039,"(3,5,6,7,10,12)",0.6816,0.88038
3040,"(0,2,4,5,6,9,11,12,13)",0.6837,0.88094
3041,"(1,2,3,6,9,10,12,13)",0.67298,0.87476
3042,"(1,4,5,7,8,10)",0.67576,0.87626
3043,"(0,1,2,3,5,6,9,11)",0.67512,0.87592
3044,"(0,3,5,6,8,10,11,12,13)",0.68216,0.8797
3045,"(0,1,3,5,11,12)",0.67536,0.87604
3046,"(0,1,3,4,6,7,9,12)",0.67348,0.87456
3047,"(0,7,8,9,10,11,13)",0.6828,0.88134
3048,"(1,3,8,9,10)",0.67536,0.8754
3049,"(1,2,3,6,7,8,9,13)",0.67448,0.87542
3050,"(1,3,5,10,11,12,13)",0.67394,0.8753
3051,"(0,1,2,4,6,7,13)",0.67482,0.87572
3052,"(2,3,4,5,6,7,8,10,13)",0.68204,0.87968
3053,"(0,1,3,4,6,7,8,9,10)",0.67338,0.8746
3054,"(0,1,4,7,10,12,13)",0.67482,0.8748
3055,"(0,2,3,6,9,11,12,13)",0.68338,0.88122
3056,"(1,2,3,5,7,9,13)",0.67474,0.87548
3057,"(8,10,11)",0.6835,0.88196
3058,"(1,3,4,6,7,8,9,10,11)",0.67342,0.87402
3059,"(0,2,4,7,9,10,12)",0.68224,0.8801
3060,"(1,4,6,9,10,11,13)",0.6747,0.87532
3061,"(1,2,9,12)",0.677,0.8763
3062,"(2,4,6,7,8,10,11,13)",0.68262,0.8808
3063,"(0,3,4,5,6,11,13)",0.68202,0.88162
3064,"(0,3,4,5,6,7,8,11,12)",0.68206,0.88068
3065,"(0,1,4,5,6,8,10,12,13)",0.67508,0.87514
3066,"(0,2,3,4,6,7,8,9,10,12,13)",0.68182,0.87978
3067,"(0,1,2,4,8,10,11,13)",0.67536,0.87532
3068,"(2,4,8,9,11,12)",0.6838,0.88162
3069,"(0,1,4,11,12)",0.67586,0.87628
3070,"(1,4,5,7,9,10,13)",0.67644,0.87562
3071,"(4,7,8,10,12,13)",0.68222,0.88022
3072,"(0,1,5,9,10)",0.6773,0.87696
3073,"(1,7,8,13)",0.67686,0.87692
3074,"(1,2,3,5,6,7,9,10,11,12)",0.6741,0.8747
3075,"(2,5,6,7,8,9,11,13)",0.68388,0.88164
3076,"(4,10)",0.68352,0.88172
3077,"(0,1,3,5,6,8,9,11,12,13)",0.6757,0.87552
3078,"(0,1,2,5,6,7,9)",0.67674,0.87698
3079,"(0,4,6,9,11,13)",0.6828,0.88176
3080,"(0,1,6,9,10,11)",0.67558,0.87632
3081,"(0,2,4,5,9,10,11,13)",0.68296,0.88142
3082,"(1,2,3,4,5,6)",0.67394,0.8758
3083,"(1,4,6,12,13)",0.67476,0.87548
3084,"(0,1,2,3,4,5,6,8,10,13)",0.6739,0.87494
3085,"(0,2,4,5,7,10)",0.68292,0.88062
3086,"(1,2,5,6,9,12)",0.67706,0.87668
3087,"(0,2,4,5,6,7,11,13)",0.68312,0.88114
3088,"(0,2,3,4,5,7,8,10,12,13)",0.68138,0.88024
3089,"(3,4,6,7,8,10)",0.6823,0.88092
3090,"(0,2,3,4,6,10,11)",0.68214,0.88066
3091,"(4,5,7,8,10)",0.68308,0.88152
3092,"(1,3,4,5,6,7,10,12,13)",0.67384,0.87374
3093,"(0,3,4,5,6,7,10,11)",0.6814,0.88074
3094,"(0,1,2,4,5)",0.6766,0.87664
3095,"(1,5,6,7,8,9,10,12)",0.67662,0.87584
3096,"(0,1,3,4,5,6,7,8,10)",0.67416,0.875
3097,"(1,4,5,12)",0.67664,0.8765
3098,"(0,1,2,3,4,9,10,11)",0.6735,0.87406
3099,"(0,6,7,12,13)",0.68308,0.88128
3100,"(2,4,5,8,10,11,12)",0.68356,0.88064
3101,"(1,3,4,5,6,7,8,9,10,11,12)",0.67498,0.87422
3102,"(0,1,2,4,6,8,10,13)",0.674,0.87566
3103,"(0,3,4,7,9,10,11,13)",0.68148,0.88032
3104,"(0,3,4,6,9,10,12,13)",0.68214,0.88052
3105,"(0,1,5,6,7,10,11,13)",0.67574,0.87692
3106,"(0,1,6,7,9,10,12,13)",0.675,0.8749
3107,"(0,1,4,7,9,10,12)",0.6756,0.8749
3108,"(0,2,5,6,8,10,11,12)",0.68302,0.88106
3109,"(0,1,2,3,4,6,7,9,11,12)",0.67346,0.87444
3110,"(0,4,5,6,9,10,11)",0.68314,0.88156
3111,"(3,5,8,11)",0.68312,0.8819
3112,"(0,1,5,8,9)",0.67812,0.87702
3113,"(0,1,3,6,8,12,13)",0.67428,0.87542
3114,"(0,1,7,8,9,12)",0.67696,0.87674
3115,"(1,2,7,9,12,13)",0.67658,0.87602
3116,"(0,1,3,7,8,9,10,11,12)",0.67458,0.87458
3117,"(0,1,2,3,7,8,12)",0.67428,0.8756
3118,"(2,5,6,7,8,13)",0.68404,0.88136
3119,"(0,2,5,7,8)",0.6831,0.8819
3120,"(1,4,5,7,8,10,11,13)",0.67506,0.87602
3121,"(0,3,4,10,11,13)",0.68202,0.88098
3122,"(0,1,2,3,6,8,9,10,11)",0.67418,0.8745
3123,"(3,6,8,9,10,12,13)",0.68254,0.8805
3124,"(0,7,8,12)",0.68298,0.8817
3125,"(0,7,8,11,12,13)",0.6834,0.88132
3126,"(0,1,2,3,6,8,9,10,11,13)",0.67354,0.8743
3127,"(0,1,2,3,6,9,10,12)",0.67338,0.87476
3128,"(0,1,6,8,9,10,11,12)",0.67572,0.87584
3129,"(2,4,5,6,7,8,9,11)",0.68354,0.88142
3130,"(1,3,4,6,8,10,11)",0.67326,0.87486
3131,"(0,4,5,6,7,8,9,11,13)",0.6828,0.88198
3132,"(1,4,5,9,10,11,12,13)",0.67552,0.87478
3133,"(0,1,4,6,7,8,9,10,12)",0.67538,0.8749
3134,"(0,6,7,8,9,10,12,13)",0.68268,0.88102
3135,"(2,3,4,5,8,9,11,13)",0.68278,0.88076
3136,"(2,4,6,7,9,10,11)",0.68322,0.88056
3137,"(4,7,8,11,13)",0.68282,0.88196
3138,"(0,1,3,5,8,12,13)",0.67516,0.87558
3139,"(1,2,3,5,6,7,11,13)",0.67532,0.87564
3140,"(2,3,6,9,10,12,13)",0.68168,0.88008
3141,"(0,1,4,5,10,12,13)",0.67576,0.87522
3142,"(0,2,7,11,13)",0.68338,0.88156
3143,"(2,4,8,9,10,12,13)",0.6828,0.88036
3144,"(2,6,9,11)",0.68414,0.88154
3145,"(2,5,8,9,12)",0.68388,0.8817
3146,"(0,5,6,7,11,12)",0.68358,0.88166
3147,"(1,2,3,6,7,9,12,13)",0.6739,0.87468
3148,"(0,3,4,6,9,11)",0.68292,0.88118
3149,"(0,1,3,5,6,7,8,9,10,11,12)",0.67532,0.87464
3150,"(0,1,2,4,5,8,11)",0.67726,0.87708
3151,"(0,2,5,7,10,11,12,13)",0.683,0.88038
3152,"(1,2,6,8,9,11)",0.6776,0.8764
3153,"(2,4,5,9,10)",0.68338,0.88134
3154,"(1,2,4,5,6,7,9,10)",0.67622,0.87582
3155,"(0,6,7,9,10,11,12,13)",0.68276,0.88044
3156,"(2,3,7,8,11)",0.68366,0.8817
3157,"(4,6,7,8,13)",0.6831,0.8814
3158,"(1,2,5,8,9,12)",0.67734,0.87656
3159,"(5,6,7,8,9)",0.68366,0.8819
3160,"(3,6,7,8,10,12)",0.68186,0.88094
3161,"(2,3,4,8,10,12,13)",0.68212,0.88036
3162,"(0,1,4,5,6,8,9)",0.67704,0.87686
3163,"(0,1,4,9,10,11,13)",0.67548,0.87556
3164,"(1,2,5,7,8,9,10,12)",0.67748,0.87584
3165,"(0,1,3,5,7,8,9,10,12,13)",0.67542,0.87468
3166,"(1,2,3,5,6,9,10)",0.67406,0.8755
3167,"(3,6,7,11,12)",0.68324,0.88134
3168,"(0,1,3,4,7,9,10,13)",0.6735,0.87422
3169,"(3,4,5,7,8,12)",0.68268,0.88094
3170,"(1,3,4,5,7,8,9,11)",0.67592,0.87558
3171,"(4,5,6,7,9,10,12)",0.68344,0.88036
3172,"(3,4,6,9,12)",0.68258,0.88122
3173,"(0,2,4,6,7,8,12)",0.68352,0.88074
3174,"(0,2,6,9,10,11,13)",0.68266,0.8809
3175,"(1,4,5,6,7,10,13)",0.6755,0.87572
3176,"(1,4,8,10,11,12,13)",0.67484,0.87514
3177,"(0,2,4,8,9,10,12)",0.68292,0.8811
3178,"(0,1,2,3,5,6,9,12,13)",0.67392,0.87552
3179,"(0,2,3,6,11,12)",0.68318,0.88114
3180,"(2,4,6,7)",0.6832,0.88162
3181,"(1,2,9,10,11,12)",0.67656,0.8759
3182,"(0,2,3,6,7,8,9,10,12)",0.68214,0.88034
3183,"(1,5,6,7,10,11,12)",0.67624,0.876
3184,"(2,3,4,5,7,9,10,12)",0.68264,0.8797
3185,"(3,5,6,7,10,13)",0.68162,0.8812
3186,"(0,4,6,8,9,10,12,13)",0.6821,0.88086
3187,"(0,1,2,7,8,9,10,11,13)",0.6766,0.87648
3188,"(1,4,5,7,13)",0.6765,0.87628
3189,"(2,4,9,13)",0.6838,0.88136
3190,"(1,2,3,7,13)",0.6743,0.87608
3191,"(0,3,5,6,7,9,12,13)",0.68204,0.88104
3192,"(0,6,7,8,9,10,11,13)",0.68276,0.8811
3193,"(0,2,4,5,6,9,11,13)",0.6833,0.881
3194,"(2,4,8,10,13)",0.68274,0.88162
3195,"(0,1,2,3,5,7,8,10,11)",0.67506,0.87542
3196,"(3,4,10,12,13)",0.68168,0.88024
3197,"(4,7,8,10,11)",0.68282,0.8815
3198,"(1,3,5,10,13)",0.67488,0.87558
3199,"(0,3,5,6,7,9,11)",0.68246,0.88168
3200,"(1,3,7,9,11,13)",0.67522,0.87548
3201,"(0,1,2,4,5,6,8,9,10,12)",0.67594,0.87488
3202,"(2,3,4,7,9,11,12,13)",0.68288,0.88032
3203,"(1,2,5,7,8,10,11,12)",0.67672,0.87592
3204,"(0,2,4,7,9,13)",0.68288,0.88108
3205,"(0,2,3,7,9,10,13)",0.6825,0.88094
3206,"(1,2,4,6,7,8,10,11,12,13)",0.67498,0.87526
3207,"(0,1,2,7,12,13)",0.67548,0.87642
3208,"(0,2,7,9,10,11)",0.68394,0.88116
3209,"(1,4,5,9,11)",0.6773,0.87664
3210,"(0,1,2,5,8,10,11,12,13)",0.6758,0.87588
3211,"(0,3,4,5,6,7,9,10,12)",0.68148,0.88032
3212,"(0,1,2,4,6,8,9,10,12,13)",0.67466,0.87462
3213,"(0,3,5,7,9,11,13)",0.68242,0.88202
3214,"(3,5,7,10,13)",0.68274,0.8811
3215,"(0,1,3,9,11,12)",0.67492,0.8753
3216,"(1,5,9,11,12)",0.67836,0.87674
3217,"(2,5,7,9,12,13)",0.6831,0.88108
3218,"(0,2,6,7,8,10,11,13)",0.68262,0.88104
3219,"(0,5,6,7,8,9,10,11,13)",0.68278,0.8811
3220,"(0,1,2,3,4,6,9,11,12,13)",0.67332,0.87438
3221,"(2,3,6,7,9,10)",0.68242,0.88036
3222,"(0,2,6,8,12)",0.68364,0.88156
3223,"(0,1,2,3,10,12)",0.6739,0.87474
3224,"(0,1,4,11,12,13)",0.67576,0.87634
3225,"(2,3,5,6,11,13)",0.68288,0.88164
3226,"(0,7,9,10,12)",0.68292,0.8808
3227,"(0,4,6,7,11,12)",0.68338,0.88164
3228,"(2,3,5,7,9,10,11,12,13)",0.68276,0.87966
3229,"(0,1,3,4,6,9)",0.67394,0.87536
3230,"(4,5,6,7,8,9,10,12,13)",0.68268,0.87976
3231,"(1,2,4,5,6,8,10,11,12)",0.67592,0.87516
3232,"(4,5,8,10,11,12)",0.68318,0.88106
3233,"(2,5,6,8,9,10,13)",0.68378,0.88102
3234,"(0,1,2,10,11)",0.67586,0.8763
3235,"(2,4,5,6,8,11,13)",0.68322,0.88148
3236,"(0,2,3,6,7,8,11,12,13)",0.68286,0.88076
3237,"(3,5,6,7,9,11,13)",0.68228,0.88116
3238,"(0,1,2,4,5,6,9,10,11,13)",0.67572,0.87552
3239,"(1,2,6,7,9,10,13)",0.67594,0.87584
3240,"(2,5,6,7,8,9,13)",0.68334,0.88156
3241,"(0,3,4,5,8,11,12)",0.68254,0.8811
3242,"(4,5,6,8,10,12,13)",0.68222,0.88074
3243,"(1,2,7,11,13)",0.67682,0.8768
3244,"(0,1,2,4,5,6,8,9,12,13)",0.67524,0.87576
3245,"(0,1,2,3,6,7,9,12)",0.67374,0.87524
3246,"(4,6,7,10,13)",0.68268,0.88078
3247,"(1,2,3,4,12,13)",0.67326,0.8746
3248,"(4,7,9,11,13)",0.6837,0.88168
3249,"(1,2,8,10,11,13)",0.67548,0.87636
3250,"(1,4,5,8,12,13)",0.67616,0.87606
3251,"(0,6,7,8,9)",0.68318,0.88192
3252,"(0,2,3,7,8,9,10)",0.68268,0.88116
3253,"(3,5,8,9,10,13)",0.68278,0.88082
3254,"(0,2,4,6,8,10,12)",0.6826,0.8804
3255,"(2,4,5)",0.68342,0.8815
3256,"(0,2,3,5,7)",0.68256,0.88172
3257,"(0,1,2,3,6,8,10,13)",0.67348,0.87514
3258,"(0,1,3,4,5,7,9,11)",0.67496,0.8756
3259,"(3,4,6,9,12,13)",0.6829,0.88162
3260,"(0,1,3,5,6,7,10,11,12)",0.67414,0.87534
3261,"(0,1,3,5,6,7,8,9,10,12)",0.67488,0.87506
3262,"(0,1,2,3,4,6,8,11)",0.67402,0.87532
3263,"(0,1,2,3,7,9,13)",0.67444,0.87576
3264,"(0,7,9,13)",0.68266,0.88226
3265,"(0,1,2,5,6)",0.67652,0.87714
3266,"(0,2,3,4,5,6,11)",0.68326,0.88144
3267,"(0,1,2,3,4,5,7,11,13)",0.67418,0.8752
3268,"(1,2,3,5,8,9,11,13)",0.67562,0.87626
3269,"(2,3,4,5,6,7,9,10,11,13)",0.68236,0.8801
3270,"(0,3,4,7,11,13)",0.68216,0.88112
3271,"(1,4,7,10,12)",0.67608,0.87508
3272,"(2,3,7,8,9,11,13)",0.68346,0.8815
3273,"(0,4,5,6,9,12,13)",0.68272,0.88136
3274,"(0,1,3,4,5,6,7,10,11,12)",0.67376,0.87456
3275,"(1,3,4,5,6,8,11)",0.67494,0.8756
3276,"(0,3,4,6,7,10,12,13)",0.68108,0.87962
3277,"(0,4,9,10,12)",0.68264,0.88094
3278,"(1,4,7,8,9,11,12,13)",0.67578,0.87608
3279,"(0,1,3,4,5,8,11)",0.67506,0.87592
3280,"(0,2,3,5,6,8,9,10,13)",0.68254,0.88074
3281,"(0,1,2,3,4,5,6,8,10,12,13)",0.673,0.87388
3282,"(0,2,3,4,5,6,11,13)",0.68158,0.88084
3283,"(0,1,4,5,8,12,13)",0.6758,0.8757
3284,"(1,3,4,6,8,9,11,13)",0.674,0.87494
3285,"(1,2,3,4,5,7,10,11,12,13)",0.67412,0.87456
3286,"(1,2,3,4,7)",0.67438,0.8751
3287,"(1,2,4,5,6,8,12,13)",0.67538,0.87554
3288,"(2,5,9,10,11,12,13)",0.68422,0.88076
3289,"(1,2,3,4,7,9,10,11,12,13)",0.67304,0.87376
3290,"(1,2,3,4,8,11,13)",0.6739,0.87556
3291,"(2,4,5,6,8,10,11)",0.6827,0.88134
3292,"(1,4,5,6,8,10,11)",0.67526,0.87594
3293,"(1,2,3,4,5,6,8,9,10)",0.67394,0.87488
3294,"(0,8,10,12,13)",0.68268,0.88148
3295,"(1,2,4,5)",0.67698,0.87632
3296,"(0,5,7,8,10,11,13)",0.68272,0.88158
3297,"(1,2,5,6,7,8,10,13)",0.67646,0.87636
3298,"(0,2,5,6,7,8,13)",0.68226,0.88126
3299,"(0,1,2,5,6,7,8,9,12)",0.67658,0.87662
3300,"(0,3,4,6,7,11,12)",0.6827,0.8807
3301,"(0,1,4,5,7,11,12,13)",0.67578,0.87636
3302,"(8,13)",0.6832,0.88246
3303,"(0,6,10,11,13)",0.68254,0.88158
3304,"(3,5,10,13)",0.68246,0.88128
3305,"(2,3,6,11,12,13)",0.68228,0.8809
3306,"(0,1,2,3,4,5,7,8,10,11,12,13)",0.6736,0.87428
3307,"(0,1,10,11,12)",0.676,0.87634
3308,"(0,1,5,6,7,8,12)",0.6768,0.87624
3309,"(0,1,7,12,13)",0.67594,0.876
3310,"(3,4,5,8,9,10,13)",0.68248,0.88138
3311,"(1,2,3,5,6,8,9,10,12,13)",0.67392,0.87434
3312,"(0,1,2,3,7,8,9,10)",0.67432,0.875
3313,"(1,3,4,5,8,10)",0.67466,0.87542
3314,"(0,3,4,5,6,11,12)",0.68294,0.88128
3315,"(1,2,3,4,5,6,10,12)",0.6738,0.87408
3316,"(1,3,5,9,10,12)",0.67478,0.87518
3317,"(1,5,6,7,8,9,10,11)",0.67714,0.8769
3318,"(0,3,5,6,8,10,12)",0.68214,0.88038
3319,"(1,6,7,8)",0.67676,0.87676
3320,"(1,4,5,6,7,9,11,12)",0.67648,0.87612
3321,"(1,6,9,10)",0.67694,0.8762
3322,"(2,3,5,7,12,13)",0.68312,0.88078
3323,"(0,1,2,4,6,7,8,9,11)",0.6761,0.87564
3324,"(0,1,2,3,7,8,9,10,13)",0.67378,0.87512
3325,"(2,4,5,6,12)",0.68416,0.88126
3326,"(0,1,2,3,4,5,6,11)",0.67392,0.87552
3327,"(0,1,2,4,5,7,8,11,12)",0.6768,0.87614
3328,"(0,1,4,5,6,9,10,12,13)",0.67534,0.87478
3329,"(1,2,3,4,5,6,11,12)",0.67456,0.87532
3330,"(0,1,3,4,5,6,7,8,10,12,13)",0.6736,0.87438
3331,"(1,2,3,4,6,10,12)",0.67272,0.87408
3332,"(0,5,8,11,12,13)",0.68372,0.88156
3333,"(0,4,5,7,10,11)",0.6833,0.88158
3334,"(1,3,4,5,7,11,12,13)",0.67444,0.87468
3335,"(0,1,4,5,10,13)",0.67544,0.87646
3336,"(1,2,4,13)",0.6751,0.87606
3337,"(0,2,3,4,5,8,9,12)",0.68334,0.88128
3338,"(3,5,6,8,11,12)",0.68276,0.88114
3339,"(3,4,5,7,8,9,11)",0.68334,0.88158
3340,"(0,1,2,5,8,9,13)",0.67722,0.87682
3341,"(1,2,3,5,8,10)",0.67518,0.87594
3342,"(2,3,4,8,9,10,13)",0.6832,0.8808
3343,"(2,3,7,11,12,13)",0.68264,0.881
3344,"(1,2,4,7,10,11)",0.67586,0.87556
3345,"(1,2,3,4,7,12,13)",0.67302,0.87446
3346,"(0,2,4,5,11,12)",0.684,0.88138
3347,"(0,1,3,5,6,8)",0.6757,0.87648
3348,"(1,4,5,6,8,10,12,13)",0.67482,0.87518
3349,"(2,4,5,6,7,11,12,13)",0.6833,0.88076
3350,"(0,3,11,12,13)",0.6827,0.88066
3351,"(0,1,2,3,4,6,7,8,9,11,12,13)",0.67382,0.87484
3352,"(0,1,2,4,6,8,9,11,12,13)",0.67496,0.8753
3353,"(0,1,2,6,8,13)",0.67606,0.8771
3354,"(0,7,9,10,12,13)",0.68278,0.88082
3355,"(0,5,6,10,11,12,13)",0.68298,0.8807
3356,"(0,2,3,4,6,8,9,10)",0.68268,0.88088
3357,"(2,6,7,9,10,13)",0.6836,0.88086
3358,"(0,1,3,5,8,10,11)",0.67528,0.87566
3359,"(2,3,4,6,8,12,13)",0.68204,0.88052
3360,"(1,2,3,4,9,11)",0.67546,0.87514
3361,"(0,4,5,7,8,9,10)",0.68292,0.88172
3362,"(1,3,4,7,8,9,10,13)",0.6742,0.87384
3363,"(1,5,7,8,9,10,11,13)",0.67704,0.8764
3364,"(2,3,5,6,7,9,12,13)",0.68254,0.88046
3365,"(0,3,5,6,13)",0.68262,0.88166
3366,"(4,7,9,12)",0.68378,0.88134
3367,"(1,3,4,5,6,8,9,10,11,12,13)",0.67444,0.8743
3368,"(1,3,5,7,8,9,10,11)",0.67576,0.87532
3369,"(1,7,10,13)",0.67576,0.87622
3370,"(0,1,3,8,11,13)",0.6753,0.87584
3371,"(0,2,3,4,8,9,12)",0.68296,0.88118
3372,"(2,3,5,6,7,8,9,11)",0.68348,0.88128
3373,"(0,5,7,9,10,12)",0.68352,0.88108
3374,"(0,1,2,4,7,9,12,13)",0.67548,0.87576
3375,"(1,2,4,6,7,9,10,13)",0.67524,0.87526
3376,"(1,3,4,5,9,10,11,12,13)",0.67406,0.87452
3377,"(5,6,7,8,9,12)",0.68394,0.88132
3378,"(1,3,4,5,6,11,13)",0.67456,0.87574
3379,"(0,1,2,3,4,7,9,10,11,13)",0.67336,0.87434
3380,"(0,3,5,6,7,8,10,11)",0.68194,0.88072
3381,"(2,3,6,9,10,13)",0.68288,0.8808
3382,"(0,2,3,6,8,11)",0.6832,0.88166
3383,"(1,6,7,8,9,10,13)",0.67596,0.87604
3384,"(3,5,8,13)",0.6826,0.88158
3385,"(2,4,7,9,11,12,13)",0.683,0.88108
3386,"(0,1,3,4,5,8,10,13)",0.67406,0.87498
3387,"(0,2,5,6,8,11)",0.68366,0.88216
3388,"(0,1,4,6,9,13)",0.67556,0.87658
3389,"(2,4,5,6,7,8,9,12,13)",0.68346,0.88078
3390,"(8,10,12,13)",0.68246,0.8815
3391,"(1,2,3,4,6,10,13)",0.67214,0.87484
3392,"(1,2,3,6,9,11)",0.67558,0.87548
3393,"(3,4,5,10,12,13)",0.68256,0.88022
3394,"(0,2,3,4,6,9,11)",0.6831,0.88114
3395,"(3,6,7,9,10,12,13)",0.68176,0.88024
3396,"(0,1,3,4,7,9,10,11,12,13)",0.67344,0.87384
3397,"(1,3,4,13)",0.67432,0.87562
3398,"(2,5,6,10,11,12)",0.68382,0.88078
3399,"(8,12,13)",0.68378,0.88214
3400,"(0,2,7,10,11)",0.68334,0.88148
3401,"(2,3,4,8)",0.6837,0.88176
3402,"(0,1,2,3,5,6,8,9,11,13)",0.67476,0.87568
3403,"(1,2,4,5,6,7,8,9,10,11,12,13)",0.67572,0.87442
3404,"(1,4,5,9,10,11)",0.67702,0.8763
3405,"(0,5,6,7,9,10,11,13)",0.68248,0.88126
3406,"(0,1,2,8,11,13)",0.67654,0.87686
3407,"(0,1,4,8,10,13)",0.67454,0.87584
3408,"(5,6,9,11,12,13)",0.68402,0.88156
3409,"(0,3,4,7,10,11)",0.68208,0.8809
3410,"(0,1,6,7,9,10,13)",0.67546,0.8762
3411,"(3,6,7,9,10,11,12,13)",0.68224,0.87966
3412,"(3,4,5,6,7,8,11,12,13)",0.68194,0.88082
3413,"(2,6,8,10,12,13)",0.68288,0.8809
3414,"(1,3,5,6,8,10,11,13)",0.67468,0.8749
3415,"(3,4,5,9,10,11,12,13)",0.68302,0.87982
3416,"(2,3,5,7,8,13)",0.6834,0.88176
3417,"(1,2,3,4,5,9,11)",0.6756,0.87566
3418,"(0,1,3,4,6,8,9,12,13)",0.67394,0.87444
3419,"(0,1,3,7,9,11)",0.67608,0.87568
3420,"(0,1,4,5,6,8,12)",0.67636,0.8762
3421,"(0,1,3,4,6,8,9,10)",0.6731,0.87464
3422,"(0,1,2,3,6,7,13)",0.674,0.87618
3423,"(1,5,6,7,9,10,12)",0.6767,0.87602
3424,"(2,6,7,10,13)",0.68318,0.8808
3425,"(0,2,6,7,8,9,11,12,13)",0.68332,0.88114
3426,"(4,7,8,9)",0.6838,0.88214
3427,"(0,1,4,5,9,11)",0.67722,0.877
3428,"(0,4,5,6,8,9,10,11,12,13)",0.6824,0.88018
3429,"(0,1,2,3,7,8,10,13)",0.67328,0.87532
3430,"(1,3,5,6,7,9,11)",0.67594,0.876
3431,"(1,2,4,6,7,8,11,13)",0.67634,0.8758
3432,"(5,6,7,9,13)",0.68344,0.8816
3433,"(1,2,4,7,9,10,11,12,13)",0.67498,0.8745
3434,"(1,2,4,6,9,10,13)",0.67506,0.87502
3435,"(0,1,3,5,6,7,8,10,12)",0.67418,0.87502
3436,"(2,3,4,5,7,9,10)",0.68302,0.88072
3437,"(0,1,2,3,4,5,8,9,10,11,12)",0.67394,0.87446
3438,"(0,3,5,6,7,9,12)",0.6825,0.88146
3439,"(0,1,4,6,11,13)",0.67448,0.8762
3440,"(0,3,4,6,8,10,11,12)",0.68204,0.88058
3441,"(0,1,3,4,5,6,11)",0.67434,0.87566
3442,"(4,7,8,9,11,13)",0.6835,0.88186
3443,"(3,4,5,13)",0.68296,0.88124
3444,"(0,1,4,5,8,9,10,11,12)",0.67598,0.87546
3445,"(0,1,3,4,5,7,8,9,11,13)",0.6747,0.87558
3446,"(1,2,4,8,9,10,12,13)",0.6749,0.87468
3447,"(2,3,5,6,8,9,13)",0.6831,0.88158
3448,"(1,2,3,5,7,13)",0.67522,0.87608
3449,"(0,3,4,5,8,9,10,11,12)",0.68202,0.88056
3450,"(0,1,2,3,5,8,11,13)",0.67572,0.8763
3451,"(5,6,7,8,12,13)",0.68334,0.8812
3452,"(0,3,4,5,7,12)",0.68228,0.88132
3453,"(2,3,6,8,10,11,12)",0.68238,0.88026
3454,"(3,4,7,11,13)",0.6824,0.88172
3455,"(2,6,9,10,12,13)",0.68274,0.88048
3456,"(0,1,4,5,6,7,9,12,13)",0.67552,0.87556
3457,"(2,3,4,8,9,10,11,13)",0.6833,0.88086
3458,"(0,3,4,6,11,12,13)",0.6822,0.88152
3459,"(0,4,6,7,11)",0.68324,0.8821
3460,"(0,1,5,6,7,9,10,13)",0.67664,0.8761
3461,"(0,3,4,5,6,7,8,9,11,12)",0.68204,0.88064
3462,"(2,3,9,11,13)",0.68334,0.88118
3463,"(0,1,2,3,4,6)",0.6722,0.87556
3464,"(0,2,3,4,6,8,11,12)",0.6831,0.88124
3465,"(0,1,4,8,10,11,13)",0.67396,0.87608
3466,"(1,2,4,6,8,11,12)",0.6756,0.8756
3467,"(0,1,2,5,6,7,9,10)",0.67638,0.87634
3468,"(1,3,4,8,9,10)",0.6741,0.87486
3469,"(2,3,4,5,7,8,10)",0.68252,0.88074
3470,"(3,7,11,12,13)",0.68246,0.8806
3471,"(0,2,7,8,12)",0.68344,0.88124
3472,"(2,6,12)",0.68348,0.8814
3473,"(0,2,9,11)",0.68484,0.8822
3474,"(1,6,9,13)",0.67668,0.87688
3475,"(2,3,10,11,13)",0.68262,0.88054
3476,"(0,1,2,5,7)",0.67698,0.8772
3477,"(0,2,3,6,8,9,10,11,12,13)",0.68294,0.88004
3478,"(1,2,4,6,7,10)",0.67508,0.87514
3479,"(0,3,4,7,8,10,12,13)",0.68174,0.88084
3480,"(0,1,3,6,8,9)",0.67518,0.87614
3481,"(0,1,2,3,4,5,9,11,12,13)",0.6741,0.87488
3482,"(3,4,7,8,9,10,11,13)",0.68188,0.88062
3483,"(2,3,7,8,9,12,13)",0.6832,0.88072
3484,"(0,3,4,5,8,9,12)",0.68322,0.88126
3485,"(1,2,3,5,9,12)",0.67514,0.87572
3486,"(1,2,4,5,6,7,8,9,10,12)",0.67564,0.8754
3487,"(2,4,7,9,10,11,12,13)",0.68276,0.87998
3488,"(4,5,6,7,8,9,11,12,13)",0.6834,0.88122
3489,"(0,1,5,6,8,9,10,12)",0.67656,0.87584
3490,"(0,1,3,7,12,13)",0.6743,0.87504
3491,"(1,3,6,7,9,13)",0.67484,0.87572
3492,"(1,5,7,8,9,11,12)",0.67762,0.8766
3493,"(1,3,5,7,8,12)",0.67572,0.87552
3494,"(2,12,13)",0.68396,0.88136
3495,"(0,1,6,9,13)",0.6761,0.8768
3496,"(0,2,3,5,6,10,13)",0.6823,0.88056
3497,"(2,3,6,7,8,12)",0.68272,0.88116
3498,"(3,4,5,8,9,11,13)",0.68296,0.88132
3499,"(0,1,2,3,4,12,13)",0.67244,0.87494
3500,"(0,1,3,4,8,11,13)",0.67384,0.87558
3501,"(0,1,2,6,7,10)",0.67608,0.87618
3502,"(0,3,4,5,6,8,10,12)",0.68214,0.88084
3503,"(0,1,3,5,6,10,11,12,13)",0.67352,0.87492
3504,"(1,2,4,5,8,12)",0.67636,0.87598
3505,"(1,2,3,5,9,13)",0.67534,0.87618
3506,"(0,6,8,9,11,13)",0.68278,0.8821
3507,"(2,3,4,6,8,10,11,12)",0.68218,0.88008
3508,"(2,3,5,8,11)",0.68308,0.88172
3509,"(0,2,4,9,10,11,13)",0.68276,0.88124
3510,"(0,3,4,7,8,11)",0.68254,0.88132
3511,"(0,1,2,3,4,7,10,12)",0.67294,0.87426
3512,"(0,2,3,4,5,6,7,11)",0.68256,0.8809
3513,"(0,1,4,6,8,9)",0.67628,0.87628
3514,"(0,4,5,11)",0.68364,0.88262
3515,"(0,1,3,4,5,7,8,10,11,13)",0.67428,0.87492
3516,"(0,1,3,4,5,6,8,10,12,13)",0.6737,0.87498
3517,"(0,4,7,9,12)",0.68326,0.88134
3518,"(1,5,6,7,10)",0.67644,0.87672
3519,"(0,1,6,8)",0.677,0.87696
3520,"(2,3,6,7,8,9,10,11)",0.68244,0.8806
3521,"(4,7,9,11)",0.68412,0.88176
3522,"(1,2,3,5,7,8,9,11)",0.67596,0.8763
3523,"(0,1,2,3,4,5,7,8,9,11)",0.67562,0.87532
3524,"(0,1,2,7,10,11,12)",0.67638,0.87614
3525,"(0,2,7,12)",0.684,0.88164
3526,"(3,4,5,6,7,11,13)",0.68172,0.88142
3527,"(1,4,6,7,8,9,10,12)",0.67574,0.87452
3528,"(0,2,4,5,6,10,13)",0.68244,0.8803
3529,"(0,1,2,8,9,11,12,13)",0.6762,0.87628
3530,"(0,1,2,3,4,5,6,8,10,11,12,13)",0.67276,0.87414
3531,"(0,1,2,4,5,6,9,10,12)",0.6754,0.8751
3532,"(1,4,6,7,8,9,10,11,12)",0.67616,0.87484
3533,"(0,3,5,6,8,9,12)",0.68274,0.88158
3534,"(0,1,2,4,10,11)",0.67474,0.87528
3535,"(0,3,4,6)",0.68212,0.88166
3536,"(3,4,6,7,9,11,12,13)",0.68246,0.88092
3537,"(0,4,5,7,8,12)",0.68322,0.88156
3538,"(0,1,2,4,6,7,9,10,11,12)",0.67552,0.87474
3539,"(2,6,9,10,13)",0.68382,0.88076
3540,"(0,1,4,5,6,7,8,11,13)",0.6758,0.87682
3541,"(6,8,9,11,13)",0.68364,0.8823
3542,"(0,3,6,7,8,9,12,13)",0.68212,0.88134
3543,"(2,4,13)",0.68282,0.88214
3544,"(0,1,3,4,9,11,12,13)",0.67416,0.87462
3545,"(0,1,2,3,4,5,6,7,8,9,12)",0.67332,0.87552
3546,"(0,1,2,3,4,5,10,11,13)",0.67396,0.87494
3547,"(1,2,4,7,8,11)",0.67672,0.87628
3548,"(1,3,8,9,11,12,13)",0.67498,0.87512
3549,"(1,3,6,10,11,13)",0.67338,0.87524
3550,"(0,1,2,4,6,7,8,9,10,12,13)",0.67464,0.87458
3551,"(0,1,2,5,7,9,11,12)",0.67716,0.87654
3552,"(0,1,6,7,9,10,12)",0.67618,0.87552
3553,"(0,2,3,4,5,6,8,11,12,13)",0.68308,0.88066
3554,"(1,3,4,6,8)",0.67418,0.87542
3555,"(0,2,5,6,8,11,13)",0.68382,0.88192
3556,"(0,1,2,3,5,7,8,9,10,13)",0.67466,0.87508
3557,"(0,1,3,4,5,10,13)",0.67412,0.87494
3558,"(4,7,8,13)",0.68348,0.882
3559,"(1,2,5,6,7,8,9,10,12)",0.67652,0.87604
3560,"(0,2,3,4,8,10,11,12,13)",0.68276,0.88038
3561,"(0,1,2,3,6,7,8,9,11,12,13)",0.67406,0.87506
3562,"(2,6,7,8,10,13)",0.68276,0.88106
3563,"(0,2,5,8,11,13)",0.6839,0.88258
3564,"(1,2,3,6,7,9,10,11,12)",0.67356,0.8742
3565,"(0,2,5,6,7,11,13)",0.68322,0.88178
3566,"(1,3,4,5,6,8,9,10,11)",0.67354,0.87506
3567,"(1,2,4,8,9,10,12)",0.6761,0.87496
3568,"(0,2,3,12,13)",0.68308,0.88126
3569,"(0,1,5,6,8)",0.67824,0.87734
3570,"(0,2,3,5,6,7,9,10,12,13)",0.68174,0.87988
3571,"(0,2,6,8,9,10,13)",0.68306,0.88138
3572,"(0,1,4,8,13)",0.67564,0.87636
3573,"(0,1,4,5,6,7,9,10,11)",0.67564,0.87604
3574,"(1,2,6,9,12,13)",0.67616,0.87602
3575,"(1,3,7,13)",0.67472,0.87562
3576,"(2,3,4,7,8,9,12)",0.68298,0.88102
3577,"(0,4,5,6,7,9,10,12,13)",0.68184,0.88044
3578,"(1,2,3,4,7,11,12,13)",0.6735,0.87458
3579,"(0,2,3,5,6,9,12)",0.6831,0.88174
3580,"(1,2,3,4,6,7)",0.67348,0.87502
3581,"(0,2,3,4,5,8,10,11,12)",0.68264,0.88072
3582,"(0,1,2,4,5,6,10,13)",0.6751,0.87606
3583,"(0,1,2,3,9,10,11,13)",0.6742,0.8745
3584,"(1,4,5,6,8,10)",0.67624,0.87638
3585,"(2,4,5,6,7,8,9,10,12,13)",0.68314,0.87962
3586,"(0,1,2,3,8,11,13)",0.67494,0.87648
3587,"(1,3,4,5,6,7,12)",0.67436,0.87498
3588,"(0,3)",0.68282,0.88226
3589,"(2,3,4,5,7,8,10,11,12)",0.68302,0.88022
3590,"(0,2,3,7,9,11,12,13)",0.68356,0.88088
3591,"(0,5,9,10,12)",0.68358,0.88142
3592,"(1,3,8,10,13)",0.67508,0.87562
3593,"(0,8,12,13)",0.68358,0.88176
3594,"(0,2,3,4,7,12)",0.68252,0.88094
3595,"(0,2,3,4,5,7,9,13)",0.68278,0.8813
3596,"(3,5,9,10,12,13)",0.68288,0.88062
3597,"(0,1,2,3,5,6,7,8,11,13)",0.6745,0.87578
3598,"(0,1,4,5,9,10,11,12)",0.67584,0.87538
3599,"(0,1,2,3,4,5,8,9,10,12,13)",0.67322,0.8745
3600,"(0,1,2,3,5,7,9,10,11,12,13)",0.67448,0.87448
3601,"(2,3,8,10,11,12)",0.6832,0.88056
3602,"(0,1,2,3,4,7,8,10,12)",0.6734,0.87474
3603,"(0,1,2,3,4,8,9,11,12)",0.67464,0.87462
3604,"(3,7,9,10,12)",0.68236,0.88064
3605,"(1,2,3,4,5,7,9,10)",0.67428,0.87474
3606,"(0,1,2,3,4,5,6,7,9,10,11)",0.67386,0.87436
3607,"(7,12)",0.68396,0.88176
3608,"(0,1,4,5,9)",0.67688,0.87684
3609,"(1,2,5,6,7,9,10,12,13)",0.6757,0.87502
3610,"(1,6,7,10,12)",0.67628,0.87566
3611,"(0,2,3,7)",0.68266,0.88152
3612,"(3,5,6,7,8,9,10,12,13)",0.68204,0.88028
3613,"(2,4,5,8)",0.68322,0.88168
3614,"(1,2,5,7,8,10,11,13)",0.67606,0.87626
3615,"(0,1,3,6,7,8,10)",0.67404,0.87548
3616,"(0,1,2,3,4,7,11)",0.67366,0.87528
3617,"(2,3,5,6,8,9,12,13)",0.68298,0.88094
3618,"(3,4,5,8,11,12)",0.68348,0.88112
3619,"(2,6,7,8,11)",0.68394,0.88188
3620,"(1,2,3,5,6,9,12)",0.6748,0.87528
3621,"(2,3,5,8,9,10,11,12,13)",0.68286,0.88046
3622,"(0,1,3,4,5,6,9,10,11)",0.67404,0.87478
3623,"(1,5,8,9,11)",0.67894,0.87768
3624,"(0,2,3,4,5,7,8,10,13)",0.6815,0.88112
3625,"(0,1,4,6,8,11,12,13)",0.67528,0.87606
3626,"(1,3,4,5,6,7,8,10)",0.67356,0.87492
3627,"(0,4,6,7,8,10,11,12)",0.68234,0.88066
3628,"(3,6,8,9,10,12)",0.68232,0.88108
3629,"(0,2,5,6,12,13)",0.68452,0.8809
3630,"(1,2,3,6,7,8)",0.67486,0.87606
3631,"(1,4,5,6,9,11,12,13)",0.67598,0.87546
3632,"(3,5,6,7,8,9,11,12)",0.68322,0.8808
3633,"(3,5,7,9,10,11,12)",0.68252,0.87996
3634,"(0,2,3,9,10,11,12)",0.68356,0.88054
3635,"(1,2,3,4,9,11,12)",0.67478,0.87482
3636,"(1,2,3,4,5,6,7,9,10)",0.67342,0.8748
3637,"(0,3,5,6,7,10,12,13)",0.68184,0.88
3638,"(0,1,5,6,8,12)",0.67684,0.87682
3639,"(0,1,2,4,5,8,10,11,13)",0.67534,0.87594
3640,"(0,1,3,4,6,7,9,11)",0.67406,0.87524
3641,"(0,2,3,4,5,6,8,9,10,12,13)",0.6821,0.88024
3642,"(4,6,9,10,11)",0.68276,0.88092
3643,"(0,1,2,5,7,8,9,11,12)",0.67748,0.87646
3644,"(0,3,4,6,9,10)",0.68172,0.8809
3645,"(2,3,4,5,6,7,8,9,10,13)",0.682,0.88044
3646,"(2,4,6,9,12,13)",0.68288,0.88104
3647,"(1,2,6,7,8,11)",0.67694,0.8765
3648,"(0,1,2,4,6,9,10,11,13)",0.67456,0.87492
3649,"(2,3,4,5,9)",0.68302,0.88146
3650,"(0,4,6,7,9,10,13)",0.68208,0.88086
3651,"(0,3,4,9,12,13)",0.68244,0.88144
3652,"(2,4,7,9,10,11)",0.68378,0.88068
3653,"(0,1,3,5,7,8,10,11,13)",0.67464,0.87536
3654,"(0,1,4,7,10,11,13)",0.67462,0.87554
3655,"(0,2,3,4,5,6,7,8,10,12)",0.68198,0.88
3656,"(2,3,5,6,8,9,10,11,13)",0.68268,0.88064
3657,"(0,1,2,4,5,6,8,9,11,13)",0.67614,0.87624
3658,"(1,8,11,12)",0.67728,0.87694
3659,"(0,1,5,6,11,12)",0.67706,0.8772
3660,"(2,3,5,6,11,12)",0.6828,0.88132
3661,"(1,2,11,13)",0.67654,0.8768
3662,"(0,3,5,6,7)",0.6824,0.88186
3663,"(0,1,2,3,4,6,7,9,10)",0.6724,0.87454
3664,"(1,3,5,10,12,13)",0.67422,0.8753
3665,"(2,3,5,6,12)",0.68294,0.88148
3666,"(1,2,6,7,8,10)",0.67636,0.87638
3667,"(2,4,6,7,11,13)",0.6828,0.88132
3668,"(0,1,2,3,4,8,9,10,13)",0.67294,0.87478
3669,"(0,2,8,9,13)",0.6836,0.88202
3670,"(0,1,2,9,10)",0.67662,0.87616
3671,"(3,5,7,8,9,10,11)",0.68288,0.88054
3672,"(0,1,2,3,5,8,9,13)",0.67508,0.87602
3673,"(1,2,4,7,8,10,11)",0.67596,0.8754
3674,"(2,4,5,7,8,9,11,12,13)",0.68316,0.8815
3675,"(0,1,2,3,4,5,7,8,9,10)",0.6744,0.87534
3676,"(0,6,9,11)",0.68386,0.88254
3677,"(0,2,4,5,7,9,10,11,13)",0.68254,0.88038
3678,"(1,3,4,5,7,12,13)",0.6752,0.87496
3679,"(0,1,2,3,4,5,10,12)",0.67344,0.87452
3680,"(0,5,6,9,10,11,12)",0.68358,0.88146
3681,"(0,2,4,5,6,9,11,12)",0.68328,0.88152
3682,"(2,3,4,5,8,10,11,12)",0.68316,0.87998
3683,"(0,1,2,4,10,11,13)",0.67456,0.87538
3684,"(0,1,2,7,8,12)",0.67652,0.87646
3685,"(0,4,5,8,9,10,11,12,13)",0.68268,0.8805
3686,"(0,1,3,5,7,12)",0.67524,0.87586
3687,"(1,4,5,8,11,13)",0.67626,0.87678
3688,"(2,3,4,8,9,10,12)",0.68292,0.88034
3689,"(0,2,8,11)",0.68456,0.88256
3690,"(1,2,9,10,12,13)",0.6761,0.87538
3691,"(0,3,4,6,7,9)",0.68194,0.88138
3692,"(1,2,3,6,7,8,9,10)",0.67474,0.87474
3693,"(2,4,5,7,8,9,12)",0.68374,0.8813
3694,"(0,3,5,8,9,11)",0.68268,0.88184
3695,"(0,1,4,6,7,9,12,13)",0.67532,0.87526
3696,"(3,5,6,7,10,11,13)",0.68204,0.88066
3697,"(0,1,2,5,6,8,9,11,12,13)",0.67654,0.87634
3698,"(1,3,5,6,9)",0.6759,0.8765
3699,"(0,1,2,3,5,6,7,8,13)",0.67438,0.87646
3700,"(0,1,4,6,7,8,11,12,13)",0.67524,0.87608
3701,"(3,4,6,7,8,11,13)",0.68238,0.88128
3702,"(2,11,13)",0.68408,0.8819
3703,"(0,1,2,4,5,7,9,10,11,13)",0.67572,0.87588
3704,"(0,1,3,5,7,12,13)",0.6753,0.87566
3705,"(1,2,4,7,8,10,11,13)",0.67498,0.8755
3706,"(0,2,4,11,12,13)",0.6831,0.88108
3707,"(0,1,3,5,10,13)",0.67488,0.8758
3708,"(0,1,3,6,7,11)",0.67476,0.87616
3709,"(1,2,5,7,10,11)",0.67686,0.87642
3710,"(1,2,3,11,12,13)",0.67444,0.876
3711,"(0,2,4,6,8,9,11)",0.68322,0.88166
3712,"(0,1,3,5,7,9,10,13)",0.67498,0.87584
3713,"(3,11,12)",0.68328,0.88198
3714,"(4,5,8,11,12)",0.68434,0.88176
3715,"(0,1,4,6,8,9,10,11,13)",0.67436,0.87566
3716,"(0,1,2,7,10,11,13)",0.67584,0.87598
3717,"(2,3,4,5,7,8,9,12,13)",0.68294,0.88076
3718,"(0,3,4,5,6,8,9,10,13)",0.68128,0.88126
3719,"(1,2,3,6,8,10,12,13)",0.6734,0.87462
3720,"(5,)",0.68422,0.88266
3721,"(2,6,7,10,11,12)",0.68258,0.88044
3722,"(0,1,2,3,4,5,6,7,9,11,13)",0.67392,0.87514
3723,"(1,3,4,6,8,10,12)",0.67378,0.87454
3724,"(2,3,4,5,9,13)",0.68362,0.88116
3725,"(0,1,3,6,7,8,10,13)",0.67404,0.87556
3726,"(0,4,6,7,8,10,11,12,13)",0.68166,0.88022
3727,"(1,3,7,8,10,11,12,13)",0.67402,0.87444
3728,"(1,2,5,7,8,9,10,12,13)",0.67652,0.87562
3729,"(0,1,2,3,4,5,6,11,12,13)",0.6734,0.8749
3730,"(0,1,4,6,7,10)",0.67496,0.87572
3731,"(0,1,3,4,7,8,10,12,13)",0.67328,0.8741
3732,"(2,4,5,6,7,12)",0.6835,0.88106
3733,"(1,2,4,6,7,10,13)",0.67454,0.87588
3734,"(1,2,3,4,5,8,10,11)",0.67434,0.875
3735,"(1,2,3,4,5,10,11,13)",0.67364,0.87496
3736,"(2,3,4,5,8,9)",0.68338,0.88122
3737,"(2,3,4,5,8,11,12)",0.684,0.88086
3738,"(0,1,2,5,8,10,11,13)",0.67638,0.87702
3739,"(1,3,4,6,7,8,11)",0.67406,0.87516
3740,"(3,4,5,10,11)",0.68236,0.8812
3741,"(0,2,7,10,11,13)",0.68294,0.88088
3742,"(1,3,4,5,6,7,8,10,11,12,13)",0.67416,0.87408
3743,"(0,1,3,7,9,10)",0.67454,0.87494
3744,"(1,3,5,6,9,10,11)",0.67534,0.87514
3745,"(1,2,4,5,6,7,11,12,13)",0.67596,0.87584
3746,"(0,1,3,8,9,12,13)",0.67524,0.8749
3747,"(0,1,2,8,11,12)",0.67684,0.87654
3748,"(0,2,3,5,6,8,10,11)",0.68232,0.88092
3749,"(2,5,6,7,12)",0.68346,0.88134
3750,"(0,1,2,5,6,7,8,9,10,11,12,13)",0.6758,0.87498
3751,"(5,6,8,12)",0.68442,0.88186
3752,"(0,1,5,7,9)",0.67786,0.8771
3753,"(1,2,4,6,7,9,12)",0.67594,0.87564
3754,"(2,4,5,8,9,10,11,12,13)",0.68338,0.8806
3755,"(6,7,9,10)",0.68314,0.88114
3756,"(0,1,4,5,7,12)",0.67634,0.87628
3757,"(0,1,2,6,7,8,10)",0.67616,0.87626
3758,"(3,4,6,10)",0.68152,0.88102
3759,"(0,3,7,9,10,12)",0.6822,0.88054
3760,"(0,1,3,4,6,8,9,11,13)",0.6737,0.87532
3761,"(3,4,7,8,9,12)",0.68304,0.88142
3762,"(1,2,3,4,5,8,9,10,12)",0.67474,0.87442
3763,"(1,5,6,7,8,12)",0.67692,0.87692
3764,"(1,2,4,6,7,8,10,11,12)",0.67512,0.8751
3765,"(3,5,7,9)",0.68318,0.88196
3766,"(1,2,3,5,6,7,9,13)",0.67456,0.87632
3767,"(1,2,4,5,9)",0.67688,0.8765
3768,"(3,5,7,9,11,13)",0.68274,0.88184
3769,"(0,1,4,5,6,12)",0.6763,0.87632
3770,"(1,2,4,8,10,11,12)",0.6755,0.8752
3771,"(2,6,9,10,11)",0.6835,0.88132
3772,"(1,2,3,4,5,6,9,10,11)",0.67354,0.87458
3773,"(1,2,3,4,6,7,10,11)",0.67292,0.87436
3774,"(3,4,7,9,10,12,13)",0.68172,0.88
3775,"(0,2,3,5,6,8,10,11,12)",0.68248,0.8806
3776,"(3,4,6,7,8,9,10,11,13)",0.6819,0.88044
3777,"(4,9)",0.68376,0.88264
3778,"(7,8,11,12)",0.68386,0.88216
3779,"(2,4,10)",0.68326,0.88118
3780,"(0,1,2,4,5,6,8,10,11)",0.67606,0.87572
3781,"(2,3,4,7,10,11,13)",0.68246,0.88016
3782,"(3,5,9,10,11,12,13)",0.68184,0.88026
3783,"(4,6,8,9,11,12,13)",0.6832,0.88154
3784,"(2,3,10,11)",0.68322,0.88102
3785,"(0,1,3,6,7,9,12)",0.67396,0.87522
3786,"(2,3,5,6,8,10,11)",0.68282,0.8808
3787,"(1,2,4,5,9,11,13)",0.67714,0.87644
3788,"(2,3,5,6,7,11)",0.6825,0.8813
3789,"(2,6,9,10,11,12)",0.68288,0.88044
3790,"(1,2,3,4,6,7,8,13)",0.67328,0.87522
3791,"(1,2,4,8,9,10,11,12)",0.67602,0.87476
3792,"(2,3,4,5,6,8,9,11,12,13)",0.68238,0.88048
3793,"(0,1,2,8,9,10,11)",0.67692,0.87594
3794,"(3,7,9,12)",0.68276,0.88086
3795,"(0,3,5,6,7,8)",0.68256,0.88162
3796,"(0,1,2,5,7,11,12)",0.67654,0.87666
3797,"(1,2,9,12,13)",0.67652,0.87634
3798,"(0,2,3,4,8,10,11,12)",0.68274,0.8808
3799,"(0,1,2,3,5,6,7,9,10,11)",0.67432,0.87462
3800,"(0,2,5,6,9,11,12)",0.6841,0.88198
3801,"(0,3,4,5,6,10,11,12)",0.68188,0.88028
3802,"(0,1,2,3,4,5,6,9)",0.67326,0.87614
3803,"(3,5,6,7,9,11,12,13)",0.68256,0.88068
3804,"(0,1,3,5,6,8,12,13)",0.67486,0.87548
3805,"(0,1,2,7,11,12,13)",0.67634,0.87652
3806,"(0,1,2,7,10,13)",0.67562,0.87636
3807,"(0,1,2,3,5,9,11,12,13)",0.6742,0.87556
3808,"(0,1,2,3,5,9,11,12)",0.67536,0.8759
3809,"(0,1,2,3,4,6,7,12)",0.67274,0.87484
3810,"(0,2,3,4,11,12)",0.68286,0.88138
3811,"(1,3,4,9,10,11,12,13)",0.67402,0.87408
3812,"(1,3,4,6,12,13)",0.67356,0.87432
3813,"(2,3,4,5,6,9,10,11,13)",0.68242,0.88034
3814,"(0,2,3,4,5,7,8,9,10,11,13)",0.6824,0.88036
3815,"(1,2,3,4,6,7,8,10,13)",0.6727,0.87408
3816,"(3,8,9,12,13)",0.68314,0.88174
3817,"(0,4,5,6,7,8,10,11,12,13)",0.68274,0.8803
3818,"(0,1,4,5,6,11,12,13)",0.67548,0.87644
3819,"(0,3,4,6,7,8,9,10,11,13)",0.68118,0.88018
3820,"(2,5,6,7,10,11)",0.68342,0.88132
3821,"(2,4,5,6,9,11,12)",0.68406,0.88146
3822,"(2,3,6,10,11,12,13)",0.68224,0.88022
3823,"(2,3,5,7,8,9,10,12)",0.6831,0.88038
3824,"(2,8,9,11)",0.6844,0.88238
3825,"(1,3,6,7,8,9,10,13)",0.67406,0.87494
3826,"(0,2,4,9,10,11,12,13)",0.68272,0.8809
3827,"(1,2,4,5,7,9,10,12,13)",0.6756,0.87502
3828,"(7,8,13)",0.68358,0.88202
3829,"(3,4,5,6,7,8,10,13)",0.68166,0.88076
3830,"(0,2,3,4,6,7,9,10)",0.68198,0.88068
3831,"(0,1,2,5,7,8,9,11,12,13)",0.67668,0.8762
3832,"(1,2,3,6,7,9,13)",0.67414,0.87556
3833,"(1,2,3,4,11,13)",0.6738,0.87504
3834,"(1,4,7,11,12,13)",0.67528,0.87608
3835,"(1,5,9,11,12,13)",0.67702,0.87592
3836,"(1,2,4,5,6,7,8,9,11,12,13)",0.67588,0.87538
3837,"(0,2,6,8,9,10,11,13)",0.68286,0.88136
3838,"(0,2,7,8,10,11)",0.68332,0.88142
3839,"(1,4,5,6,13)",0.67662,0.87678
3840,"(0,1,4,6,7,9,10,12)",0.67518,0.87478
3841,"(0,1,4,6,7,9,10,11)",0.67504,0.87532
3842,"(0,4,7,10,11,13)",0.68172,0.88048
3843,"(0,1,2,4,9,10,13)",0.67542,0.87598
3844,"(0,1,2,3,4,8,10,11,12,13)",0.6727,0.8742
3845,"(0,1,4,5,6,7,9,10,11,12)",0.6757,0.87568
3846,"(1,2,4,5,6,10,11,12)",0.67602,0.87534
3847,"(2,3,5,6,10,13)",0.68228,0.88112
3848,"(0,3,7,11)",0.683,0.88184
3849,"(1,3,6,8,10,12,13)",0.6733,0.87438
3850,"(2,3,5,8,11,13)",0.68296,0.88124
3851,"(2,3,4,6,7,9,11,13)",0.68292,0.88088
3852,"(2,3,4,5,6,7,9)",0.6826,0.88092
3853,"(0,1,3,6,7,8,11,13)",0.67448,0.87612
3854,"(0,1,2,3,4,6,9,10,13)",0.6723,0.87436
3855,"(0,1,5,6,7,8,11,12)",0.67674,0.87674
3856,"(0,2,5,7,9,10)",0.68328,0.88148
3857,"(0,1,2,6,7)",0.67638,0.87668
3858,"(0,1,2,3,5,10)",0.67492,0.87542
3859,"(0,2,3,4,5,7,10)",0.68236,0.88036
3860,"(0,1,3,4,5,13)",0.67502,0.87566
3861,"(1,2,8,10,13)",0.6756,0.87634
3862,"(1,6,7,8,10,11,12)",0.6758,0.87584
3863,"(0,3,5,6,8,9,13)",0.68278,0.88158
3864,"(1,2,3,5,7,8,10,11)",0.67472,0.87544
3865,"(0,1,2,4,7,8,9,10,11,12)",0.67566,0.87478
3866,"(2,6,7,8,13)",0.6833,0.88162
3867,"(1,7,8,9,10,11,12)",0.67698,0.87578
3868,"(0,3,4,5,6,10,13)",0.68168,0.88056
3869,"(2,3,5,8,9,11,13)",0.68394,0.88158
3870,"(1,2,4,5,8,9,10,11,12,13)",0.67504,0.87474
3871,"(2,7,8,10,11,13)",0.68256,0.88128
3872,"(0,1,3,4,8,9,11)",0.67476,0.87552
3873,"(0,2,3,4,5,7,9)",0.68276,0.88112
3874,"(2,5,6,8,10,11,13)",0.68364,0.88138
3875,"(1,2,3,9,10)",0.67476,0.87566
3876,"(0,1,2,4,6,7,8,9,10,11)",0.6754,0.875
3877,"(0,1,2,4,6,7,9,10,12,13)",0.6744,0.87446
3878,"(1,2,4,10,11,13)",0.67442,0.87566
3879,"(0,4,7,8,11,13)",0.68258,0.882
3880,"(0,2,6,7,10,11,13)",0.68284,0.88074
3881,"(0,2,3,4,5,8,9,10)",0.6831,0.88134
3882,"(1,2,5,7,8,13)",0.6771,0.8766
3883,"(3,4,5,6,9,10)",0.68284,0.88106
3884,"(0,9,11,12)",0.6841,0.88232
3885,"(0,1,5,6,12,13)",0.67616,0.87654
3886,"(4,5,8,9,13)",0.68342,0.8816
3887,"(1,2,3,4,5,7,8,12)",0.67434,0.87524
3888,"(0,1,2,4,5,6,7,10)",0.67564,0.87576
3889,"(0,2,9,10,12,13)",0.6833,0.88094
3890,"(1,3,6,10,12)",0.67368,0.87474
3891,"(10,11,13)",0.68334,0.88166
3892,"(0,8,10)",0.68336,0.88212
3893,"(0,1,2,3,4,5,6,7,8,12,13)",0.67316,0.87478
3894,"(0,5,6,8,9,12)",0.68424,0.88214
3895,"(2,9,12)",0.68438,0.88168
3896,"(1,2,3,4,5,7,9,13)",0.67426,0.87566
3897,"(2,3,4,5,7,8,11,13)",0.68288,0.88146
3898,"(0,1,2,3,7,9,10,11,12,13)",0.67342,0.87454
3899,"(1,5,6,7,9,11,13)",0.67736,0.87686
3900,"(4,6,7,8,11,12)",0.6837,0.88158
3901,"(0,1,3,6,7,8,9)",0.67534,0.87604
3902,"(1,2,4,6,9,13)",0.67584,0.8759
3903,"(0,3,4,5,6,7,11,12)",0.68242,0.8812
3904,"(3,4,8,9,10,11,12)",0.68276,0.8811
3905,"(2,3,9,12,13)",0.68308,0.88108
3906,"(1,3,4,8)",0.67496,0.87552
3907,"(2,3,4,5,6,9,10,12,13)",0.68198,0.88008
3908,"(1,2,12)",0.67668,0.8772
3909,"(0,2,4,5,8,9,12,13)",0.6832,0.88132
3910,"(6,7,8,10,11)",0.6828,0.8817
3911,"(0,2,3,5,12)",0.68296,0.88148
3912,"(0,4,5,6,7,8,10,12,13)",0.6823,0.8806
3913,"(3,4,8,11,12)",0.6831,0.8812
3914,"(1,3,4,5,6,10,12,13)",0.67368,0.8742
3915,"(0,4,5,6,8,9,12,13)",0.68322,0.881
3916,"(1,3,4,5,6,9,10,11,12,13)",0.67382,0.87378
3917,"(0,1,3,4,7,10,13)",0.67302,0.8747
3918,"(1,5,6,7,8,9,12,13)",0.67706,0.87662
3919,"(2,3,8,9,10,11,12)",0.68328,0.88048
3920,"(0,3,4,6,7,8,9,11,12,13)",0.68278,0.88074
3921,"(0,2,4,5,8,11)",0.6835,0.88218
3922,"(0,1,2,3,4,5,6,8,9,10)",0.67362,0.875
3923,"(1,2,4,6,7,9,12,13)",0.67534,0.87472
3924,"(1,2,4,7,8,11,13)",0.67584,0.87606
3925,"(1,5,6,7,10,11)",0.6764,0.8768
3926,"(3,4,6,7,10,12)",0.68202,0.88008
3927,"(0,2,3,4,5,6,7,10,12,13)",0.68154,0.87948
3928,"(1,3,6,7,10,11,12)",0.67358,0.87492
3929,"(0,1,2,3,4,5,6,8,10)",0.6735,0.87502
3930,"(2,3,5,7,12)",0.68308,0.88124
3931,"(0,3,4,6,9,10,13)",0.68134,0.8804
3932,"(1,4,5,6,10,12)",0.67534,0.8753
3933,"(0,2,8)",0.68446,0.8822
3934,"(0,1,2,3,7,8,10)",0.67418,0.87546
3935,"(0,1,2,4,6,7,9,11,12,13)",0.67502,0.87592
3936,"(3,4,6,7,8,9,10,12,13)",0.68164,0.8801
3937,"(2,5,6,11,13)",0.68468,0.88174
3938,"(2,3,6,8,10)",0.68226,0.88074
3939,"(1,3,5,8,11,12,13)",0.67472,0.87558
3940,"(0,1,3,5,6,9,11)",0.67568,0.8762
3941,"(0,1,2,3,4,7,10,13)",0.67242,0.8747
3942,"(3,4,6,7,8,12)",0.68272,0.88096
3943,"(1,3,7,8,9,10,11,13)",0.67448,0.87482
3944,"(0,1,3,4,7,8,10)",0.67362,0.87504
3945,"(1,2,3,5,6,8,10,13)",0.67488,0.8754
3946,"(1,4,5,8,9)",0.67774,0.87686
3947,"(0,1,2,3,4,5,6,7,9)",0.6736,0.87554
3948,"(3,6,8,9,10,11,12)",0.6827,0.88098
3949,"(0,1,2,3,4,5,6,7,8,10)",0.67336,0.87508
3950,"(0,4,5,8,9,10,12)",0.68282,0.88126
3951,"(1,2,3,5,6,7,11)",0.67488,0.87606
3952,"(0,2,3,5,6,7,8,12,13)",0.6826,0.88098
3953,"(1,7,8,9,10,13)",0.67622,0.87628
3954,"(0,1,5,7,8,11,13)",0.6773,0.87652
3955,"(1,4,5,8,10,11)",0.67548,0.87632
3956,"(0,1,2,3,4,7,8,11,12,13)",0.6735,0.87492
3957,"(0,4,7,11,12)",0.68362,0.8817
3958,"(2,5,7,8,9,10)",0.68366,0.88166
3959,"(0,1,3,4,5,7,10,11,12)",0.67424,0.87474
3960,"(0,4,5,9,12,13)",0.68316,0.88148
3961,"(0,4,5,9,13)",0.68258,0.882
3962,"(1,2,5,6,7,9,12)",0.6768,0.87662
3963,"(0,3,4,7,9,10,13)",0.68194,0.88058
3964,"(6,7,9,10,12,13)",0.68272,0.8804
3965,"(3,6,7,9,12)",0.68274,0.88126
3966,"(2,3,6)",0.68326,0.88176
3967,"(0,2,5,8,12,13)",0.68382,0.88194
3968,"(0,2,4,6,8,12,13)",0.68314,0.88104
3969,"(5,7,10,11,12)",0.68296,0.88086
3970,"(1,3,4,6,7,8,10,11,12)",0.67412,0.87408
3971,"(0,2,4,5,6,10,11)",0.68236,0.88136
3972,"(3,4,5,7,8,10)",0.6821,0.88094
3973,"(1,3,6,7,8,9,12,13)",0.67418,0.87476
3974,"(3,4,9,10,13)",0.6828,0.88088
3975,"(0,3,6,9,10,11,13)",0.6824,0.88074
3976,"(0,2,3,4,5,6,7,8,9,10,13)",0.68238,0.88062
3977,"(0,2,3,8)",0.6838,0.88192
3978,"(2,3,5,6,8,12,13)",0.68326,0.8809
3979,"(0,1,2,5,7,8,9,10,12)",0.67742,0.87574
3980,"(0,1,3,4,5,6,9)",0.67444,0.87608
3981,"(0,1,2,4,5,6,8,10,11,12)",0.67534,0.87534
3982,"(0,1,5,6,7,8,11,13)",0.67702,0.87696
3983,"(0,1,3,4,9,12,13)",0.6742,0.87452
3984,"(1,3,4,5,7,8,13)",0.67478,0.8755
3985,"(0,3,4,6,7,8,10,12,13)",0.68202,0.87998
3986,"(2,4,5,7,12,13)",0.68382,0.88066
3987,"(1,2,3,4,5,6,7,11,13)",0.67318,0.87476
3988,"(0,2,3,4,5,7,9,10,12,13)",0.68172,0.8802
3989,"(0,1,5,6,7,10,12,13)",0.67582,0.87562
3990,"(0,2,3,7,8,10,12)",0.68292,0.88026
3991,"(3,4,9,10,12,13)",0.68232,0.88068
3992,"(0,1,2,4,7,8,9,11)",0.6765,0.8759
3993,"(2,3,6,8,9,12,13)",0.6826,0.88116
3994,"(0,1,4,5,8,9,10,11,12,13)",0.6758,0.87524
3995,"(0,4,6,8,9,10,11,12)",0.68254,0.88114
3996,"(0,1,2,4,5,8)",0.67704,0.877
3997,"(0,1,2,3,5,8)",0.67552,0.87662
3998,"(3,6,9,10)",0.68242,0.881
3999,"(3,7,9,10,12,13)",0.6818,0.88022
4000,"(0,3,4,6,7,8,9,12,13)",0.68226,0.881
4001,"(0,1,2,4,7,10,11,13)",0.67472,0.87532
4002,"(0,2,3,6,11)",0.68346,0.88134
4003,"(1,4,9,10,11,13)",0.67554,0.87548
4004,"(2,3,5,9)",0.68342,0.8818
4005,"(0,1,2,4,5,6,7,9,11,13)",0.67602,0.87618
4006,"(0,2,3,4,5,8,9,10,13)",0.68258,0.88064
4007,"(2,3,4,5,11)",0.6829,0.88144
4008,"(0,1,2,4,5,6,8,12,13)",0.6754,0.87578
4009,"(1,2,6,7,8)",0.67686,0.87668
4010,"(0,1,2,4,5,7,10,12,13)",0.67546,0.87492
4011,"(0,4,8,9,10,11,12,13)",0.68194,0.88066
4012,"(0,2,3,4,8)",0.68352,0.88168
4013,"(3,7,10,13)",0.68208,0.88086
4014,"(1,2,6,8,10,11)",0.67646,0.87618
4015,"(4,5,7,8,9,10,12)",0.68298,0.88032
4016,"(2,6,11,12)",0.6839,0.88146
4017,"(6,8,10,11,12)",0.68346,0.88124
4018,"(0,2,3,4,6,7,8,9,11)",0.68308,0.8813
4019,"(0,1,3,4,5,7,11,13)",0.6739,0.8755
4020,"(0,1,3,5,6,7,8,10)",0.6753,0.87582
4021,"(0,1,2,3,4,5,6,9,11,13)",0.67408,0.87506
4022,"(2,6,7,9,12)",0.68388,0.88144
4023,"(0,1,3,4,8,9,11,12)",0.67422,0.87472
4024,"(0,3,4,5,6,7,8,9,10,12)",0.68168,0.88034
4025,"(1,4,7,12)",0.6763,0.87582
4026,"(5,7,8,11,13)",0.68328,0.88214
4027,"(0,4,6,8,9,10,11,13)",0.68234,0.88148
4028,"(1,2,3,4,6,8,9,10,11,12)",0.67428,0.8735
4029,"(0,2,5,7,11,12)",0.68374,0.88168
4030,"(1,2,4,6,9,10,11,13)",0.67494,0.87548
4031,"(0,3,4,9,10,12,13)",0.68184,0.88056
4032,"(1,2,4,5,7,8,11,12,13)",0.67594,0.87548
4033,"(0,2,3,5,6,13)",0.68302,0.88192
4034,"(0,4,5,6,8,12,13)",0.68282,0.88128
4035,"(0,1,3,8,9,10,11,12)",0.67418,0.87458
4036,"(0,1,2,3,4,6,7,8,10,11)",0.67288,0.87392
4037,"(1,3,4,6,9,10,11,12)",0.67346,0.8741
4038,"(6,8,9,10,11,12,13)",0.68298,0.88138
4039,"(0,3,4,6,7,13)",0.6816,0.88118
4040,"(0,2,3,11,12,13)",0.68344,0.88056
4041,"(0,1,2,4,8,9,13)",0.67502,0.87666
4042,"(1,3,5,6,9,10)",0.67508,0.87574
4043,"(0,1,3,4,7,10)",0.67318,0.87482
4044,"(1,4,5,10,11,13)",0.67504,0.87628
4045,"(1,4,7,8,9,11)",0.67702,0.87598
4046,"(0,3,9,11,12,13)",0.68314,0.8817
4047,"(0,3,5,6,8,11)",0.68268,0.8815
4048,"(0,1,3,5,6,7,10,13)",0.67402,0.87568
4049,"(1,3,4,5,9,10,12,13)",0.67428,0.87382
4050,"(3,5,7,9,10,12)",0.68228,0.88068
4051,"(1,3,5,9,10,11,12,13)",0.67428,0.87504
4052,"(0,1,2,4,5,7,10)",0.67574,0.87592
4053,"(2,3,5,8,10,11,12)",0.68314,0.88082
4054,"(0,1,2,5,7,9,10,12,13)",0.67578,0.87544
4055,"(3,4,7,9,10,11,12)",0.68266,0.88016
4056,"(1,2,3,4,6,8,9,10,13)",0.6726,0.87456
4057,"(0,1,2,3,6,7,8,11,13)",0.67436,0.87536
4058,"(1,4,5,7,10,13)",0.67558,0.876
4059,"(2,3,4,5,7,11)",0.68308,0.88124
4060,"(1,2,4,8,10,13)",0.6753,0.8761
4061,"(5,6,7)",0.6835,0.88204
4062,"(1,3,6,7,9,10,12)",0.67426,0.87438
4063,"(2,6,10)",0.68382,0.8811
4064,"(0,1,3,5,6,8,10,12)",0.67416,0.87486
4065,"(0,1,2,3,4,5,8,9)",0.67436,0.8759
4066,"(2,6,7)",0.6833,0.88138
4067,"(1,2,3,4,7,9,10,12,13)",0.67336,0.87386
4068,"(0,1,3,4,7,9,11,12)",0.6746,0.87524
4069,"(2,4,6,8,13)",0.68328,0.8818
4070,"(0,1,4,6,7,8,10,11)",0.67464,0.8755
4071,"(1,12,13)",0.6765,0.87608
4072,"(0,2,7,9,11)",0.68458,0.88174
4073,"(1,3,8,9,11,13)",0.67504,0.87588
4074,"(0,1,2,3,5,10,11,12)",0.67478,0.87488
4075,"(0,1,2,5,10,11,13)",0.67668,0.87656
4076,"(2,5,8,10,11,13)",0.68366,0.88182
4077,"(0,1,2,3,5,8,9,10,12)",0.67532,0.87502
4078,"(1,3,4,6,7,10,11)",0.6728,0.8744
4079,"(0,1,2,3,5,7,9,11,12)",0.67518,0.87566
4080,"(0,4,6,12,13)",0.68298,0.88116
4081,"(0,1,6,7,8,10,12,13)",0.67526,0.87544
4082,"(1,2,3,4,6,8,9,11,13)",0.67476,0.87506
4083,"(0,1,3,4,6,11,12,13)",0.6732,0.87506
4084,"(2,7,9,13)",0.68344,0.88144
4085,"(0,2,3,4,7,8,9,10,12,13)",0.68198,0.88022
4086,"(0,3,7,8,9)",0.6824,0.88188
4087,"(1,2,5,6,7,8,9,11,12)",0.67726,0.87648
4088,"(0,1,2,6,9,12,13)",0.67548,0.87622
4089,"(1,2,6,8,10,11,12,13)",0.6749,0.87556
4090,"(0,2,3,5,6,7,8,9,10)",0.68222,0.88078
4091,"(0,1,2,4,5,8,10,11,12,13)",0.67466,0.87536
4092,"(0,10,12,13)",0.68272,0.88116
4093,"(1,2,3,4,6,7,8,9,10,12,13)",0.67284,0.87366
4094,"(0,2,7,8,9,10,11)",0.68412,0.88178
4095,"(8,9,11,13)",0.68398,0.88242
4096,"(0,1,4,5,6,7,9)",0.67664,0.87662
4097,"(1,6)",0.67732,0.87692
4098,"(0,5,7,8,9,11,13)",0.68304,0.88168
4099,"(0,2,5,8,9,10)",0.68364,0.882
4100,"(0,1,3,4,6,12,13)",0.6726,0.87436
4101,"(0,1,3,4,5,6,8,10,11,13)",0.67366,0.87452
4102,"(0,2,3,4,7,8,12,13)",0.68192,0.88068
4103,"(4,7,9,11,12,13)",0.68362,0.88068
4104,"(0,3,4,8,9,10,11,12,13)",0.68228,0.8806
4105,"(0,1,3,4,5,9,10,12,13)",0.67372,0.87464
4106,"(0,1,2,3,5,7,9,10,13)",0.67484,0.87536
4107,"(0,1,3,4,5,7,8,9,12,13)",0.67468,0.87462
4108,"(0,1,3,5,8,9,11,12,13)",0.6754,0.87582
4109,"(0,3,4,6,7,10)",0.68118,0.8808
4110,"(0,1,2,5,7,10,11,12,13)",0.67564,0.87516
4111,"(2,6,9,10,12)",0.68306,0.88026
4112,"(0,2,3,5,6,7,8,11,13)",0.68236,0.88108
4113,"(2,3,5,8,11,12)",0.68364,0.88106
4114,"(0,2,7,8,9,12,13)",0.68318,0.88122
4115,"(1,2,5,6,7,9,10,12)",0.6759,0.8756
4116,"(4,6,8,10,11)",0.68284,0.88118
4117,"(0,1,4,5,7,9,12)",0.67654,0.87598
4118,"(0,2,3,4,6,7,10,12,13)",0.68078,0.87924
4119,"(3,4,6,10,12,13)",0.68188,0.87972
4120,"(1,2,3,6,7,9,11,12,13)",0.67362,0.87494
4121,"(3,4,6,8,9,10,11)",0.68302,0.88108
4122,"(3,4,5,6,7,8,10,11,12,13)",0.68192,0.87984
4123,"(2,3,4,6,7,8,9,10,13)",0.68182,0.88056
4124,"(6,7,9,11,12,13)",0.68402,0.88124
4125,"(1,2,4,6,7,9,11,13)",0.67554,0.87582
4126,"(0,3,6,7,8,9,13)",0.683,0.88096
4127,"(2,3,5,6,8,12)",0.68286,0.88146
4128,"(1,4,5,6,8,9)",0.67786,0.87674
4129,"(0,1,5,6,7,12)",0.67624,0.8769
4130,"(1,5,6,11,13)",0.67662,0.87722
4131,"(1,2,3,5,6,7,13)",0.67528,0.87592
4132,"(0,1,2,4,8,9,10,11,13)",0.67558,0.87536
4133,"(0,4,6,9,11,12,13)",0.68318,0.88126
4134,"(0,2,5,6,8,9,10)",0.6828,0.88174
4135,"(1,2,3,7,8,9,11)",0.67662,0.8759
4136,"(0,4,8,9,12,13)",0.68248,0.8814
4137,"(2,3,5,10,13)",0.68282,0.88106
4138,"(0,3,10,13)",0.68182,0.88116
4139,"(6,7,9,12,13)",0.68384,0.8812
4140,"(1,3,6,7,10)",0.67492,0.8755
4141,"(1,2,3,5,6,7,9,10,11)",0.67428,0.8751
4142,"(1,2,4,6,9,10,11)",0.6749,0.87554
4143,"(0,2,4,5,8,13)",0.6825,0.8818
4144,"(4,5,6,7,8,10)",0.68292,0.88108
4145,"(1,8,12)",0.67722,0.87666
4146,"(4,5,7,8,9,11,12)",0.68438,0.88132
4147,"(4,5,10,11,12,13)",0.68356,0.88044
4148,"(3,4,8,10,12,13)",0.68188,0.88052
4149,"(0,1,2,5,6,10,11)",0.6764,0.8765
4150,"(1,2,3,4,5,6,7,10,11,12,13)",0.67352,0.87388
4151,"(0,1,3,4,6,7,10,11,13)",0.67262,0.87392
4152,"(0,2,3,5,6,8,9,10,11)",0.68302,0.88118
4153,"(0,1,2,9,10,11,12,13)",0.67566,0.87552
4154,"(0,3,5,7,8,9,11)",0.68268,0.88158
4155,"(0,1,3,4,6,8,10,11,12)",0.67318,0.87346
4156,"(2,5,10,11,12)",0.6836,0.88138
4157,"(2,4,7,11)",0.68398,0.88132
4158,"(0,1,3,5,7,9,12)",0.67566,0.87578
4159,"(0,3,4,5,11,12,13)",0.68266,0.88096
4160,"(0,1,2,3,5,7,9,10,11)",0.67518,0.8752
4161,"(1,2,3,5,6,7,8,9,10,11,13)",0.6743,0.87508
4162,"(0,3,6,7,10,11,13)",0.68122,0.8803
4163,"(4,6,7,8,10,12)",0.6821,0.88042
4164,"(0,3,4,5,7,9,10,11,13)",0.68148,0.88044
4165,"(0,1,3,8,9,11,12,13)",0.67496,0.87542
4166,"(1,3,4,6,9,10,11,12,13)",0.67306,0.87382
4167,"(3,5,7,8,12,13)",0.68282,0.8808
4168,"(1,2,3,4,5,6,7,8,10,12,13)",0.67348,0.87452
4169,"(0,2,3,5,8,9,10,13)",0.68292,0.88122
4170,"(0,1,2,3,7,8,9,10,11,12)",0.6743,0.87388
4171,"(1,2,3,4,6,7,9,10,11,13)",0.67266,0.87396
4172,"(0,1,2,3,5,6,7,8,9,10,11,13)",0.6744,0.87486
4173,"(2,4,7,10,13)",0.68234,0.88078
4174,"(1,3,4,5,6,8,10,12,13)",0.67388,0.87462
4175,"(0,4,6,8,9,13)",0.68256,0.88192
4176,"(2,5,6,7,8,10,12)",0.68392,0.8805
4177,"(0,5,7,10,11,13)",0.6826,0.88174
4178,"(1,6,9,12)",0.67668,0.87596
4179,"(0,4,5,10)",0.68316,0.8822
4180,"(0,1,3,4,5,7,8,11)",0.6752,0.87562
4181,"(0,7,8,9,11,12,13)",0.68386,0.8815
4182,"(0,3,4,5,6,10,11)",0.6815,0.88062
4183,"(3,6,8,10,11,12,13)",0.68216,0.88024
4184,"(0,1,2,3,8,10,11,12)",0.67438,0.8746
4185,"(0,2,3,8,10,11,12,13)",0.6828,0.88026
4186,"(2,5,6,7,11)",0.68384,0.88192
4187,"(0,1,4,5,7,8,9,10,11,12)",0.6765,0.87586
4188,"(4,6,8,9,10,12)",0.68288,0.88086
4189,"(0,2,3,4,7,8,9,10,11,13)",0.68238,0.88044
4190,"(2,7,8,12,13)",0.68314,0.88098
4191,"(3,5,7,9,10)",0.6822,0.88138
4192,"(0,1,3,4,5,12,13)",0.67454,0.875
4193,"(3,6,11,12)",0.68284,0.88182
4194,"(0,1,2,3,5,6,9,10,13)",0.67402,0.87586
4195,"(0,3,5,8,9,11,13)",0.68346,0.8819
4196,"(0,2,5,7,8,10,11,12,13)",0.68274,0.88028
4197,"(1,3,7,8,9,10,11,12,13)",0.67472,0.87444
4198,"(0,1,6,11,13)",0.67564,0.87692
4199,"(1,3,7,10,12)",0.67504,0.8748
4200,"(0,1,3,4,5,6,7,9,10,11,12)",0.67422,0.87468
4201,"(1,3,4,5,6,7,9,11,13)",0.67454,0.87516
4202,"(1,3,4,10,11,12)",0.67402,0.87458
4203,"(0,2,6,8,9,12)",0.6835,0.88192
4204,"(0,1,2,3,7,9,11,13)",0.67486,0.87524
4205,"(0,2,3,5,9,12,13)",0.6837,0.88128
4206,"(0,1,5,9,10,12,13)",0.67684,0.876
4207,"(0,1,4,6,7,9,10)",0.67514,0.87576
4208,"(0,2,3,4,5,7,13)",0.68254,0.88098
4209,"(1,2,4,5,7,9,12)",0.67658,0.87594
4210,"(1,3,6,7,10,11,12,13)",0.67306,0.8744
4211,"(0,2,3,4,5,12)",0.68276,0.88112
4212,"(2,3,4,5,7)",0.68264,0.88132
4213,"(1,2,3,6,7,8,9,10,13)",0.6742,0.87472
4214,"(1,2,3,5,7,8,10,12,13)",0.67452,0.87444
4215,"(1,2,4,5,6,10,11,13)",0.67488,0.87588
4216,"(2,5,6,7,8,10,11,12,13)",0.68318,0.88052
4217,"(0,1,2,3,9,10,11,12)",0.67394,0.8749
4218,"(0,3,4,5,6,9,10,13)",0.682,0.88118
4219,"(5,7,10,13)",0.68352,0.88142
4220,"(3,9,13)",0.68274,0.88166
4221,"(0,2,4,10,11,13)",0.68282,0.8815
4222,"(1,2,6,7,9,11)",0.67746,0.87624
4223,"(1,3,4,7,11,12,13)",0.67432,0.87458
4224,"(1,4,8,9,10,12)",0.67604,0.87514
4225,"(0,3,6,8,11,12,13)",0.68292,0.88094
4226,"(5,6,8,9)",0.68418,0.88228
4227,"(3,4,5,7,8,9,10,12)",0.68228,0.88038
4228,"(0,1,4,5,8,11,12,13)",0.676,0.87656
4229,"(5,8)",0.68404,0.88254
4230,"(1,2,3,4,5,8,11,12,13)",0.67418,0.87538
4231,"(0,7,10,11,13)",0.6825,0.88146
4232,"(0,2,6,7,8,10,11,12,13)",0.68208,0.88068
4233,"(0,1,2,3,4,8,9,12)",0.67396,0.87504
4234,"(1,6,8,9,11,12,13)",0.6764,0.87566
4235,"(0,2,3,6,8,10)",0.68262,0.88112
4236,"(5,8,10,11,12,13)",0.68318,0.88072
4237,"(0,1,2,3,4,5,6,8,11,12,13)",0.67388,0.87508
4238,"(0,3,4,7,8,10)",0.68162,0.88164
4239,"(0,3,7,9,11,12)",0.68294,0.8817
4240,"(0,2,4,6,8,9,13)",0.68266,0.88106
4241,"(0,4,5,6,8,10,11)",0.68236,0.88182
4242,"(1,2,4,8,11,12)",0.67602,0.87624
4243,"(4,8,9,10,11,13)",0.68286,0.8815
4244,"(0,2,3,7,8,11)",0.68338,0.88172
4245,"(3,4,5,6,7,10,11,12)",0.68222,0.88
4246,"(4,5,6,7,9)",0.68352,0.88172
4247,"(1,3,10,13)",0.6748,0.87534
4248,"(3,4,5,6,9,11)",0.683,0.88164
4249,"(2,3,4,5,6,8,10,12)",0.68228,0.88024
4250,"(1,3,6,8,10,11,12)",0.67418,0.87492
4251,"(2,4,6,7,9,12,13)",0.68308,0.88084
4252,"(1,2,4,5,6,9,11,12)",0.67646,0.87532
4253,"(0,2,3,4,7,10,11,12,13)",0.68232,0.87972
4254,"(1,2,5,6,11)",0.67742,0.87716
4255,"(0,1,3,4,12,13)",0.6733,0.87474
4256,"(2,4,5,10,11,12,13)",0.68344,0.88044
4257,"(0,4,6,12)",0.68336,0.88178
4258,"(0,2,4,6,8,11,12,13)",0.68256,0.88172
4259,"(0,1,3,4,5,9)",0.67464,0.87604
4260,"(0,2,3,5,9,11,12,13)",0.68366,0.88086
4261,"(6,8,12,13)",0.68358,0.88152
4262,"(0,1,2,4,7,12)",0.67534,0.87606
4263,"(3,8,9,10,12,13)",0.68208,0.8808
4264,"(0,2,4,5,7,8)",0.68322,0.88152
4265,"(2,4,6,7,9,11,13)",0.68298,0.88116
4266,"(2,5,7,8,9,10,11,13)",0.6834,0.88106
4267,"(3,4,5,6,7,8,9,10,13)",0.68256,0.88064
4268,"(0,2,3,5,8,12,13)",0.68372,0.8812
4269,"(3,4,8,11,12,13)",0.68292,0.88128
4270,"(0,3,8,9,11)",0.68306,0.88196
4271,"(0,1,3,6,7,9,11)",0.67482,0.87584
4272,"(0,1,3,4,5,6,8,12,13)",0.67418,0.87492
4273,"(0,1,3,5,6,7,8)",0.6758,0.87684
4274,"(0,2,6,7,8,10,13)",0.68276,0.8807
4275,"(3,4,5,7,9,12)",0.68324,0.88074
4276,"(1,3,4,5,6,7,9,10,11)",0.67398,0.8744
4277,"(2,3,4,5,6,8,11,12,13)",0.6833,0.88086
4278,"(0,1,2,6,7,10,12,13)",0.675,0.87546
4279,"(0,1,2,3,4,7,8,9,11,12)",0.67448,0.87474
4280,"(0,1,2,3,5,7,10,13)",0.6746,0.87576
4281,"(2,6,9,11,12)",0.68394,0.88152
4282,"(0,1,4,6,7,8,11)",0.67586,0.87616
4283,"(0,3,4,6,7,8,11,13)",0.68188,0.88106
4284,"(0,3,5,8,10)",0.6823,0.88152
4285,"(2,8,11,13)",0.6841,0.8826
4286,"(0,3,4,6,10)",0.68136,0.88106
4287,"(0,1,2,5,6,7,11)",0.67668,0.8765
4288,"(0,1,2,7)",0.67666,0.87702
4289,"(0,1,3,4,5,6,7,9,10,12,13)",0.6733,0.87398
4290,"(0,2,6,9,12)",0.68286,0.88168
4291,"(0,3,6,7,8,10,11,12,13)",0.68204,0.88018
4292,"(4,7,8,11,12,13)",0.68314,0.88164
4293,"(0,1,3,4,6,8,9,11)",0.67396,0.87504
4294,"(3,7,9,11,12)",0.6831,0.88134
4295,"(0,1,2,8,11)",0.67716,0.87708
4296,"(0,3,6,7,9,11,12)",0.68266,0.88106
4297,"(1,2,3,5,6,7,8,10,12,13)",0.6736,0.87462
4298,"(4,5,8,10)",0.68338,0.88162
4299,"(9,10,11,13)",0.68354,0.88132
4300,"(0,1,4,13)",0.67518,0.87658
4301,"(0,1,3,4,8,11,12)",0.67394,0.87502
4302,"(3,4,6,7,8,9,10)",0.6818,0.88092
4303,"(5,6,13)",0.68324,0.88216
4304,"(0,1,2,4,5,6,11,12,13)",0.67522,0.8761
4305,"(2,3,6,7,9,10,12,13)",0.68188,0.87976
4306,"(0,4,5,8,9,10)",0.68302,0.88224
4307,"(0,1,2,3,5,6,8,9,11,12,13)",0.67452,0.87554
4308,"(3,4,10,13)",0.68216,0.8813
4309,"(1,2,3,7,8,10,13)",0.67434,0.87516
4310,"(0,1,6,8,10,12,13)",0.67502,0.87542
4311,"(0,1,7,10,11,13)",0.67528,0.87656
4312,"(3,4,5,7,9,10,12,13)",0.68152,0.88008
4313,"(4,5,6,7,9,10,12,13)",0.68286,0.87988
4314,"(2,4,5,6,7,9,10,11)",0.68334,0.88086
4315,"(2,5,6,9,12)",0.68368,0.8818
4316,"(1,5,6,7,8,13)",0.67654,0.87668
4317,"(2,4,8,10)",0.68294,0.88152
4318,"(1,2,3,4,5,9,10,11,12)",0.6743,0.8743
4319,"(0,5,11,12,13)",0.68412,0.88194
4320,"(0,1,2,4,6,8,9,10,11,12)",0.67522,0.87464
4321,"(0,4,6,8,9,10)",0.68282,0.88172
4322,"(1,3,4,5,8,9,10,12)",0.67422,0.8744
4323,"(1,3,5,6,12,13)",0.67492,0.8755
4324,"(0,1,3,4,5,7,8,11,13)",0.67478,0.87558
4325,"(3,4,5,6,8,11,13)",0.68162,0.88156
4326,"(0,2,3,5,10,11,13)",0.68258,0.88046
4327,"(3,6,7,8,9,10,11)",0.68202,0.88078
4328,"(0,2,3,6,7,8,10,11,13)",0.68166,0.87996
4329,"(0,1,2,3,5,13)",0.6745,0.87618
4330,"(0,1,4,6,7,8,10,11,12)",0.67438,0.87488
4331,"(7,8,10,13)",0.68278,0.88136
4332,"(1,3,6,7,13)",0.67462,0.87526
4333,"(0,3,7,9,11,12,13)",0.68242,0.88104
4334,"(0,1,2,8,13)",0.67582,0.87756
4335,"(0,3,4,5,6,7,8,9,12,13)",0.68274,0.88094
4336,"(0,2,4,5,7,11,13)",0.68348,0.8811
4337,"(4,5,6,8,9,13)",0.68314,0.88122
4338,"(3,4,5,9,10,11,12)",0.6831,0.88048
4339,"(0,2,4,6,7,10)",0.68218,0.87996
4340,"(0,2,4,8,10,12,13)",0.68256,0.88052
4341,"(0,1,4,5,7,10,11)",0.67544,0.87606
4342,"(5,6,12,13)",0.68416,0.88164
4343,"(3,4,5,7,10)",0.6823,0.88128
4344,"(7,8,9,11)",0.6844,0.88252
4345,"(2,4,7,8,9,10,11,13)",0.68288,0.88062
4346,"(2,3,4,5)",0.68282,0.88156
4347,"(7,9,10,13)",0.68314,0.8811
4348,"(0,3,5,7,10,11,12)",0.68218,0.8803
4349,"(0,4,5,6,12)",0.68318,0.88128
4350,"(0,1,3,5,6,9,11,13)",0.6754,0.87608
4351,"(0,1,4,5,6,8,9,11,12)",0.67668,0.87594
4352,"(1,3,5,6,9,12)",0.67506,0.8752
4353,"(1,4,12)",0.67662,0.87586
4354,"(2,5,7,8,11)",0.6841,0.88172
4355,"(1,3,4,7,8,10,11,12,13)",0.67414,0.87364
4356,"(2,5,7,8,9,10,13)",0.6837,0.88126
4357,"(0,2,5,7,8,11,13)",0.68284,0.88246
4358,"(2,3,7,12,13)",0.68278,0.88054
4359,"(0,1,4,8,10)",0.67584,0.8761
4360,"(0,1,2,3,4,6,8,9)",0.67252,0.8753
4361,"(0,2,4,5,6,8,9,10,11)",0.6828,0.88158
4362,"(0,7,9,10,11,12,13)",0.68336,0.8808
4363,"(0,1,2,5,7,8,9,12)",0.67778,0.8768
4364,"(0,1,13)",0.67614,0.87716
4365,"(4,5,7,8,11,12)",0.6836,0.88134
4366,"(0,2,3,4,5,7,8,12,13)",0.68264,0.8808
4367,"(4,5,7,8,9,11)",0.6843,0.88168
4368,"(1,3,4,5,11,13)",0.67456,0.87568
4369,"(0,4,5,7,8,11)",0.6827,0.88254
4370,"(0,2,5,6,7,8,9,12,13)",0.68364,0.88108
4371,"(1,2,5,6,7,8,9,11,12,13)",0.67704,0.87552
4372,"(1,2,5,7,8,11,12)",0.67736,0.8765
4373,"(1,2,3,4,5,8,10,13)",0.67426,0.8753
4374,"(1,2,5,6,7,8,10,11,13)",0.67642,0.87622
4375,"(1,2,5,6,7,8,10,11,12)",0.67626,0.87574
4376,"(4,7,8,10,11,12)",0.68292,0.88058
4377,"(0,4,5,8,9,13)",0.6824,0.88188
4378,"(1,2,6,7,8,11,12,13)",0.67568,0.87626
4379,"(3,4,6,7,8,9,12)",0.68274,0.88092
4380,"(0,2,5,11)",0.68452,0.88212
4381,"(0,1,2,3,7,9,10,12,13)",0.67352,0.87426
4382,"(0,4,5,6,8,10,13)",0.68248,0.88184
4383,"(0,3,5,6,7,8,9,11)",0.68274,0.88126
4384,"(4,6,8,11,12,13)",0.68352,0.88156
4385,"(0,2,5,7,8,9,10,11,12,13)",0.68322,0.88076
4386,"(0,2,5,7,8,9,10,12)",0.68328,0.8806
4387,"(0,2,4,6,8,10,11)",0.68236,0.88112
4388,"(1,2,4,6,8,10,13)",0.67484,0.8755
4389,"(1,2,3,4,6,8,9,10,11,13)",0.67326,0.87366
4390,"(2,7,9)",0.68326,0.88208
4391,"(0,8,10,11,13)",0.68276,0.882
4392,"(0,1,2,5,7,8,9,10,11,13)",0.67678,0.87598
4393,"(0,4,6,7,12)",0.68256,0.88164
4394,"(1,2,3,5,10,11,12)",0.67446,0.87498
4395,"(3,6,9,11)",0.68344,0.882
4396,"(5,6,8,9,10,11,12,13)",0.683,0.88084
4397,"(0,2,3,7,8,9,11,12)",0.68368,0.88074
4398,"(4,5,6,11,12,13)",0.68414,0.88128
4399,"(0,7,9)",0.68326,0.8825
4400,"(2,10,13)",0.68306,0.88108
4401,"(0,4,5,6,9,11,12)",0.6837,0.88156
4402,"(2,5,9,11,12,13)",0.68394,0.88146
4403,"(0,1,3,4,9,10)",0.6739,0.8748
4404,"(3,4,5,8,9,13)",0.68274,0.88148
4405,"(0,1,4,5,6,10,11)",0.67554,0.87616
4406,"(0,1,2,6,7,9,12,13)",0.67576,0.876
4407,"(2,3,4,5,6,7,10,13)",0.68194,0.8799
4408,"(3,5,9,10,12)",0.68256,0.88088
4409,"(1,3,4,7,11)",0.67452,0.8753
4410,"(0,2,4,5,8,9,10,11,12,13)",0.68268,0.88086
4411,"(3,5,6,7,8,9,10,13)",0.68222,0.88088
4412,"(0,3,7,8,9,10,11,12,13)",0.68216,0.88044
4413,"(0,5,6,8,9,10,11,12,13)",0.68306,0.88098
4414,"(0,1,3,5,6,8,11,12)",0.67532,0.87596
4415,"(0,1,2,3,5,6,7,8,9,11,12,13)",0.67474,0.87582
4416,"(0,1,3,4,6,8,10,11,12,13)",0.67296,0.87346
4417,"(2,4,6,9,10,11,13)",0.68306,0.8805
4418,"(1,2,4,5,10,11)",0.67598,0.87594
4419,"(1,2,9,10,11)",0.67638,0.8756
4420,"(0,6,7,8,9,11,12,13)",0.68316,0.88112
4421,"(1,5,7,8,11,12,13)",0.67652,0.87652
4422,"(0,2,5,8,13)",0.68302,0.88198
4423,"(1,3,5)",0.6762,0.8767
4424,"(2,3,4,6,8,9,12,13)",0.68224,0.88064
4425,"(0,3,5,6,9,11,12)",0.6828,0.8812
4426,"(0,3,4,6,7,8,10,11,13)",0.68168,0.88042
4427,"(2,7,8,13)",0.68392,0.88174
4428,"(0,5,6,7,8,10,12,13)",0.68294,0.88026
4429,"(0,1,4,6,10,11,12,13)",0.67448,0.87508
4430,"(5,8,11,13)",0.68352,0.88276
4431,"(1,2,3,4,5,6,8,9,11,13)",0.67436,0.87566
4432,"(2,6,9,10)",0.68394,0.88104
4433,"(0,2,4,6,7,9,11,12,13)",0.68398,0.88082
4434,"(0,2,3,4,6,8,10,11,13)",0.6823,0.8805
4435,"(1,3,6,7,8,10,11,13)",0.67358,0.87482
4436,"(0,1,2,4,5,6,8,9,10,11,12)",0.67562,0.87518
4437,"(0,1,2,3,5,8,9,10,11)",0.67556,0.87528
4438,"(3,4,5,8,9,10,11,12,13)",0.68242,0.88028
4439,"(0,1,3,4,5,6,7,8,9,11,12)",0.67498,0.87532
4440,"(1,3,4,5,9,11,12)",0.67568,0.87512
4441,"(0,5,6,7,10)",0.68292,0.88144
4442,"(1,3,6,7,9,10,11,12)",0.67402,0.87472
4443,"(0,1,4,5,7)",0.67698,0.8774
4444,"(2,3,4,5,9,10,12)",0.68308,0.8803
4445,"(0,3,5,6,8,9,10,11)",0.68178,0.8809
4446,"(0,2,3,5,7,8,9,11,12,13)",0.68366,0.88092
4447,"(0,1,6,7,8,9,11,13)",0.67644,0.87668
4448,"(2,7,9,10,13)",0.68338,0.88054
4449,"(2,3,6,7,10,13)",0.6825,0.88048
4450,"(2,4,5,6,9,10,13)",0.68294,0.88052
4451,"(1,3,4,5,6,7,9)",0.675,0.87556
4452,"(4,6,7,9,11,12)",0.68378,0.88114
4453,"(4,5,6,8,9,10,12,13)",0.68264,0.8803
4454,"(1,2,3,4,7,8,11,12,13)",0.67382,0.87502
4455,"(1,2,5,10,12)",0.67644,0.87598
4456,"(0,2,5,6,8)",0.68404,0.88246
4457,"(1,2,3,4,5,6,12)",0.6744,0.87526
4458,"(0,1,2,3,6,7,10,12,13)",0.67264,0.8741
4459,"(1,7,8,9,12,13)",0.67614,0.8757
4460,"(1,3,5,6,8,9,10,12)",0.67492,0.87482
4461,"(0,2,3,10,12,13)",0.68196,0.88062
4462,"(2,6,7,9,11,12,13)",0.68346,0.8812
4463,"(1,2,4,5,6,7,12)",0.67618,0.87604
4464,"(0,3,5,6,7,12)",0.68236,0.8811
4465,"(0,1,5,6,8,9,12,13)",0.6767,0.87652
4466,"(2,3,4,6,7,8,11)",0.68296,0.8809
4467,"(2,7,10,11,12)",0.68296,0.88042
4468,"(0,2,3,6,8,10,12)",0.68232,0.88042
4469,"(0,2,3,4,5,11)",0.68296,0.88116
4470,"(1,4,5,6,9,10)",0.67604,0.87572
4471,"(0,1,2,4,6,7,9,10,11)",0.67554,0.87504
4472,"(1,3,5,6,8,9,11)",0.67612,0.8762
4473,"(0,2,3,4,5,6,7,12,13)",0.68194,0.88018
4474,"(0,2,5,6,7,8,10,13)",0.6824,0.88124
4475,"(0,3,5,6,7,8,9,12)",0.68294,0.88124
4476,"(0,1,2,3,4,6,7,8,9,10,13)",0.67224,0.8747
4477,"(3,)",0.68258,0.88212
4478,"(0,1,3,7,8)",0.67574,0.87618
4479,"(7,8,10,11,13)",0.68284,0.88148
4480,"(0,3,4,5,6,7,8,9,13)",0.6817,0.8814
4481,"(0,1,2,3,4,8,9,12,13)",0.67324,0.87494
4482,"(0,1,3,5,6,9,12)",0.67496,0.8756
4483,"(0,1,2,3,4,6,7,9,12,13)",0.67194,0.87422
4484,"(1,3,4,6,8,9,12)",0.6744,0.87454
4485,"(1,2,8,9,11,12)",0.67764,0.87628
4486,"(1,3,5,9,13)",0.67576,0.87598
4487,"(4,5,6,11)",0.68396,0.8824
4488,"(1,3,4,5,6,10,13)",0.67376,0.87556
4489,"(0,1,2,3,4,6,7,8,13)",0.6728,0.87528
4490,"(1,3,8,11,12,13)",0.67484,0.87554
4491,"(1,5,7,10,11,13)",0.67582,0.8766
4492,"(1,3,4,6,9,11)",0.67442,0.87484
4493,"(0,1,2,4,6,7,8,13)",0.6752,0.876
4494,"(2,4,5,6,7,9,11,13)",0.68308,0.88102
4495,"(0,1,3,4,7,11,12,13)",0.67334,0.87466
4496,"(0,4,6,7,10,11,12)",0.68228,0.8806
4497,"(0,1,3,4,5,7,9,12)",0.67428,0.87518
4498,"(0,1,2,3,4,5,6,7,10,12)",0.6728,0.8746
4499,"(1,2,4,7,12)",0.67574,0.87564
4500,"(1,2,3,4,8,9,11,13)",0.6746,0.8753
4501,"(0,5,6,9,11)",0.68422,0.88274
4502,"(0,1,3,6,8,10,12,13)",0.67336,0.87462
4503,"(1,2,3,4,5,6,9,10,13)",0.67348,0.87474
4504,"(0,3,4,6,7,8,12)",0.68228,0.8808
4505,"(0,2,5,8,10)",0.68354,0.88208
4506,"(0,1,3,4,5,6,8,9)",0.6752,0.87598
4507,"(0,4,10,12)",0.6828,0.88134
4508,"(0,1,4,6,12)",0.67554,0.87588
4509,"(1,4,5,6,7,10,11,12,13)",0.67538,0.87546
4510,"(0,6,7,8,10)",0.68292,0.88158
4511,"(1,2,3,5,7,10,11,12,13)",0.67422,0.87518
4512,"(1,2,3,4,5,7,8,9,10,12,13)",0.67356,0.8741
4513,"(1,2,3,5,6,7,8,11,12)",0.67498,0.87546
4514,"(0,1,3,4,8,9)",0.67414,0.87562
4515,"(2,8,10,13)",0.68366,0.882
4516,"(1,2,3,5,11,12,13)",0.67428,0.87562
4517,"(1,2,5,7,8,12)",0.6775,0.87636
4518,"(0,1,5,6)",0.6776,0.87758
4519,"(0,3,4,5,7,9,10,11,12,13)",0.68228,0.8798
4520,"(0,3,4,5,6)",0.682,0.88144
4521,"(1,4,6,7,10,11,12)",0.67484,0.87518
4522,"(0,1,3,5,10,11,12)",0.67484,0.8757
4523,"(0,2,5,6,7,8,11,12)",0.68372,0.88136
4524,"(1,2,3,6,8,9)",0.6754,0.8757
4525,"(1,3,4,5,6,7,9,12)",0.67508,0.87468
4526,"(2,4,7,8,13)",0.68334,0.8819
4527,"(1,4,6,7,8)",0.67628,0.87602
4528,"(1,2,4,5,11,12,13)",0.67614,0.87578
4529,"(3,4,5,6,7,8,9)",0.68262,0.88184
4530,"(0,2,4,8,9,10,12,13)",0.68234,0.88106
4531,"(0,1,4,5,7,8,9,10,12)",0.67662,0.87578
4532,"(0,1,2,7,8,9,10)",0.67686,0.87612
4533,"(1,2,3,5,7,9,10)",0.67444,0.87602
4534,"(0,2,3,5,6,8,11,12,13)",0.68338,0.8809
4535,"(0,2,3,4,8,9,10,11,12)",0.6831,0.88032
4536,"(2,9)",0.68422,0.88216
4537,"(0,1,2,8,10,12,13)",0.67592,0.87502
4538,"(0,1,4,7,12,13)",0.67548,0.87602
4539,"(0,1,2,5,7,8,9,11)",0.67776,0.87718
4540,"(0,1,3,5,6,7,9,10,12,13)",0.67402,0.87456
4541,"(0,1,2,4,6,10,11,12,13)",0.67356,0.8748
4542,"(0,4,5,8,11,12,13)",0.68314,0.88176
4543,"(2,4,6,8,10,12,13)",0.6826,0.88056
4544,"(0,2,5,6,7,9,10,12)",0.68278,0.8806
4545,"(0,2,4,5,8,9,10,11,13)",0.68258,0.88138
4546,"(1,2,3,5,6,9,10,12,13)",0.67328,0.87436
4547,"(0,3,4,5,7,12,13)",0.68192,0.88082
4548,"(1,2,4,7,8)",0.67638,0.87638
4549,"(3,4,10,11,13)",0.68256,0.88074
4550,"(1,2,3,4,5,11,12,13)",0.67406,0.87544
4551,"(2,3,4,5,7,9,10,11,12)",0.68262,0.87968
4552,"(0,1,3,6,8,9,10,11,12,13)",0.67386,0.87422
4553,"(4,6,7,8,9,10,11,12,13)",0.68222,0.88076
4554,"(3,6,7,8,9,10,12)",0.6823,0.88058
4555,"(2,3,5,6,9,12)",0.6828,0.88154
4556,"(1,2,5,10,12,13)",0.67624,0.87536
4557,"(0,1,2,4,8,9,10,13)",0.67518,0.87558
4558,"(4,5,6,7,11)",0.6842,0.88182
4559,"(1,6,9,11)",0.67786,0.8767
4560,"(0,2,8,12)",0.68404,0.88146
4561,"(0,1,3,4,6,7,9,10)",0.67286,0.87444
4562,"(0,1,2,3,4,8,9,10,12)",0.67318,0.87462
4563,"(0,4,5,8,10,12,13)",0.6824,0.88056
4564,"(0,2,7,8,9,10,11,12)",0.68362,0.88052
4565,"(0,2,3,4,6,8,13)",0.68244,0.88134
4566,"(2,3,6,8,11,12,13)",0.68312,0.88096
4567,"(3,4,6,10,11,13)",0.68192,0.8804
4568,"(0,1,2,3,5,6,9,10)",0.67436,0.87578
4569,"(1,4,7,8,11,12)",0.67614,0.87574
4570,"(0,3,4,5,6,7,10)",0.68088,0.88082
4571,"(2,4,7,11,13)",0.68322,0.8817
4572,"(0,2,3,4,5,8,9,12,13)",0.68386,0.88114
4573,"(0,1,2,3,6,8,9,10,12,13)",0.67342,0.87476
4574,"(0,1,4,5,7,9,11,12)",0.67686,0.87672
4575,"(0,3,4,5,9,10,11,12,13)",0.68258,0.88
4576,"(1,3,4,6,7,8,9,12)",0.67512,0.8745
4577,"(1,5,10,11,12,13)",0.67606,0.8764
4578,"(1,3,4,5,6,7,8,11,12,13)",0.67466,0.87454
4579,"(2,4,5,6,7,9,10,12)",0.6828,0.87994
4580,"(1,4,6,9,11,12,13)",0.67566,0.87494
4581,"(2,5,6,7,8,11)",0.68454,0.88224
4582,"(0,1,2,4,7,8,9,10,11,12,13)",0.67548,0.87518
4583,"(4,7,8,9,10,11)",0.68324,0.88128
4584,"(2,3,4,8,9,10,11)",0.68354,0.88092
4585,"(1,2,3,4,5,6,8,9,10,11,12,13)",0.67408,0.87432
4586,"(1,2,3,6,7,8,10)",0.67422,0.8752
4587,"(0,3,4,6,7,10,11)",0.68168,0.88052
4588,"(0,2,3,5,7,8,10,11)",0.68288,0.88046
4589,"(0,1,3,6,12,13)",0.67384,0.87548
4590,"(1,2,3,6,8,9,11,12)",0.67552,0.87554
4591,"(2,7,8,9,12)",0.68424,0.88144
4592,"(0,2,3,5,6,8,10,12)",0.68302,0.88054
4593,"(3,7,8,12,13)",0.68218,0.8814
4594,"(0,1,2,4,6,9,12)",0.6749,0.87588
4595,"(0,1,5,7,13)",0.67642,0.87726
4596,"(0,1,5,6,7,9,10,11,12)",0.67668,0.87626
4597,"(0,2,3,4,5,7,8,10,11,13)",0.68162,0.88068
4598,"(2,5,6,7,9,13)",0.6838,0.88184
4599,"(0,3,4,8,10,13)",0.68216,0.88134
4600,"(1,4,5,6,7,8,11,12,13)",0.67544,0.87576
4601,"(0,1,4,5,6,7)",0.67678,0.87684
4602,"(0,1,2,6,9,11,12,13)",0.67628,0.87644
4603,"(1,3,4,5,7,8,9,10)",0.67432,0.87516
4604,"(1,3,5,6,8,9,11,13)",0.67574,0.8759
4605,"(1,4,6,7,9,10,11,12,13)",0.67496,0.8743
4606,"(1,3,4,5,6,7,8,10,11,13)",0.67384,0.8741
4607,"(3,4,5,6,7,10,12)",0.68188,0.87998
4608,"(0,4,5,7,8,11,13)",0.6827,0.88164
4609,"(1,4,5,7,11,12,13)",0.67568,0.87586
4610,"(0,1,2,6,12,13)",0.67494,0.87632
4611,"(2,3,5,8,10,11,12,13)",0.6823,0.88016
4612,"(2,4,6,7,9,10,11,12,13)",0.6826,0.87984
4613,"(1,2,3,7,8,9,11,13)",0.67538,0.87608
4614,"(0,1,2,7,9,13)",0.67626,0.8764
4615,"(3,7,8,9,11,13)",0.6836,0.88164
4616,"(0,2,4,5,7)",0.6832,0.88104
4617,"(2,7,8,11,13)",0.68348,0.8819
4618,"(0,1,2,3,6,7,8,9,12)",0.674,0.87516
4619,"(0,3,4,5,8,12,13)",0.68296,0.88118
4620,"(4,5,6,7,12,13)",0.68312,0.88124
4621,"(0,1,2,3,5,8,10,11)",0.67508,0.8751
4622,"(1,3,8,9,10,11,12,13)",0.67428,0.87452
4623,"(1,2,3,4,5,6,8,9,11,12)",0.67406,0.8749
4624,"(1,5,7,8,10,11,13)",0.6761,0.87676
4625,"(0,1,2,3,5,6,12)",0.67386,0.87582
4626,"(3,5,12)",0.68312,0.88204
4627,"(0,2,3,4,5,7,8,10,11)",0.68234,0.88096
4628,"(0,2,3,4,7,8,11,12)",0.68284,0.88092
4629,"(2,3,4,5,10,13)",0.68248,0.88024
4630,"(0,3,4,5,6,7,8,11,12,13)",0.68228,0.88058
4631,"(1,4,6,8,9,10,12)",0.67582,0.87494
4632,"(0,1,4,5,9,10,11,13)",0.67588,0.8761
4633,"(0,1,2,3,4,5,6,7,9,11,12,13)",0.67338,0.87454
4634,"(2,8,12,13)",0.68406,0.88156
4635,"(0,3,4,6,8,10,11)",0.68158,0.88072
4636,"(2,4,5,6,7,9,10,11,13)",0.68346,0.88078
4637,"(0,1,4,7,9,11,12,13)",0.6757,0.87622
4638,"(2,4,5,11,13)",0.68346,0.88192
4639,"(2,3,4,6,11)",0.68284,0.88098
4640,"(0,1,2,3,4,5,7,9,11)",0.67528,0.87546
4641,"(0,2,3,5,6,8,9,10,11,12,13)",0.68278,0.8803
4642,"(2,3,4,7,9,12,13)",0.68252,0.88022
4643,"(6,9,10,11,12)",0.68356,0.8817
4644,"(2,3,5,6,8,10,12,13)",0.68256,0.88046
4645,"(2,3,4,7,8,11)",0.68364,0.88114
4646,"(2,3,6,7,8,9,13)",0.68338,0.88058
4647,"(0,2,7,8,10)",0.6827,0.88122
4648,"(0,4,6,9,11)",0.68328,0.8822
4649,"(2,4,5,6,8,9,10,12,13)",0.68322,0.88042
4650,"(1,5,7,12,13)",0.67668,0.87634
4651,"(0,3,5,8,9,12)",0.68314,0.88128
4652,"(2,4,7,8,9,12)",0.68396,0.88124
4653,"(2,9,11)",0.68452,0.88172
4654,"(0,3,5,8,10,11,12,13)",0.68188,0.8801
4655,"(2,3,7,8,12)",0.68344,0.88124
4656,"(0,1,5,6,7,9,11)",0.6774,0.87754
4657,"(1,2,3,4,9,10,12)",0.67374,0.87402
4658,"(0,3,5,6,8,10)",0.68166,0.88152
4659,"(1,3,4,5,6,8,9,11,12)",0.67526,0.87528
4660,"(0,1,5,7,8,9,11,12,13)",0.67648,0.87618
4661,"(1,4,12,13)",0.67586,0.87574
4662,"(0,3,5,7,8,9,10,11,13)",0.68176,0.88074
4663,"(0,1,2,3,5,6,10,11,13)",0.67448,0.87524
4664,"(1,2,7,10,13)",0.67594,0.87636
4665,"(4,6,8,10,11,12)",0.68228,0.88136
4666,"(0,1,3,4,7,8,9,11)",0.67498,0.87536
4667,"(5,6,7,10,12)",0.68286,0.88068
4668,"(2,3,4,6,8,9,10,12)",0.68196,0.88008
4669,"(0,1,2,3,5,6,8,9)",0.67522,0.87632
4670,"(0,1,2,4,7,8,10,11)",0.6756,0.87526
4671,"(4,5)",0.68374,0.8823
4672,"(0,2,3,4,6,7,9,10,11,12)",0.68228,0.87968
4673,"(0,1,2,7,8,10,11)",0.6766,0.8761
4674,"(1,4,5,6,7,10,11)",0.67544,0.87612
4675,"(0,2,6,7,8,9,10,11,12,13)",0.6831,0.8804
4676,"(0,1,2,3,6,7,8,9,10,11,12,13)",0.67364,0.8739
4677,"(0,1,3,5,7,9,10,11,12,13)",0.67452,0.87474
4678,"(1,2,3,4,6,8,9,11)",0.67508,0.87508
4679,"(1,4,6,7,8,9,11)",0.67632,0.87558
4680,"(0,1,3,6,8,12)",0.67402,0.8754
4681,"(0,3,4,6,7,8,10,11,12,13)",0.68194,0.8797
4682,"(0,2,3,4,7,8,9,11,12)",0.68292,0.88078
4683,"(1,2,4,6,7,9,11,12,13)",0.6753,0.87528
4684,"(1,2,3,5,6,7,8,9,11,12)",0.6752,0.87568
4685,"(1,5,6,7,8)",0.67754,0.87736
4686,"(0,2,8,10,12)",0.68294,0.88052
4687,"(0,1,2,3,7,8,9)",0.67492,0.87586
4688,"(0,1,2,4,6,7,8,10,12,13)",0.67424,0.87484
4689,"(0,2,4,7,8,9,12)",0.68344,0.88108
4690,"(0,1,2,5,6,7,10,13)",0.67578,0.8761
4691,"(2,6,7,8,9,11,12,13)",0.6834,0.88088
4692,"(0,3,6,8,11)",0.68308,0.88146
4693,"(1,2,4,8)",0.6768,0.87616
4694,"(1,4,5,6,9,10,11,12,13)",0.67548,0.87508
4695,"(0,1,2,3,4,6,12)",0.6723,0.87498
4696,"(1,4,6,9,12)",0.67602,0.8757
4697,"(3,5,6,9,10,11,13)",0.68166,0.88084
4698,"(0,8,9,11)",0.68352,0.8825
4699,"(0,3,4,6,7,11,12,13)",0.68262,0.88062
4700,"(0,1,2,3,4,5,6,8,9,12)",0.6735,0.8751
4701,"(0,2,3,4,10,11)",0.68208,0.88046
4702,"(0,2,3,5,8,11,12,13)",0.6839,0.88092
4703,"(2,5,6,7,8,10,11)",0.6833,0.88102
4704,"(3,5,6,12,13)",0.68228,0.88116
4705,"(0,4,5,6,7,10,11,12)",0.6826,0.88078
4706,"(3,5,6,9)",0.68282,0.88188
4707,"(4,6,7,9,10,11,12,13)",0.6828,0.88024
4708,"(2,7,9,12,13)",0.6833,0.88084
4709,"(0,10,11,12,13)",0.6822,0.88132
4710,"(0,1,3,5,6,10,11,12)",0.674,0.87538
4711,"(0,2,3,6,7,9,10,12)",0.68176,0.88044
4712,"(0,2,8,9,11,13)",0.68416,0.882
4713,"(0,2,3,4,5,9)",0.68304,0.88166
4714,"(1,2,3,4,6,7,8,9,10,11,12,13)",0.6735,0.8731
4715,"(0,2,3,5,6,7,10,11,12,13)",0.6819,0.87992
4716,"(0,4,5,8,11,12)",0.68322,0.88184
4717,"(0,1,3,6,12)",0.67356,0.8757
4718,"(2,3,5,6,7,9,12)",0.68226,0.88096
4719,"(0,2,5,7,9,13)",0.6834,0.88152
4720,"(4,5,7,10,11,12,13)",0.6826,0.8799
4721,"(4,5,6,9,12,13)",0.68368,0.88086
4722,"(0,1,3,4,5,8,9,10,11)",0.67478,0.8751
4723,"(0,1,4,5,7,8,11,12,13)",0.6758,0.87588
4724,"(0,2,5,9,10,11,13)",0.68388,0.8814
4725,"(4,5,6,7,9,11,12)",0.6841,0.88108
4726,"(1,2,5,6,7,9,11,13)",0.67714,0.87668
4727,"(1,4,6,7,8,12,13)",0.67532,0.87546
4728,"(0,2,5,7,8,11,12)",0.68334,0.88158
4729,"(0,1,3,5,6,10,13)",0.6743,0.87562
4730,"(1,2,4,8,10,11,12,13)",0.67466,0.87518
4731,"(1,6,10,11,12,13)",0.67572,0.87562
4732,"(0,5,6,9)",0.68388,0.8823
4733,"(4,5,6,7,8,13)",0.6827,0.88114
4734,"(1,3,4,5,10)",0.6743,0.87544
4735,"(4,5,8,9,12,13)",0.684,0.88148
4736,"(0,2,3,5,6,8,11,12)",0.68346,0.88126
4737,"(0,2,3,4,5,9,10,13)",0.68264,0.88088
4738,"(0,1,9,10)",0.67714,0.87646
4739,"(0,2,4,6,8,9,12)",0.68284,0.8811
4740,"(1,2,4,5,9,10,11,12)",0.6759,0.875
4741,"(0,2,3,4,5,8,10,11,13)",0.68236,0.88076
4742,"(0,1,2,3,4,5,8,9,10,11,13)",0.67396,0.87486
4743,"(1,4,6,10,11,12)",0.67462,0.87514
4744,"(0,4,6,11,13)",0.68302,0.88248
4745,"(0,2,4,8,12)",0.68338,0.88142
4746,"(3,5,6,7,8,9,13)",0.68218,0.881
4747,"(0,3,8,10,11,13)",0.68188,0.88084
4748,"(12,13)",0.68404,0.88174
4749,"(1,6,7,8,9,13)",0.67664,0.87658
4750,"(0,1,3,5,8,9,11,13)",0.67578,0.87604
4751,"(0,1,2,4,5,6,10,11)",0.67548,0.87564
4752,"(0,2,3,4,6,7,9,10,11,13)",0.682,0.88008
4753,"(0,1,3,4,6,9,10,12)",0.6727,0.87406
4754,"(0,1,2,4,5,6,8)",0.6766,0.87666
4755,"(1,3,9,10,11,13)",0.67452,0.87552
4756,"(0,1,2,6,8,10,11,13)",0.6755,0.8759
4757,"(0,5,6,8,10)",0.68304,0.88268
4758,"(0,2,3,5,10,11,12)",0.68302,0.88072
4759,"(0,1,2,3,4,5,6,10,11,12,13)",0.67236,0.87444
4760,"(0,1,2,4,8,10,11,12)",0.67516,0.87546
4761,"(4,7,8,9,10,11,13)",0.68304,0.88116
4762,"(1,3,10,11)",0.67458,0.87554
4763,"(0,1,3,4,5,6,8,11,13)",0.67392,0.87544
4764,"(2,4,10,11,12,13)",0.68298,0.88058
4765,"(0,1,5,6,7,10)",0.67694,0.8768
4766,"(0,2,9,10,11,12,13)",0.6837,0.88102
4767,"(1,2,4,7,8,10,13)",0.67486,0.87584
4768,"(4,5,8,9,10,11)",0.68366,0.88166
4769,"(0,2,5,6,7,8,9,11,12,13)",0.68334,0.88122
4770,"(0,3,5,7,8,10,12)",0.68156,0.88086
4771,"(4,5,6,7,8,10,11,13)",0.6826,0.88064
4772,"(3,5,6,8,10,11,13)",0.68214,0.88094
4773,"(1,4,8,11)",0.6765,0.87638
4774,"(2,3,4,5,6,8,9)",0.683,0.88132
4775,"(1,3,4,6,10,12,13)",0.67276,0.87396
4776,"(1,2,5,6,7,8,9,10)",0.67756,0.87688
4777,"(4,6,9,10,11,12,13)",0.68252,0.8811
4778,"(1,2,3,5,6,8,9,10,12)",0.67442,0.87484
4779,"(0,1,2,5,6,7,8,9)",0.67742,0.87754
4780,"(4,5,8,10,12,13)",0.6821,0.88096
4781,"(1,4,5,6,11)",0.67674,0.8767
4782,"(0,5,7,8,10)",0.6827,0.8824
4783,"(0,1,5,7,9,11,12)",0.6772,0.8771
4784,"(0,2,4,10,12)",0.683,0.88072
4785,"(5,7,9,12,13)",0.68322,0.88148
4786,"(0,4,6,7,8,10,13)",0.6816,0.881
4787,"(0,2,4,5,7,8,9,11,12)",0.68344,0.88132
4788,"(3,6,10,11,13)",0.68216,0.88098
4789,"(0,4,6,8,12,13)",0.68266,0.88122
4790,"(2,7,12)",0.68306,0.8812
4791,"(0,1,4,7,9,12,13)",0.67566,0.8753
4792,"(1,2,5,6,8,9,11,12,13)",0.67654,0.87594
4793,"(8,9,11)",0.68436,0.8827
4794,"(0,3,4,5,6,7,10,11,12)",0.68146,0.88004
4795,"(1,3,6,9,13)",0.67428,0.87544
4796,"(0,2,3,5,9,10,12,13)",0.68232,0.8806
4797,"(3,5,7,8,10,11,12,13)",0.68204,0.88002
4798,"(0,1,2,3,6,7,8,9,11)",0.67556,0.87518
4799,"(4,5,8,12,13)",0.68352,0.88094
4800,"(0,1,4,5,7,8,9,11,12,13)",0.67588,0.87608
4801,"(3,4,7,9,12)",0.68268,0.88106
4802,"(1,3,5,7,10,12)",0.6748,0.87562
4803,"(1,4,5,7,8,11,13)",0.67646,0.87616
4804,"(0,2,4,6,10,11,12,13)",0.68224,0.88034
4805,"(0,1,3,6,7,9)",0.67476,0.87578
4806,"(0,2,3,5,7,10,12,13)",0.68204,0.88004
4807,"(0,1,2,3,6,7,10,11,12,13)",0.67318,0.87434
4808,"(0,1,5,7,9,12)",0.67746,0.87672
4809,"(1,2,3,4,6,7,9,10,11,12)",0.67342,0.87388
4810,"(1,4,7,9,12)",0.67634,0.87562
4811,"(0,1,2,4,5,7,13)",0.6759,0.87644
4812,"(0,2,5,7,9,10,11,12)",0.68336,0.88072
4813,"(0,5,6,10,13)",0.68266,0.88156
4814,"(3,5,6,8,10,12)",0.6821,0.88064
4815,"(1,3,4,11,12,13)",0.67378,0.875
4816,"(0,1,2,3,4,10,12)",0.67316,0.8743
4817,"(0,1,5,6,7,8,9,11,13)",0.67724,0.87704
4818,"(0,5,6,7,8,10,11,13)",0.68232,0.8815
4819,"(1,3,4,5,6,7,9,11,12)",0.67476,0.87496
4820,"(1,3,4,6,7,9,11,13)",0.67414,0.87474
4821,"(1,2,3,4,5,7,10,12,13)",0.67382,0.8743
4822,"(0,4,5,6,8,9,11,13)",0.6824,0.88248
4823,"(1,4,6,7,9,11,13)",0.67658,0.87556
4824,"(2,3,5,6,8,11,13)",0.68298,0.88154
4825,"(1,2,3,5,7,9,10,11,12,13)",0.6744,0.87494
4826,"(5,6,7,9,10)",0.68344,0.88144
4827,"(0,6,8,9,10,11)",0.68302,0.88228
4828,"(0,5,8,9,10,11,12)",0.68346,0.88136
4829,"(0,1,2,3,4,5,8,10)",0.6742,0.8754
4830,"(0,1,2,6,7,8,9,10,13)",0.67556,0.87608
4831,"(0,1,2,5,6,7,10,12)",0.67604,0.87578
4832,"(1,2,7,9,10,13)",0.67634,0.87628
4833,"(0,1,3,6,9,10,11,13)",0.67404,0.87484
4834,"(1,2,4,5,8,9,12,13)",0.676,0.87546
4835,"(3,5,6,7,10,11,12,13)",0.68196,0.8799
4836,"(4,5,6,7,8,10,11,12)",0.68248,0.88046
4837,"(3,4,5,10,12)",0.68232,0.88062
4838,"(3,6,7,8,11)",0.6829,0.8817
4839,"(1,5,7,9,11)",0.67848,0.87754
4840,"(0,1,4,5,6,7,11,13)",0.67552,0.8768
4841,"(1,6,7,8,12,13)",0.67614,0.87614
4842,"(0,1,3,4,5,8,9,12)",0.6752,0.87534
4843,"(1,3,4,5,6,7,11,12,13)",0.674,0.87472
4844,"(5,7,10,11,12,13)",0.6822,0.88054
4845,"(0,1,4,7,11,12)",0.67584,0.87624
4846,"(0,2,3,4,5,6,9,11,13)",0.68258,0.88086
4847,"(0,1,2,3,7,8,11)",0.67522,0.87606
4848,"(0,1,2,6,9,10,12)",0.67556,0.87592
4849,"(4,5,9,10,12)",0.6836,0.88074
4850,"(3,12,13)",0.6824,0.88104
4851,"(1,2,3,6,9,11,13)",0.67498,0.87512
4852,"(0,1,5,6,7,9,12,13)",0.67638,0.8771
4853,"(5,6,7,8,9,10,12,13)",0.68278,0.88094
4854,"(1,2,3,4,8,9,10,12)",0.67404,0.87444
4855,"(1,2,4,5,8,10,12,13)",0.6753,0.87558
4856,"(0,1,3,5,7,8,9,12)",0.67618,0.87554
4857,"(1,4,5,6,8,11,13)",0.67566,0.87692
4858,"(2,3,4,6,7,8,10,12,13)",0.68182,0.8799
4859,"(1,7,9,11,12)",0.67734,0.8762
4860,"(1,4,5,6,9,10,12)",0.6759,0.87478
4861,"(0,1,6,9,11)",0.677,0.87718
4862,"(0,3,4,5,6,7,9,11,12,13)",0.68182,0.88074
4863,"(0,1,7,8,10,11,12)",0.67578,0.87622
4864,"(0,3,4,5,6,7,8,11)",0.6822,0.88164
4865,"(2,3,5,6,7,8,9,11,12)",0.68342,0.8809
4866,"(1,3,5,6,7,8,9,10,11,12)",0.67456,0.87484
4867,"(1,3,6,7,8,9,12)",0.67512,0.87484
4868,"(3,9,12)",0.68294,0.88178
4869,"(3,7,8,11,12)",0.68306,0.88106
4870,"(0,1,2,5,6,7,8,13)",0.67672,0.87724
4871,"(0,3,4,5,6,8,11,12,13)",0.6822,0.88122
4872,"(1,6,7,9,12)",0.67642,0.87602
4873,"(0,2,5,6,7,9,10)",0.68334,0.88126
4874,"(0,1,5,6,7,11,13)",0.67708,0.87712
4875,"(0,2,3,4,7,8,10,12)",0.6818,0.88032
4876,"(1,7,10,12,13)",0.67592,0.87548
4877,"(2,3,4,5,6,9,13)",0.68314,0.8807
4878,"(0,1,2,4,5,6,9,10,11,12)",0.6754,0.87528
4879,"(0,1,4,5,6,8,11,13)",0.67558,0.87674
4880,"(3,6,7,8,9,10,13)",0.68242,0.8807
4881,"(2,3,5,8)",0.68324,0.88194
4882,"(1,2,3,8,9,11,12)",0.67542,0.87556
4883,"(0,2,4,6,8,10,11,12)",0.68276,0.88054
4884,"(4,6,8,10,11,12,13)",0.68242,0.88076
4885,"(1,2,5,6,7,8,11,12,13)",0.67618,0.87564
4886,"(0,1,4,5,8,10)",0.6764,0.8761
4887,"(0,1,3,4,5,8,10,11,12,13)",0.67396,0.87452
4888,"(3,6,7,11,13)",0.68262,0.88172
4889,"(3,4,5,7,11,13)",0.68222,0.88152
4890,"(2,5,6,7,8,10,11,13)",0.68282,0.88102
4891,"(0,2,4,5,9,10,11,12,13)",0.68302,0.8807
4892,"(0,1,4,5,7,8,9,10,12,13)",0.67538,0.87498
4893,"(1,2,3,6,8,10,12)",0.67362,0.8747
4894,"(0,1,8,12,13)",0.67612,0.87596
4895,"(0,1,7,8,10,11)",0.67596,0.87654
4896,"(0,1,3,5,7,13)",0.67512,0.87618
4897,"(3,4,5,6,7,8,10,11,13)",0.68166,0.87982
4898,"(1,2,3,4,11,12)",0.6746,0.87548
4899,"(0,1,4,5,7,9,13)",0.676,0.87608
4900,"(2,3,4,5,6,7,8,9,10)",0.6821,0.88066
4901,"(0,3,4,6,7,8)",0.68182,0.88156
4902,"(2,5,6,7,12,13)",0.6839,0.88112
4903,"(1,4,5,7,10,11,12)",0.67622,0.87576
4904,"(0,4,12,13)",0.68328,0.88184
4905,"(2,4,5,6,8,9,13)",0.68322,0.88114
4906,"(3,4,5,6,7,8,10)",0.68162,0.881
4907,"(0,4,6,7,10,11)",0.6828,0.88096
4908,"(3,4,5,7,11)",0.68266,0.8819
4909,"(0,1,2,5,7,9,10,11)",0.67676,0.87618
4910,"(3,5,6,7,8,10,11,12)",0.68184,0.87976
4911,"(0,1,6,11,12,13)",0.67578,0.8763
4912,"(3,6,7,9,10,11)",0.68256,0.88082
4913,"(1,2,5,8,9,10,11,12)",0.67668,0.87594
4914,"(2,7,13)",0.68334,0.88194
4915,"(0,2,4,7,11,13)",0.68336,0.8814
4916,"(6,8,9,10,12,13)",0.68288,0.88134
4917,"(2,4,5,6,7,9,10,11,12,13)",0.68322,0.88012
4918,"(1,5,8,9,10,11,12,13)",0.67668,0.87608
4919,"(0,1,3,4,5,8,11,12)",0.6752,0.87536
4920,"(1,2,3,4,7,9,11)",0.67514,0.875
4921,"(0,2,3,7,9,11,12)",0.68334,0.88114
4922,"(1,3,4,5,9,10,12)",0.67442,0.87442
4923,"(0,5,6,8,13)",0.68274,0.88222
4924,"(6,8,11,13)",0.68372,0.88258
4925,"(2,3,4,6,8,9,10,11,13)",0.6824,0.88018
4926,"(0,1,2,3,4,9,10,13)",0.67308,0.87468
4927,"(1,5,8,12)",0.67726,0.87672
4928,"(2,4,6,8,12)",0.68362,0.88136
4929,"(3,4,6,7,9,10,12,13)",0.6811,0.87922
4930,"(1,2,3,5,8,9,10,11,12)",0.67516,0.87514
4931,"(3,4,5,9,11)",0.6835,0.88172
4932,"(1,6,8,9,10,13)",0.67578,0.87626
4933,"(1,2,3,9,10,12)",0.6745,0.87488
4934,"(0,1,2,7,8,9,11)",0.67792,0.8763
4935,"(3,6,7,8,9,11,12,13)",0.68278,0.88092
4936,"(2,3,4,6,10,11,12)",0.6823,0.87994
4937,"(3,4,8,9,10,12,13)",0.682,0.88044
4938,"(1,2,5,13)",0.67722,0.8771
4939,"(1,2,4,5,8,10,12)",0.67636,0.87564
4940,"(1,3,5,8,11,13)",0.6758,0.87608
4941,"(0,1,2,4,6,7,12)",0.67464,0.8758
4942,"(4,6,11,12,13)",0.68368,0.88166
4943,"(0,2,5,8,9,12,13)",0.68368,0.8814
4944,"(0,3,5,11)",0.68312,0.88224
4945,"(0,1,4,7,8,9,10,12,13)",0.67522,0.87512
4946,"(0,1,5,9,11,13)",0.67752,0.87792
4947,"(2,3,5,6,8,9,10,11)",0.68274,0.88116
4948,"(1,2,3,5,7,11,12)",0.67488,0.87574
4949,"(1,2,5,7,8,12,13)",0.67668,0.87624
4950,"(0,2,5,7,8,9,10,13)",0.68316,0.88144
4951,"(1,3,4,5,8,9,10,12,13)",0.6742,0.87414
4952,"(0,1,3,4,9,11,13)",0.67414,0.87464
4953,"(0,1,5,6,8,11)",0.67794,0.87762
4954,"(0,2,5,8,10,11,12)",0.68326,0.88118
4955,"(1,4,5,7,9,13)",0.6769,0.87666
4956,"(0,1,2,4,5,7,8,9,13)",0.67628,0.87664
4957,"(0,2,3,9,10,11,13)",0.68254,0.88064
4958,"(1,2,5,6,9,11,13)",0.67728,0.87734
4959,"(0,1,2,5,6,8,9,10)",0.677,0.87636
4960,"(1,5,6,7,8,9,13)",0.67738,0.87734
4961,"(2,3,4,7,8,10,12)",0.68278,0.88024
4962,"(1,2,3,4,5,6,7,8,12)",0.67436,0.87506
4963,"(2,5,6,11)",0.68448,0.8822
4964,"(0,1,4,5,6,7,10,11)",0.67504,0.87614
4965,"(0,1,3,4,7,8,9,10,12)",0.67412,0.87456
4966,"(1,3,7,9,10,11,12,13)",0.67428,0.87434
4967,"(1,3,6,7,8,9,10,11,12)",0.67478,0.8747
4968,"(2,4,6,8,11)",0.6835,0.8817
4969,"(0,3,6,7,9,10,11,13)",0.6818,0.88052
4970,"(1,2,3,4,6,7,8,10,11)",0.6732,0.87396
4971,"(0,1,3,7,9,12)",0.67484,0.87514
4972,"(1,4,7,8,11,13)",0.67582,0.87598
4973,"(0,6,7,8,9,11,12)",0.68378,0.88158
4974,"(2,4,5,8,9)",0.68378,0.88174
4975,"(4,7,10,13)",0.68288,0.88106
4976,"(0,2,5,6,7,9,11,12)",0.68378,0.8813
4977,"(1,3,5,7,8,9,11,12)",0.67578,0.87566
4978,"(0,2,4,5,7,8,10,12,13)",0.68276,0.88018
4979,"(0,2,9,10,11,12)",0.68362,0.88108
4980,"(0,2,5,9,10,12,13)",0.68326,0.88068
4981,"(1,2,3,8,9,12,13)",0.6748,0.87494
4982,"(0,6,7,10,11,13)",0.68264,0.88118
4983,"(4,5,7,8,10,11,12,13)",0.6823,0.88044
4984,"(0,2,5,6,7,10,11,12)",0.68298,0.88078
4985,"(1,2,4,7,10,12)",0.67508,0.87516
4986,"(2,3,4,5,7,13)",0.68298,0.88106
4987,"(3,6,7)",0.68214,0.88174
4988,"(1,2,4,5,6,7,8,11,13)",0.67606,0.87598
4989,"(5,6,11,13)",0.68394,0.88268
4990,"(0,1,2,3,4,5,6,7,8,11)",0.67452,0.87546
4991,"(0,2,4,5,9,11,12)",0.68372,0.88182
4992,"(1,2,6,8,10,12)",0.67646,0.87588
4993,"(5,12)",0.68456,0.8823
4994,"(0,2,3,4,6,7,8,11,12,13)",0.68202,0.88032
4995,"(1,3,11,12)",0.67534,0.87596
4996,"(0,6,7,11,12,13)",0.68268,0.88102
4997,"(1,2,8,9,13)",0.6771,0.87684
4998,"(2,3,4,8,12,13)",0.68282,0.8806
4999,"(2,3,4,5,6,7,9,10,11)",0.68244,0.88026
5000,"(0,3,4,5,7,8,9,11,12)",0.68266,0.88104
5001,"(0,1,3,5,6,7,9,11,13)",0.6751,0.87562
5002,"(0,3,5,9,12,13)",0.6825,0.88154
5003,"(1,3,7,8,9,10,12,13)",0.67438,0.87426
5004,"(0,2,4,5,7,8,10,12)",0.68282,0.88036
5005,"(2,3,4,8,12)",0.68318,0.88114
5006,"(0,9,10,12)",0.68282,0.88126
5007,"(0,1,2,4,5,6,7,8,10,11,12)",0.67514,0.87512
5008,"(0,3,4,6,9,10,11,12,13)",0.6821,0.87974
5009,"(1,3,4,10,13)",0.67406,0.87498
5010,"(0,1,3,4,5,7,9,10,11,13)",0.67404,0.8747
5011,"(0,1,4,8,9,12)",0.67666,0.87574
5012,"(2,11)",0.68442,0.88182
5013,"(2,4,7,8,9,13)",0.68308,0.88136
5014,"(1,3,4,5,6,7,9,10,11,12,13)",0.67366,0.87388
5015,"(0,2,3,8,9,11,12)",0.68352,0.8812
5016,"(3,4,5,6,8,9,11,12)",0.683,0.88076
5017,"(0,1,5,6,8,9,13)",0.67716,0.87706
5018,"(1,4,5,6,7,8,11,12)",0.67612,0.8761
5019,"(1,3,4,5,8,10,11)",0.67422,0.87512
5020,"(2,3,5,7,8,10)",0.68282,0.88102
5021,"(0,1,3,5,7,11,12)",0.67548,0.87616
5022,"(1,2,3,4,5,6,7,8,10,12)",0.67344,0.87442
5023,"(1,3,5,6,7,8,13)",0.67522,0.87608
5024,"(3,8,9,10,13)",0.68268,0.88136
5025,"(0,1,3,5,6,7,9)",0.67506,0.87664
5026,"(5,7,12,13)",0.6838,0.88136
