,name,mAP
0,"(0, 1, 2)",68.6955259225945
1,"(0, 1, 3)",68.46150439483189
2,"(0, 1, 4)",68.8505198816957
