,name,mAP
0,"(39, 55, 72)",68.7130651274363
1,"(11, 61, 65)",68.77057938397192
2,"(45, 51, 70)",68.35993479430543
3,"(18, 39, 43)",68.47807423578307
4,"(22, 32, 70)",68.65141979546172
5,"(0, 54, 70)",68.7034846299513
6,"(9, 16, 62)",68.64894272632404
7,"(14, 37, 53)",68.74295512646378
8,"(4, 63, 69)",68.71353778018172
9,"(0, 33, 53)",68.71798895089044
10,"(25, 26, 73)",68.5908413579294
11,"(16, 17, 18)",68.79119465401628
12,"(4, 11, 51)",68.77061195783409
13,"(48, 65, 66)",68.6434861619411
14,"(31, 55, 67)",68.80577233444443
15,"(13, 25, 74)",68.600796911761
16,"(0, 1, 39)",68.66690006771934
17,"(45, 47, 51)",68.1145541998075
18,"(0, 5, 44)",68.48431863452535
19,"(8, 54, 55)",68.70065838518319
20,"(25, 41, 64)",68.52933729335179
21,"(10, 29, 59)",68.7810008332718
22,"(31, 58, 65)",68.53142561551921
23,"(11, 28, 71)",68.602700096704
24,"(5, 10, 28)",68.50721596040823
25,"(5, 16, 33)",68.70479326896472
26,"(10, 18, 36)",68.7405129076122
27,"(7, 29, 62)",68.72849532528997
28,"(64, 71, 74)",68.7370288322076
29,"(7, 10, 27)",68.81636135882721
30,"(12, 57, 72)",68.79569456297872
31,"(1, 34, 59)",68.61708669863378
32,"(10, 41, 49)",68.84269928108043
33,"(34, 36, 62)",68.64425962428452
34,"(17, 25, 42)",68.5046782339588
35,"(2, 52, 67)",68.79317492465542
36,"(6, 17, 25)",68.46351890299427
37,"(15, 30, 47)",68.57169094422288
38,"(15, 48, 59)",68.77659469994455
39,"(21, 48, 63)",68.78311012099545
40,"(21, 26, 33)",68.6783518239136
41,"(16, 37, 54)",68.77816841397176
42,"(25, 56, 57)",68.55705196873186
43,"(19, 20, 41)",68.76553277173394
44,"(20, 23, 54)",68.80305296839111
45,"(23, 32, 33)",68.67375770623643
46,"(12, 19, 47)",68.59469017918539
47,"(42, 53, 68)",68.57519779733433
48,"(45, 54, 62)",68.2554707389539
49,"(12, 43, 73)",68.48431783592778
50,"(19, 57, 59)",68.801513744569
51,"(57, 67, 74)",68.82830163876784
52,"(20, 38, 42)",68.58862012742237
53,"(44, 49, 65)",68.64113724947676
54,"(1, 20, 47)",68.61946259081972
55,"(11, 25, 69)",68.5843316978576
56,"(4, 5, 8)",68.66366815143572
57,"(29, 38, 44)",68.35918603515563
58,"(11, 23, 73)",68.7691473533597
59,"(7, 14, 25)",68.55479174297653
60,"(9, 30, 69)",68.65218194239301
61,"(24, 31, 73)",68.71505173138527
62,"(20, 42, 58)",68.3427400463473
63,"(14, 46, 73)",68.63695410178974
64,"(26, 38, 48)",68.60899083335637
65,"(28, 44, 49)",68.5066590337706
66,"(1, 5, 10)",68.71777913458973
67,"(41, 60, 65)",68.80899994066323
68,"(27, 54, 55)",68.79736715331092
69,"(9, 58, 64)",68.5041934271891
70,"(5, 15, 43)",68.58827309139998
71,"(13, 40, 49)",68.53578931572271
72,"(41, 60, 63)",68.74822787073902
73,"(21, 30, 31)",68.55208049422934
74,"(13, 43, 49)",68.74187599644974
75,"(5, 26, 44)",68.53693025645875
76,"(28, 37, 69)",68.50673063555878
77,"(55, 57, 59)",68.72932362610544
78,"(35, 54, 56)",68.67510526138443
79,"(0, 39, 47)",68.57032939675622
80,"(12, 14, 43)",68.49317330570395
81,"(8, 23, 30)",68.51598024826815
82,"(1, 27, 39)",68.65849261708533
83,"(4, 8, 49)",68.64309222962758
84,"(11, 23, 60)",68.79332049669505
85,"(50, 55, 73)",68.67923953050216
86,"(14, 20, 26)",68.64186246339126
87,"(25, 54, 68)",68.5126899823164
88,"(33, 48, 62)",68.60146228011081
89,"(24, 47, 72)",68.56497932033567
90,"(25, 36, 44)",68.38762664882708
91,"(17, 24, 41)",68.75499039126267
92,"(2, 20, 73)",68.75354163861594
93,"(4, 45, 52)",68.3823276697101
94,"(1, 11, 24)",68.65071059373096
95,"(19, 40, 47)",68.3706392892833
96,"(21, 56, 59)",68.62584333639097
97,"(22, 28, 54)",68.59624605682414
98,"(4, 27, 42)",68.63697167418394
99,"(25, 39, 53)",68.52552298890387
100,"(2, 13, 39)",68.77475379324811
101,"(24, 58, 70)",68.58322132872958
102,"(1, 23, 49)",68.81841880332071
103,"(3, 7, 55)",68.46025540753857
104,"(17, 49, 74)",68.98508242159369
105,"(8, 14, 28)",68.51419516443482
106,"(13, 54, 62)",68.72244986013449
107,"(13, 30, 35)",68.59951879912802
108,"(36, 40, 72)",68.44956216958813
109,"(16, 36, 49)",68.92080824224276
110,"(6, 23, 66)",68.54633774230912
111,"(16, 30, 71)",68.57283416590934
112,"(3, 40, 59)",68.23952279622222
113,"(11, 13, 29)",68.78348578143745
114,"(0, 58, 74)",68.56918651773591
115,"(15, 47, 62)",68.57427036103785
116,"(4, 40, 63)",68.57617232493067
117,"(11, 50, 52)",68.78232389863764
118,"(47, 56, 72)",68.4821033532145
119,"(17, 36, 74)",68.79166469349968
120,"(40, 43, 44)",68.19601335404859
121,"(0, 1, 26)",68.66809958579661
122,"(4, 8, 25)",68.50957997302103
123,"(16, 57, 74)",68.77068661542711
124,"(18, 59, 62)",68.63439567744574
125,"(2, 54, 66)",68.76695780244586
126,"(49, 50, 55)",68.77451897037871
127,"(19, 43, 50)",68.55908603200834
128,"(1, 17, 63)",68.69018434905212
129,"(11, 60, 66)",68.73423743428158
130,"(64, 70, 73)",68.68343287411284
131,"(7, 12, 36)",68.814107063489
132,"(6, 27, 51)",68.60244843549556
133,"(10, 16, 73)",68.73442099008048
134,"(9, 41, 58)",68.47280495409696
135,"(11, 14, 58)",68.55187783859972
136,"(18, 58, 72)",68.51115601866226
137,"(8, 30, 42)",68.5354246013564
138,"(13, 27, 73)",68.68625595266255
139,"(22, 47, 53)",68.58637078285858
140,"(38, 55, 61)",68.65673060264653
141,"(2, 5, 33)",68.83713742538772
142,"(6, 26, 55)",68.59176929109381
143,"(5, 8, 23)",68.63681748098836
144,"(30, 47, 54)",68.58383240765417
145,"(4, 51, 56)",68.71710773615271
146,"(25, 45, 58)",67.90862719934319
147,"(6, 19, 38)",68.53870685980486
148,"(13, 16, 60)",68.80720815708706
149,"(14, 51, 61)",68.81044590593646
150,"(33, 65, 69)",68.71325009537604
151,"(12, 37, 66)",68.67586616207925
152,"(2, 10, 14)",68.84652904622416
153,"(29, 53, 72)",68.69030494509742
154,"(1, 39, 55)",68.63514995337191
155,"(41, 47, 53)",68.67561502215825
156,"(8, 19, 22)",68.64524600844815
157,"(1, 36, 66)",68.6141525386786
158,"(23, 69, 73)",68.76920040417444
159,"(46, 49, 56)",68.69002927257833
160,"(20, 48, 70)",68.68225589751427
161,"(6, 15, 28)",68.52942281174737
162,"(3, 23, 38)",68.36019816521801
163,"(1, 14, 23)",68.6161224546846
164,"(9, 40, 71)",68.38833531417211
165,"(0, 12, 47)",68.53282375678245
166,"(24, 47, 74)",68.59424991627476
167,"(20, 23, 41)",68.79101385666016
168,"(16, 35, 50)",68.70018226293926
169,"(34, 40, 41)",68.42374418493546
170,"(7, 40, 64)",68.34781867051018
171,"(13, 63, 72)",68.73147254268373
172,"(15, 50, 53)",68.73336008731727
173,"(8, 19, 46)",68.71702191590042
174,"(6, 43, 72)",68.5604986702561
175,"(43, 58, 71)",68.34554131482088
176,"(21, 37, 62)",68.62172424705079
177,"(7, 13, 52)",68.9469063847436
178,"(19, 64, 65)",68.72474983648114
179,"(30, 33, 38)",68.54503240698078
180,"(36, 69, 71)",68.73235154721533
181,"(11, 62, 65)",68.71712971610685
182,"(0, 33, 49)",68.72010158070646
183,"(5, 69, 70)",68.76101165798636
184,"(3, 26, 52)",68.50253218155319
185,"(15, 26, 60)",68.73059874798223
186,"(10, 46, 63)",68.64088738272469
187,"(50, 54, 67)",68.73049069204605
188,"(14, 21, 71)",68.77444296791435
189,"(8, 11, 47)",68.64527008890224
190,"(8, 29, 49)",68.58556683397154
191,"(1, 13, 31)",68.74876537110346
192,"(28, 33, 63)",68.53043842560145
193,"(22, 31, 40)",68.51069430934473
194,"(18, 34, 72)",68.75206106278884
195,"(5, 57, 70)",68.7138724375386
196,"(8, 54, 66)",68.6315931413764
197,"(18, 41, 60)",68.76847714658456
198,"(33, 37, 54)",68.73711978336769
199,"(9, 47, 53)",68.58657395428742
200,"(14, 67, 71)",68.6915653302827
201,"(11, 35, 73)",68.64562896378929
202,"(3, 14, 23)",68.50903436206424
203,"(59, 63, 64)",68.76014125639337
204,"(24, 25, 27)",68.46630072358766
205,"(10, 17, 18)",68.7634221877467
206,"(13, 48, 72)",68.60528343729997
207,"(23, 35, 65)",68.71940295089584
208,"(27, 38, 44)",68.40096733404597
209,"(32, 35, 43)",68.58349199924545
210,"(33, 35, 46)",68.61989196245915
211,"(9, 29, 32)",68.53211696507421
212,"(27, 41, 64)",68.76244022211387
213,"(6, 11, 32)",68.7090919963271
214,"(7, 30, 31)",68.69801362005485
215,"(31, 36, 53)",68.83033223007885
216,"(30, 47, 67)",68.60694756569207
217,"(10, 18, 66)",68.67132828863407
218,"(5, 31, 46)",68.64467179475426
219,"(31, 37, 44)",68.54153241249487
220,"(11, 50, 63)",68.7392990784039
221,"(36, 44, 55)",68.49678589778081
222,"(9, 45, 54)",68.33355788884491
223,"(22, 64, 67)",68.68676219574155
224,"(19, 25, 56)",68.43986324536078
225,"(6, 64, 72)",68.57305203105976
226,"(6, 22, 46)",68.60042648247159
227,"(10, 27, 68)",68.73943606311357
228,"(18, 25, 40)",68.33007784681918
229,"(15, 38, 60)",68.57207244657978
230,"(3, 34, 56)",68.44692640777403
231,"(31, 52, 60)",68.79593714265336
232,"(16, 33, 45)",68.44379801541479
233,"(7, 21, 30)",68.6401768296584
234,"(46, 55, 74)",68.68022762358434
235,"(59, 64, 67)",68.76059243176134
236,"(7, 16, 47)",68.67439139060536
237,"(25, 40, 65)",68.20171378836693
238,"(25, 37, 47)",68.41094211974702
239,"(8, 38, 71)",68.56233613712527
240,"(21, 62, 68)",68.6953259579774
241,"(1, 29, 35)",68.65313646165167
242,"(1, 34, 39)",68.59583968369071
243,"(9, 50, 58)",68.46765274604195
244,"(21, 23, 36)",68.69646943365613
245,"(18, 64, 68)",68.70766098183087
246,"(24, 33, 45)",68.34188194760212
247,"(1, 25, 47)",68.40894705551656
248,"(10, 61, 74)",68.76984949108046
249,"(30, 33, 40)",68.35183872473354
250,"(1, 41, 56)",68.54552221017354
251,"(19, 36, 71)",68.72365061650318
252,"(57, 58, 59)",68.597399342009
253,"(3, 42, 66)",68.37142136289145
254,"(16, 61, 64)",68.75990795893844
255,"(6, 26, 32)",68.57734701284055
256,"(3, 4, 40)",68.35350568688719
257,"(15, 39, 52)",68.76609852987175
258,"(4, 62, 64)",68.5807801909197
259,"(2, 12, 60)",68.83609111782725
260,"(10, 12, 36)",68.7851527142698
261,"(32, 36, 65)",68.67399201841744
262,"(23, 30, 47)",68.42632332374514
263,"(58, 62, 63)",68.45098756734423
264,"(6, 9, 67)",68.57845530813428
265,"(52, 68, 73)",68.75507157741254
266,"(5, 55, 73)",68.65896059680658
267,"(36, 46, 48)",68.5979104332541
268,"(10, 38, 73)",68.59828695832645
269,"(31, 61, 70)",68.73307316089313
270,"(0, 6, 14)",68.62804584907687
271,"(5, 19, 38)",68.62351293011464
272,"(40, 44, 65)",68.32437844360662
273,"(19, 34, 60)",68.65845709440674
274,"(13, 53, 55)",68.74393672431253
275,"(37, 40, 44)",68.2789686261375
276,"(29, 70, 73)",68.6686566788322
277,"(30, 47, 57)",68.66345518618806
278,"(6, 29, 74)",68.65617756303463
279,"(24, 44, 61)",68.5728512331965
280,"(1, 29, 47)",68.65611605713104
281,"(27, 33, 53)",68.75802466680751
282,"(20, 35, 54)",68.74184033447841
283,"(7, 29, 68)",68.8346049254136
284,"(10, 12, 13)",68.79407719915484
285,"(27, 50, 56)",68.56785772933827
286,"(15, 32, 53)",68.73859199001873
287,"(7, 46, 51)",68.6670317234734
288,"(7, 19, 64)",68.79724140661818
289,"(27, 38, 71)",68.58365116833598
290,"(47, 71, 73)",68.44294875647054
291,"(11, 25, 47)",68.48290068772332
292,"(16, 41, 74)",68.74975052420491
293,"(14, 61, 72)",68.75925298877655
294,"(22, 33, 40)",68.53520978265382
295,"(19, 46, 58)",68.53630637191746
296,"(1, 30, 34)",68.58477335729674
297,"(9, 29, 35)",68.63224002103124
298,"(51, 61, 65)",68.73274941156883
299,"(3, 41, 71)",68.55097083972801
300,"(19, 50, 68)",68.7428719839955
301,"(14, 41, 65)",68.71805184045812
302,"(3, 10, 30)",68.41264204325888
303,"(35, 45, 51)",68.30827566920102
304,"(13, 26, 36)",68.66709508993038
305,"(33, 51, 74)",68.84059350994633
306,"(11, 45, 60)",68.45344148356135
307,"(8, 9, 15)",68.59112641579387
308,"(4, 6, 46)",68.57565084508771
309,"(31, 36, 46)",68.73785456278185
310,"(2, 22, 66)",68.70716760630192
311,"(2, 23, 43)",68.62279055776985
312,"(4, 42, 44)",68.38571759848519
313,"(9, 16, 68)",68.67430124198158
314,"(46, 56, 66)",68.42984062314927
315,"(17, 23, 68)",68.77270756916822
316,"(6, 11, 38)",68.48573077370524
317,"(7, 19, 33)",68.82475894934298
318,"(2, 11, 47)",68.79098556806863
319,"(46, 69, 72)",68.60216517810015
320,"(5, 42, 51)",68.60759241046617
321,"(3, 10, 29)",68.49133097344854
322,"(7, 17, 37)",68.79712467978145
323,"(6, 15, 29)",68.72796201996975
324,"(50, 64, 65)",68.6347645860616
325,"(5, 37, 66)",68.63406141934728
326,"(23, 38, 43)",68.38087325249258
327,"(48, 50, 61)",68.60888119634625
328,"(2, 30, 31)",68.61342159682827
329,"(8, 18, 24)",68.6383151535908
330,"(22, 30, 54)",68.63985565516761
331,"(13, 16, 58)",68.51639426834471
332,"(1, 38, 51)",68.55297614847836
333,"(12, 18, 58)",68.53186211290928
334,"(59, 64, 71)",68.6031014437995
335,"(3, 16, 67)",68.41634592914302
336,"(14, 43, 55)",68.56638379094142
337,"(19, 64, 68)",68.8420896579549
338,"(35, 41, 53)",68.7683079469115
339,"(12, 29, 56)",68.66772236363549
340,"(20, 27, 50)",68.72300127472396
341,"(36, 42, 55)",68.52879018739134
342,"(5, 15, 54)",68.76937531067459
343,"(34, 35, 38)",68.51409397211268
344,"(4, 9, 14)",68.7331517729837
345,"(34, 47, 49)",68.75931978752543
346,"(3, 24, 60)",68.50927343848578
347,"(6, 20, 68)",68.6239495057548
348,"(16, 56, 57)",68.7585445129162
349,"(15, 22, 55)",68.75412780134222
350,"(7, 12, 29)",68.81220119190823
351,"(4, 16, 44)",68.5798183981733
352,"(3, 24, 51)",68.42338583031237
353,"(17, 27, 66)",68.7376958297779
354,"(28, 55, 67)",68.59154366167711
355,"(4, 70, 72)",68.81510988306195
356,"(23, 41, 42)",68.53489256126505
357,"(56, 64, 65)",68.53414579320325
358,"(42, 55, 73)",68.52620929416028
359,"(4, 19, 74)",68.78937969611528
360,"(17, 37, 59)",68.7465355316505
361,"(20, 22, 41)",68.70668099989527
362,"(9, 38, 41)",68.58571977905609
363,"(18, 30, 54)",68.54413679550898
364,"(23, 41, 47)",68.63341845999426
365,"(2, 8, 9)",68.65476025749892
366,"(31, 38, 61)",68.68275832338354
367,"(15, 17, 65)",68.68076765496343
368,"(9, 32, 73)",68.57193961367788
369,"(26, 46, 57)",68.5584058983333
370,"(11, 58, 74)",68.58163504792326
371,"(12, 32, 70)",68.74414420340577
372,"(0, 32, 71)",68.63086661899575
373,"(23, 37, 62)",68.65835183105723
374,"(5, 9, 42)",68.44642649964182
375,"(0, 18, 39)",68.68439559263268
376,"(14, 34, 65)",68.73070120609661
377,"(52, 54, 69)",68.80901122089097
378,"(58, 61, 67)",68.57206633547442
379,"(22, 43, 54)",68.5209737832228
380,"(24, 27, 38)",68.6279070540256
381,"(7, 53, 64)",68.6485978732476
382,"(33, 39, 74)",68.66903970606265
383,"(18, 28, 51)",68.5401812995157
384,"(19, 22, 69)",68.75160697414697
385,"(35, 57, 61)",68.69667575833967
386,"(20, 29, 53)",68.73432893256513
387,"(11, 15, 62)",68.6652700071861
388,"(56, 59, 66)",68.66186329754336
389,"(0, 48, 59)",68.75512703305404
390,"(8, 45, 74)",68.28148067568043
391,"(1, 37, 38)",68.59983529531853
392,"(44, 61, 62)",68.43862390330027
393,"(3, 31, 71)",68.49624935322403
394,"(12, 20, 68)",68.69985073625796
395,"(2, 22, 49)",68.93328705749133
396,"(47, 53, 60)",68.60521441893596
397,"(2, 19, 53)",68.79684554413922
398,"(11, 22, 25)",68.62181955908447
399,"(3, 12, 51)",68.41224929121518
400,"(16, 37, 56)",68.6668582725377
401,"(20, 24, 44)",68.5837657535431
402,"(7, 13, 53)",68.74963012595255
403,"(30, 44, 70)",68.43877036314534
404,"(7, 17, 19)",68.9345605762356
405,"(44, 47, 64)",68.40643313811496
406,"(15, 53, 73)",68.75960892127104
407,"(13, 17, 41)",68.87004028342916
408,"(15, 53, 68)",68.79071612012876
409,"(1, 15, 18)",68.69783438358478
410,"(16, 44, 51)",68.62289945406144
411,"(10, 26, 45)",68.34253200010694
412,"(18, 52, 57)",68.81327925063839
413,"(29, 47, 54)",68.66810984709927
414,"(2, 8, 30)",68.54569320825999
415,"(10, 34, 41)",68.68080364347311
416,"(22, 54, 74)",68.7268631712031
417,"(7, 48, 54)",68.81150646557494
418,"(37, 54, 55)",68.7395997993445
419,"(4, 10, 64)",68.70220259674704
420,"(15, 36, 48)",68.74114923809826
421,"(20, 25, 41)",68.4696128557441
422,"(17, 26, 57)",68.82973204913418
423,"(20, 29, 32)",68.66912811430106
424,"(41, 67, 71)",68.71847326514758
425,"(5, 36, 53)",68.778928898455
426,"(11, 14, 26)",68.71623652426678
427,"(2, 40, 49)",68.59315294845443
428,"(26, 52, 68)",68.7140725290671
429,"(12, 20, 66)",68.6789795456441
430,"(15, 20, 73)",68.66869584796939
431,"(22, 50, 70)",68.62950095832869
432,"(1, 4, 70)",68.68817810196285
433,"(4, 60, 66)",68.64373611274435
434,"(2, 37, 51)",68.76813145076952
435,"(14, 36, 37)",68.65988960384736
436,"(0, 15, 47)",68.66464583109824
437,"(1, 13, 36)",68.68555340610894
438,"(10, 14, 35)",68.71061268507766
439,"(19, 26, 52)",68.86287854214713
440,"(36, 44, 61)",68.49804613191466
441,"(34, 44, 54)",68.57076323200359
442,"(18, 50, 73)",68.62605106611784
443,"(6, 42, 44)",68.28127460256533
444,"(5, 23, 42)",68.59828120055074
445,"(3, 41, 70)",68.52968570293449
446,"(21, 28, 65)",68.63442038806237
447,"(12, 33, 48)",68.73711402273803
448,"(19, 33, 42)",68.62472013004451
449,"(2, 47, 48)",68.6607462226538
450,"(25, 30, 31)",68.38785106536739
451,"(12, 21, 70)",68.72110875324626
452,"(17, 23, 66)",68.71791458183229
453,"(15, 27, 35)",68.70560668653768
454,"(1, 7, 48)",68.69884695094778
455,"(8, 39, 43)",68.60128815825821
456,"(40, 48, 64)",68.43119970189984
457,"(4, 9, 63)",68.74029116191338
458,"(19, 21, 64)",68.74437954041161
459,"(4, 48, 57)",68.79978450654919
460,"(38, 52, 68)",68.70612109665566
461,"(23, 32, 64)",68.7030880148645
462,"(3, 30, 37)",68.44003386456619
463,"(20, 25, 72)",68.46628660264874
464,"(16, 37, 67)",68.73588985928059
465,"(9, 10, 31)",68.61861958806318
466,"(48, 52, 58)",68.4817898868737
467,"(26, 28, 30)",68.50033763665222
468,"(13, 35, 36)",68.8006808607615
469,"(18, 25, 42)",68.44272534371977
470,"(3, 11, 33)",68.52272279066543
471,"(0, 49, 55)",68.73729332036716
472,"(0, 21, 26)",68.75285126454057
473,"(20, 43, 74)",68.58846412886827
474,"(21, 63, 73)",68.59914482892371
475,"(0, 63, 69)",68.80267129524617
476,"(1, 6, 52)",68.74823565310516
477,"(7, 9, 35)",68.59693472631052
478,"(9, 13, 65)",68.67517673738361
479,"(14, 30, 45)",68.23106212714
480,"(30, 48, 68)",68.61326183155077
481,"(7, 11, 59)",68.79469515785932
482,"(31, 49, 60)",68.87313598953196
483,"(27, 49, 67)",68.8628891749766
484,"(14, 49, 53)",68.779995558785
485,"(6, 9, 32)",68.57893902864599
486,"(14, 46, 69)",68.6223231891359
487,"(10, 50, 70)",68.63470330808109
488,"(1, 8, 33)",68.55870922743402
489,"(31, 40, 70)",68.54022976903245
490,"(3, 5, 11)",68.49305580291065
491,"(34, 40, 45)",68.14178385337708
492,"(13, 14, 72)",68.70872950478159
493,"(17, 37, 62)",68.69938066067405
494,"(4, 72, 74)",68.835806997146
495,"(6, 28, 53)",68.48794616153275
496,"(24, 47, 53)",68.62790953114484
497,"(9, 39, 40)",68.34483562251232
498,"(15, 54, 60)",68.78492605972612
499,"(52, 61, 74)",68.72217405467413
500,"(37, 58, 71)",68.50378567516326
501,"(34, 36, 74)",68.74455808049052
502,"(64, 65, 74)",68.69309447959114
503,"(9, 32, 69)",68.64203829056204
504,"(17, 57, 63)",68.86848807059671
505,"(16, 28, 49)",68.67387964027307
506,"(17, 39, 74)",68.77734474447288
507,"(7, 19, 24)",68.72758796052571
508,"(46, 53, 72)",68.6015024716317
509,"(14, 23, 35)",68.70317741601366
510,"(42, 64, 72)",68.5803531850008
511,"(37, 52, 71)",68.72127068231988
512,"(38, 58, 73)",68.42390409913534
513,"(16, 40, 61)",68.43708157775478
514,"(17, 35, 39)",68.65481180697898
515,"(29, 36, 58)",68.51416483943943
516,"(3, 26, 28)",68.49714053531619
517,"(37, 66, 67)",68.66223507563474
518,"(22, 28, 53)",68.57382900734235
519,"(18, 20, 49)",68.7614436353847
520,"(5, 48, 74)",68.58160636613981
521,"(2, 27, 54)",68.83191990062973
522,"(34, 55, 58)",68.46927890161962
523,"(8, 59, 68)",68.76469850822913
524,"(5, 38, 58)",68.35049809509633
525,"(7, 12, 62)",68.72375144703312
526,"(0, 19, 30)",68.62061628767135
527,"(27, 47, 55)",68.6818517957577
528,"(19, 21, 25)",68.53235641793816
529,"(34, 58, 72)",68.50073482663844
530,"(42, 54, 68)",68.71519220536388
531,"(47, 59, 63)",68.5650375217914
532,"(40, 55, 74)",68.5934865562207
533,"(23, 52, 72)",68.70118361524044
534,"(15, 50, 63)",68.71377422654582
535,"(15, 64, 67)",68.7346274525752
536,"(11, 43, 51)",68.5619217755415
537,"(28, 29, 30)",68.43562588222476
538,"(0, 25, 30)",68.46787043682023
539,"(9, 35, 36)",68.62746198551932
540,"(0, 41, 64)",68.71289405731616
541,"(17, 25, 60)",68.65573092967117
542,"(2, 21, 61)",68.81126159458137
543,"(18, 42, 65)",68.59185920569834
544,"(14, 22, 70)",68.72549620479074
545,"(8, 40, 62)",68.39565770037959
546,"(10, 38, 61)",68.679931017017
547,"(0, 6, 61)",68.69038812770788
548,"(24, 39, 52)",68.69136131603419
549,"(15, 38, 74)",68.60075881540389
550,"(29, 64, 70)",68.69365376286851
551,"(14, 27, 46)",68.66210685333739
552,"(16, 38, 71)",68.51166435908489
553,"(58, 61, 63)",68.55444043755878
554,"(31, 34, 67)",68.8084664242434
555,"(39, 45, 54)",68.35677087422955
556,"(1, 13, 40)",68.54932361439398
557,"(31, 48, 58)",68.47193212774081
558,"(26, 51, 61)",68.59574315759006
559,"(2, 16, 60)",68.79979662153782
560,"(5, 11, 57)",68.82711479285354
561,"(14, 62, 73)",68.59051540954636
562,"(2, 10, 62)",68.61902793778218
563,"(11, 16, 24)",68.77502057554362
564,"(19, 32, 35)",68.71968999112742
565,"(3, 25, 41)",68.37861606029924
566,"(0, 10, 68)",68.774777485809
567,"(21, 41, 73)",68.6453870541072
568,"(45, 68, 70)",68.32271280649204
569,"(9, 12, 15)",68.72342029867818
570,"(24, 40, 57)",68.55987733410917
571,"(9, 25, 69)",68.61813634234053
572,"(11, 52, 64)",68.81305347764147
573,"(1, 53, 71)",68.56572584041396
574,"(57, 71, 72)",68.7721579039895
575,"(30, 40, 73)",68.28907936406856
576,"(38, 44, 68)",68.30271278906254
577,"(5, 28, 64)",68.50158807330705
578,"(37, 44, 66)",68.5189130030926
579,"(21, 37, 47)",68.6829473547314
580,"(16, 63, 68)",68.7240300766742
581,"(10, 24, 59)",68.68084541092911
582,"(15, 48, 71)",68.66443566372324
583,"(22, 35, 74)",68.7048710772024
584,"(4, 36, 37)",68.63626984458769
585,"(41, 47, 67)",68.62331784847261
586,"(13, 21, 41)",68.78936341580687
587,"(2, 52, 72)",68.77326478105101
588,"(0, 23, 74)",68.72154090633933
589,"(10, 18, 52)",68.74404089772742
590,"(18, 39, 47)",68.54442780679395
591,"(44, 54, 72)",68.48068954925311
592,"(43, 47, 65)",68.486442835403
593,"(20, 30, 44)",68.35934927688345
594,"(28, 37, 50)",68.53636292858945
595,"(25, 26, 65)",68.52377645750346
596,"(0, 27, 33)",68.75075980286036
597,"(4, 36, 42)",68.63176221813892
598,"(11, 24, 62)",68.73623446808901
599,"(6, 58, 59)",68.43200582608328
600,"(24, 42, 47)",68.5434180638508
601,"(26, 43, 44)",68.35090722775313
602,"(15, 38, 67)",68.50605940726776
603,"(26, 34, 68)",68.70796609882903
604,"(18, 41, 72)",68.73069481721319
605,"(7, 34, 58)",68.66198715041587
606,"(67, 72, 73)",68.66807631599548
607,"(5, 20, 28)",68.47414871195319
608,"(8, 32, 70)",68.63558995863414
609,"(2, 7, 54)",68.83337031722712
610,"(22, 52, 61)",68.7820219994153
611,"(13, 21, 63)",68.67408399688613
612,"(13, 38, 73)",68.55912970064514
613,"(20, 27, 30)",68.5396423943636
614,"(8, 18, 38)",68.53053775323828
615,"(16, 37, 48)",68.66529294941147
616,"(1, 13, 59)",68.72176019349298
617,"(3, 5, 69)",68.47470378993965
618,"(34, 56, 64)",68.63035999036693
619,"(29, 37, 49)",68.8469612921119
620,"(7, 36, 64)",68.8083305754178
621,"(9, 33, 70)",68.64208477450892
622,"(11, 40, 60)",68.52014106007287
623,"(9, 37, 73)",68.65387462992355
624,"(30, 39, 43)",68.39705465732246
625,"(2, 22, 48)",68.72717946319693
626,"(0, 38, 66)",68.48705944179146
627,"(35, 43, 70)",68.61091849838922
628,"(28, 33, 34)",68.57986997174075
629,"(1, 10, 43)",68.55371997978308
630,"(27, 30, 74)",68.61696409425203
631,"(16, 18, 23)",68.70910646645434
632,"(10, 21, 66)",68.68836724293277
633,"(2, 6, 40)",68.41365061741185
634,"(12, 24, 25)",68.53850052720472
635,"(3, 10, 21)",68.59567284859767
636,"(34, 62, 74)",68.72734145306532
637,"(29, 41, 50)",68.67056068265858
638,"(3, 16, 18)",68.46630254823715
639,"(46, 60, 67)",68.67357071533603
640,"(28, 43, 74)",68.43989880873438
641,"(10, 63, 70)",68.80669918189848
642,"(31, 40, 59)",68.55268966570426
643,"(4, 16, 37)",68.7081335315482
644,"(21, 57, 65)",68.79358280563902
645,"(14, 51, 55)",68.77375485410258
646,"(6, 49, 54)",68.82833773602337
647,"(24, 41, 47)",68.66600198578475
648,"(3, 40, 48)",68.33664861997669
649,"(14, 34, 53)",68.72043383779001
650,"(23, 42, 43)",68.47349435990962
651,"(27, 36, 59)",68.78720206847487
652,"(37, 55, 65)",68.76303262652405
653,"(17, 30, 73)",68.5182058249778
654,"(10, 21, 57)",68.80735751288253
655,"(8, 37, 44)",68.51867270227203
656,"(51, 54, 73)",68.77282438142859
657,"(12, 48, 57)",68.80189626843654
658,"(40, 44, 56)",68.2866691872844
659,"(17, 22, 71)",68.7497700207352
660,"(23, 24, 72)",68.72491709188114
661,"(9, 24, 29)",68.62146616814606
662,"(48, 59, 61)",68.78144809441716
663,"(13, 16, 44)",68.62642808015266
664,"(36, 61, 74)",68.73952624450024
665,"(18, 30, 74)",68.55829395658691
666,"(26, 42, 44)",68.39660638154898
667,"(49, 63, 71)",68.80542541304295
668,"(5, 16, 22)",68.75298749690928
669,"(38, 58, 60)",68.46135530959178
670,"(24, 32, 48)",68.63584766280923
671,"(15, 32, 55)",68.71026681924482
672,"(43, 56, 74)",68.5078522764327
673,"(33, 44, 55)",68.57236227363116
674,"(12, 51, 74)",68.80363768003873
675,"(2, 38, 59)",68.6314634826759
676,"(28, 33, 51)",68.59000559314929
677,"(36, 42, 43)",68.35098209324116
678,"(14, 20, 22)",68.69259237802463
679,"(2, 43, 64)",68.57242957838284
680,"(13, 62, 70)",68.66589237388364
681,"(17, 18, 22)",68.77807832111854
682,"(5, 46, 52)",68.70776777470044
683,"(23, 41, 54)",68.8174108911476
684,"(18, 48, 70)",68.76930989036609
685,"(23, 28, 50)",68.55338080261221
686,"(46, 56, 69)",68.55810752658482
687,"(9, 34, 60)",68.65233102939332
688,"(1, 23, 65)",68.66490844404638
689,"(25, 37, 55)",68.5349360437521
690,"(17, 47, 66)",68.5210968882075
691,"(37, 42, 52)",68.62974227899377
692,"(19, 24, 68)",68.80068491625605
693,"(1, 3, 29)",68.44156019944863
694,"(3, 52, 60)",68.46246256840618
695,"(1, 7, 55)",68.66525814199123
696,"(35, 48, 61)",68.69884288849825
697,"(22, 43, 65)",68.54851726881492
698,"(6, 58, 60)",68.41957253316977
699,"(6, 53, 61)",68.62861961594298
700,"(11, 40, 72)",68.56827430461666
701,"(31, 37, 54)",68.74170153312683
702,"(17, 21, 50)",68.67578092324389
703,"(6, 64, 68)",68.67332381836586
704,"(4, 56, 61)",68.6740870863959
705,"(0, 4, 23)",68.73450588623892
706,"(6, 17, 54)",68.74992235642804
707,"(0, 48, 69)",68.70599918189713
708,"(7, 18, 58)",68.57913812569943
709,"(4, 19, 34)",68.75027491815169
710,"(53, 64, 66)",68.67255550378991
711,"(5, 36, 37)",68.71689415137185
712,"(30, 31, 66)",68.5094501608557
713,"(0, 43, 53)",68.65124221277554
714,"(29, 62, 73)",68.52515796004278
715,"(24, 54, 71)",68.74026643246911
716,"(40, 62, 68)",68.41564327231457
717,"(36, 59, 68)",68.80084369654394
718,"(7, 21, 63)",68.79080144620706
719,"(26, 45, 57)",68.35011167692831
720,"(1, 41, 48)",68.68964210503957
721,"(6, 26, 30)",68.66667496967918
722,"(36, 45, 60)",68.41470677082428
723,"(25, 32, 44)",68.31854425512128
724,"(57, 64, 71)",68.78866245204038
725,"(11, 41, 72)",68.7823352093865
726,"(29, 68, 71)",68.66342788159834
727,"(35, 38, 41)",68.5633337034828
728,"(5, 49, 55)",68.86013554839376
729,"(32, 37, 49)",68.76809598817495
730,"(16, 35, 45)",68.33617806955142
731,"(2, 33, 55)",68.79892192192543
732,"(27, 37, 74)",68.76572289924943
733,"(5, 31, 49)",68.952729632262
734,"(15, 24, 44)",68.57015006153328
735,"(17, 44, 71)",68.54834722660247
736,"(8, 20, 47)",68.59388970467279
737,"(7, 54, 71)",68.82997281056842
738,"(12, 46, 68)",68.65728149071832
739,"(34, 38, 45)",68.16091084759442
740,"(27, 50, 54)",68.65672129677637
741,"(45, 68, 72)",68.32644461681971
742,"(7, 38, 46)",68.55027293392105
743,"(34, 36, 68)",68.69208792899144
744,"(33, 71, 72)",68.69955377385594
745,"(14, 17, 60)",68.72340751312531
746,"(12, 19, 57)",68.78739635235787
747,"(3, 18, 38)",68.33645830534638
748,"(6, 9, 13)",68.64368051052115
749,"(7, 46, 64)",68.56081712064264
750,"(27, 52, 66)",68.66803546317031
751,"(10, 56, 74)",68.7500818133965
752,"(35, 40, 70)",68.42172486447424
753,"(37, 51, 59)",68.75958026065734
754,"(31, 53, 69)",68.73676261795903
755,"(14, 50, 66)",68.55485966900122
756,"(0, 39, 62)",68.6708362224754
757,"(27, 71, 73)",68.67653952745295
758,"(34, 42, 43)",68.48163458705515
759,"(9, 28, 41)",68.52731477689558
760,"(6, 18, 25)",68.49654394102296
761,"(45, 63, 69)",68.26012271745707
762,"(3, 6, 30)",68.36152016159251
763,"(0, 37, 51)",68.7671377452501
764,"(40, 61, 70)",68.58332373443676
765,"(26, 34, 45)",68.26057611277615
766,"(23, 29, 42)",68.59556586048055
767,"(23, 32, 53)",68.66260761555168
768,"(61, 68, 71)",68.73655390195171
769,"(57, 64, 68)",68.74285938524672
770,"(6, 45, 61)",68.3296661261664
771,"(53, 55, 72)",68.68452824689892
772,"(3, 25, 39)",68.36059030598415
773,"(2, 9, 16)",68.74301007823739
774,"(4, 8, 72)",68.61719053790503
775,"(27, 29, 60)",68.76638109086576
776,"(7, 18, 59)",68.76049119717031
777,"(6, 21, 28)",68.5394464094955
778,"(3, 48, 62)",68.35076744846708
779,"(18, 36, 41)",68.74927255066588
780,"(15, 28, 66)",68.53249699179277
781,"(19, 30, 71)",68.58143269316493
782,"(5, 67, 69)",68.68852733060879
783,"(17, 30, 57)",68.64237445944366
784,"(18, 28, 72)",68.56134947340998
785,"(5, 46, 66)",68.65383813982926
786,"(1, 17, 44)",68.56558589395237
787,"(35, 44, 66)",68.36622508083596
788,"(14, 60, 65)",68.80602468381454
789,"(24, 51, 72)",68.70171558090853
790,"(3, 33, 64)",68.47058746389493
791,"(0, 19, 35)",68.71219463698218
792,"(21, 59, 74)",68.73966604468336
793,"(41, 43, 52)",68.68704017803029
794,"(24, 58, 72)",68.50618795780885
795,"(9, 33, 49)",68.72070626756148
796,"(1, 3, 14)",68.40700907975946
797,"(27, 40, 53)",68.61980464237486
798,"(13, 14, 58)",68.5360053542712
799,"(6, 21, 45)",68.32080687211645
800,"(13, 19, 42)",68.6209989636596
801,"(9, 31, 63)",68.63060672055055
802,"(2, 7, 30)",68.62802982771622
803,"(12, 63, 73)",68.69924656158959
804,"(6, 46, 69)",68.59358180383454
805,"(26, 27, 70)",68.74400421258937
806,"(11, 21, 30)",68.64437064400009
807,"(13, 41, 49)",68.81540411231529
808,"(45, 49, 55)",68.43795985658588
809,"(1, 32, 66)",68.62383354462949
810,"(0, 26, 47)",68.6194843193541
811,"(25, 37, 69)",68.56615918022871
812,"(26, 50, 65)",68.688080905585
813,"(24, 51, 66)",68.71521621996128
814,"(0, 45, 72)",68.3090946642139
815,"(32, 58, 64)",68.52001076348826
816,"(10, 23, 67)",68.73178229966084
817,"(1, 20, 51)",68.71537424622419
818,"(15, 25, 67)",68.60673740770973
819,"(41, 48, 55)",68.78208985529989
820,"(5, 44, 60)",68.59491739211265
821,"(16, 55, 59)",68.76356146683304
822,"(56, 63, 74)",68.71080934938709
823,"(0, 66, 70)",68.64928491762153
824,"(3, 33, 43)",68.34852579808054
825,"(33, 54, 60)",68.78110431100122
826,"(31, 44, 56)",68.62430848140549
827,"(18, 26, 55)",68.5994269203047
828,"(1, 29, 49)",68.82009352317365
829,"(4, 9, 20)",68.69787877870685
830,"(14, 25, 32)",68.46045314960737
831,"(27, 28, 47)",68.47573028010554
832,"(19, 44, 62)",68.5318886905293
833,"(28, 46, 53)",68.56096047025439
834,"(27, 58, 60)",68.5706126095526
835,"(14, 16, 65)",68.69880830106548
836,"(3, 36, 71)",68.52886217972731
837,"(24, 35, 46)",68.70830140300951
838,"(13, 43, 50)",68.69783064730336
839,"(46, 61, 63)",68.640930137603
840,"(1, 19, 45)",68.18718962633172
841,"(14, 30, 41)",68.65079345665418
842,"(23, 33, 43)",68.74499708735901
843,"(31, 32, 50)",68.66155125874334
844,"(9, 11, 48)",68.63129167947382
845,"(4, 37, 64)",68.78518460531963
846,"(5, 38, 67)",68.4677216054533
847,"(32, 33, 51)",68.7527715945622
848,"(5, 22, 57)",68.73181607733142
849,"(14, 73, 74)",68.69194867074664
850,"(26, 27, 63)",68.68357680335502
851,"(13, 25, 73)",68.48637453306152
852,"(16, 21, 36)",68.70546528396642
853,"(5, 16, 65)",68.71938822173405
854,"(20, 34, 60)",68.71033667018509
855,"(5, 13, 26)",68.78103578826152
856,"(8, 13, 42)",68.59995361248542
857,"(1, 46, 68)",68.57910177847866
858,"(33, 50, 68)",68.6793969854664
859,"(23, 71, 73)",68.60001726977309
860,"(0, 17, 29)",68.73194217044838
861,"(13, 46, 51)",68.71512597433653
862,"(10, 50, 68)",68.61030673894997
863,"(10, 11, 41)",68.76344064039071
864,"(11, 68, 72)",68.78060750598644
865,"(34, 46, 72)",68.56279671520869
866,"(16, 26, 45)",68.36522316470763
867,"(2, 18, 47)",68.67773959915742
868,"(18, 47, 63)",68.55950925227309
869,"(21, 33, 47)",68.56924502275147
870,"(27, 41, 52)",68.83502546650382
871,"(9, 42, 44)",68.35475253480816
872,"(41, 52, 70)",68.68139776867017
873,"(16, 29, 54)",68.8049488100725
874,"(2, 21, 59)",68.77314733264832
875,"(4, 53, 73)",68.75411370443607
876,"(19, 33, 43)",68.72474190833312
877,"(9, 20, 48)",68.63461871895663
878,"(15, 43, 66)",68.55978757809198
879,"(8, 49, 55)",68.76746077458408
880,"(8, 15, 46)",68.70713920189844
881,"(33, 60, 69)",68.73481772792684
882,"(4, 51, 71)",68.64371062424051
883,"(7, 47, 49)",68.75943374880585
884,"(0, 14, 68)",68.73552857849414
885,"(24, 58, 69)",68.59069344204347
886,"(5, 22, 23)",68.65650647103274
887,"(3, 56, 74)",68.45655138307463
888,"(13, 23, 25)",68.35290596419149
889,"(0, 46, 65)",68.6039117835765
890,"(29, 63, 67)",68.70885331373204
891,"(24, 36, 64)",68.71211931201337
892,"(5, 20, 37)",68.62633966163966
893,"(18, 24, 40)",68.43974511807508
894,"(12, 23, 50)",68.69992764458947
895,"(1, 16, 27)",68.71056963133243
896,"(0, 35, 65)",68.72210177696061
897,"(1, 24, 70)",68.69768121704556
898,"(7, 17, 48)",68.7782972644014
899,"(6, 47, 55)",68.53341245011157
900,"(62, 65, 69)",68.64705874530088
901,"(36, 54, 72)",68.72179384937888
902,"(4, 35, 52)",68.77271341282177
903,"(25, 41, 61)",68.56102226249982
904,"(19, 35, 39)",68.72005460664641
905,"(21, 28, 51)",68.50840049397799
906,"(25, 62, 69)",68.45304647412269
907,"(14, 47, 70)",68.58254981247313
908,"(24, 48, 51)",68.75002756093672
909,"(43, 59, 65)",68.54487323621738
910,"(4, 27, 59)",68.73545740399771
911,"(4, 9, 46)",68.57854612040519
912,"(22, 41, 58)",68.45627966714338
913,"(26, 30, 73)",68.6664661136263
914,"(17, 44, 45)",68.06068530879281
915,"(3, 9, 15)",68.5163280021074
916,"(5, 64, 70)",68.7910773956036
917,"(1, 5, 27)",68.69928217012212
918,"(14, 16, 29)",68.76062820334266
919,"(15, 30, 72)",68.50218740491403
920,"(2, 24, 53)",68.81620252822655
921,"(43, 44, 59)",68.38116405263956
922,"(11, 60, 74)",68.79510183108526
923,"(25, 55, 70)",68.49908118338155
924,"(7, 47, 53)",68.63253344384128
925,"(10, 31, 51)",68.82053990064307
926,"(11, 18, 44)",68.52778340332154
927,"(38, 43, 58)",68.22763810524485
928,"(7, 13, 50)",68.79205993521546
929,"(9, 47, 56)",68.50581877827013
930,"(41, 45, 64)",68.31880397143837
931,"(51, 64, 72)",68.58554174348387
932,"(11, 28, 60)",68.61377452447599
933,"(32, 33, 35)",68.76890714191354
934,"(19, 32, 37)",68.66255538311114
935,"(0, 65, 68)",68.72050845503199
936,"(3, 4, 31)",68.53105199875375
937,"(22, 28, 33)",68.60257730035511
938,"(0, 10, 74)",68.70495578428108
939,"(14, 25, 46)",68.47963318771922
940,"(25, 52, 67)",68.50287181144463
941,"(10, 33, 71)",68.69657278712265
942,"(19, 42, 59)",68.61063296221529
943,"(14, 49, 57)",68.81661363539932
944,"(0, 10, 73)",68.63155915011751
945,"(35, 49, 52)",68.853741889865
946,"(23, 26, 37)",68.73601599246669
947,"(27, 42, 58)",68.42347573404014
948,"(7, 49, 69)",69.03904999374322
949,"(46, 49, 59)",68.84538283793037
950,"(7, 14, 57)",68.8886276826342
951,"(39, 50, 61)",68.6908865923279
952,"(3, 38, 55)",68.31093517697357
953,"(25, 26, 53)",68.5739308554468
954,"(17, 30, 74)",68.58540849098112
955,"(13, 22, 25)",68.60994290632291
956,"(13, 36, 48)",68.72911141756776
957,"(41, 55, 58)",68.59916174166628
958,"(9, 55, 58)",68.4115040277687
959,"(11, 35, 71)",68.70072248737335
960,"(19, 52, 61)",68.79875255104776
961,"(28, 68, 73)",68.50053447482296
962,"(3, 13, 60)",68.50675100629353
963,"(8, 29, 34)",68.61411780602022
964,"(41, 67, 70)",68.75140971805655
965,"(17, 23, 67)",68.77192321556684
966,"(20, 56, 74)",68.66713929905643
967,"(9, 23, 62)",68.56234816348828
968,"(19, 32, 34)",68.75562741612107
969,"(9, 43, 47)",68.46808682883425
970,"(8, 17, 63)",68.79170250099274
971,"(6, 47, 60)",68.52641832627783
972,"(21, 25, 32)",68.39805791819484
973,"(41, 69, 73)",68.71660509410195
974,"(3, 20, 60)",68.45739436521082
975,"(3, 45, 52)",68.30062607006778
976,"(44, 50, 55)",68.52462124573525
977,"(0, 25, 49)",68.78487335687865
978,"(20, 21, 71)",68.67802078870339
979,"(61, 62, 73)",68.57451575790638
980,"(13, 53, 63)",68.66971503593905
981,"(4, 41, 49)",68.75605351512444
982,"(18, 49, 67)",68.76711594965869
983,"(6, 31, 38)",68.5524851688223
984,"(13, 43, 56)",68.55597837846358
985,"(48, 51, 61)",68.72034457548875
986,"(0, 43, 54)",68.68582355686553
987,"(28, 66, 72)",68.47517728632167
988,"(37, 48, 52)",68.62948149186485
989,"(32, 44, 61)",68.52518226177014
990,"(26, 31, 65)",68.7128782574228
991,"(4, 18, 61)",68.69122033190068
992,"(10, 22, 65)",68.79126416602554
993,"(58, 60, 70)",68.6052515056052
994,"(51, 58, 59)",68.55392151190627
995,"(11, 43, 48)",68.55526315999377
996,"(52, 56, 61)",68.5550558119049
997,"(16, 45, 67)",68.34728919953581
998,"(10, 36, 74)",68.76966279406794
999,"(27, 52, 63)",68.7611123086775
1000,"(52, 56, 65)",68.53997897775112
1001,"(4, 67, 74)",68.75821712313694
1002,"(25, 38, 44)",68.20630146062699
1003,"(9, 29, 50)",68.63159586395714
1004,"(1, 16, 37)",68.67168716578199
1005,"(13, 22, 33)",68.8180227158757
1006,"(6, 17, 70)",68.76372341727924
1007,"(26, 36, 69)",68.7507538904277
1008,"(9, 28, 60)",68.57145844293811
1009,"(18, 19, 42)",68.65131872943289
1010,"(20, 45, 72)",68.31150823123548
1011,"(16, 63, 65)",68.62761659637397
1012,"(9, 38, 60)",68.65152337458329
1013,"(32, 36, 54)",68.71231278096698
1014,"(25, 71, 74)",68.46628095540747
1015,"(19, 21, 33)",68.80063559681552
1016,"(14, 33, 50)",68.68603487467124
1017,"(57, 60, 64)",68.76215404769387
1018,"(10, 58, 68)",68.55746152241039
1019,"(33, 47, 74)",68.64749655255365
1020,"(9, 12, 74)",68.66662535637292
1021,"(10, 34, 62)",68.64168874058049
1022,"(13, 23, 30)",68.5483061140421
1023,"(3, 37, 39)",68.43797035448883
1024,"(36, 46, 64)",68.62569451166269
1025,"(7, 8, 67)",68.77299294221439
1026,"(10, 25, 40)",68.33482208771592
1027,"(32, 50, 67)",68.76952599082445
1028,"(7, 47, 59)",68.6810285585257
1029,"(1, 8, 15)",68.60940677351513
1030,"(27, 54, 74)",68.7481916501587
1031,"(12, 14, 29)",68.74172833120099
1032,"(43, 56, 72)",68.49776821232513
1033,"(43, 45, 66)",68.04374183162668
1034,"(26, 27, 42)",68.5333635250143
1035,"(1, 6, 47)",68.65185632559081
1036,"(1, 40, 67)",68.5304619809202
1037,"(20, 24, 31)",68.72279434429733
1038,"(14, 23, 67)",68.73696766177156
1039,"(5, 47, 48)",68.67512735074234
1040,"(22, 35, 64)",68.77975108901525
1041,"(17, 36, 68)",68.72558367354617
1042,"(16, 32, 72)",68.71100519147356
1043,"(6, 39, 60)",68.63634558637327
1044,"(28, 57, 63)",68.45413281183058
1045,"(34, 58, 70)",68.45263553307846
1046,"(35, 40, 46)",68.36516632876393
1047,"(36, 48, 70)",68.70431465768422
1048,"(15, 35, 62)",68.63185382032167
1049,"(0, 18, 41)",68.68758699858034
1050,"(3, 24, 32)",68.47544798624526
1051,"(37, 54, 68)",68.78230653593864
1052,"(6, 12, 48)",68.57132764882483
1053,"(27, 45, 61)",68.40901800618559
1054,"(16, 53, 61)",68.81541982910416
1055,"(6, 17, 52)",68.73195842606584
1056,"(29, 49, 69)",68.86737238320083
1057,"(29, 54, 57)",68.87571190964185
1058,"(30, 65, 70)",68.49353140761134
1059,"(27, 44, 64)",68.53375064138304
1060,"(22, 24, 49)",68.74779974843686
1061,"(14, 40, 70)",68.44979338137807
1062,"(16, 62, 67)",68.69519812649534
1063,"(23, 27, 37)",68.69138656424838
1064,"(5, 16, 43)",68.64165376798404
1065,"(47, 64, 67)",68.61820365673317
1066,"(3, 29, 57)",68.50772421071125
1067,"(7, 45, 60)",68.40653891224918
1068,"(7, 46, 50)",68.75045634357912
1069,"(30, 63, 67)",68.4923000131574
1070,"(5, 18, 51)",68.78667851267147
1071,"(29, 50, 57)",68.68877713781895
1072,"(12, 28, 30)",68.53359132910488
1073,"(20, 47, 55)",68.5860102634316
1074,"(10, 18, 45)",68.35177109966398
1075,"(7, 8, 10)",68.7470213276263
1076,"(45, 47, 67)",68.13430216573573
1077,"(9, 32, 74)",68.63228197720869
1078,"(5, 7, 27)",68.724868569832
1079,"(9, 33, 39)",68.62444698405564
1080,"(2, 68, 72)",68.80463784958692
1081,"(2, 6, 74)",68.60204435974282
1082,"(19, 44, 47)",68.48758099784497
1083,"(11, 20, 57)",68.8291814720755
1084,"(7, 19, 49)",68.97997964605413
1085,"(26, 30, 39)",68.75162988061592
1086,"(50, 61, 70)",68.75694513182896
1087,"(61, 66, 71)",68.63608631818799
1088,"(17, 33, 51)",68.77837050696193
1089,"(32, 49, 58)",68.76607465312814
1090,"(1, 34, 50)",68.70595268456906
1091,"(42, 53, 54)",68.65274533948828
1092,"(27, 33, 59)",68.7310071180833
1093,"(0, 30, 61)",68.68434582678803
1094,"(7, 22, 24)",68.77883666453297
1095,"(41, 45, 49)",68.51719384104918
1096,"(13, 40, 72)",68.41922881689261
1097,"(4, 13, 35)",68.67645343330409
1098,"(0, 1, 37)",68.63913940238662
1099,"(49, 57, 74)",68.84906203287316
1100,"(5, 19, 63)",68.70463893102293
1101,"(18, 32, 59)",68.67592305714822
1102,"(15, 20, 66)",68.65960709629934
1103,"(27, 33, 72)",68.75841424986928
1104,"(4, 52, 56)",68.71495322336295
1105,"(31, 51, 61)",68.79616502984898
1106,"(4, 17, 45)",68.37356526028888
1107,"(4, 45, 59)",68.38216844553376
1108,"(3, 13, 52)",68.48452425133537
1109,"(10, 38, 41)",68.63399432761925
1110,"(2, 41, 43)",68.62206862027033
1111,"(1, 37, 61)",68.69839492950962
1112,"(3, 27, 47)",68.50919394839654
1113,"(15, 30, 61)",68.61637145973855
1114,"(46, 65, 70)",68.63488322164916
1115,"(15, 46, 69)",68.72076973926971
1116,"(24, 31, 58)",68.4805849011987
1117,"(27, 45, 46)",68.25073436692061
1118,"(19, 31, 57)",68.80138646522578
1119,"(12, 32, 52)",68.67203316609738
1120,"(37, 69, 74)",68.79771119028892
1121,"(3, 5, 55)",68.50319356444452
1122,"(8, 24, 39)",68.63353305056785
1123,"(5, 6, 33)",68.68601804087412
1124,"(2, 18, 24)",68.79346284161666
1125,"(17, 63, 72)",68.73321316491558
1126,"(7, 51, 70)",68.86663595013916
1127,"(22, 62, 74)",68.64720730288214
1128,"(9, 37, 71)",68.56152562669496
1129,"(35, 43, 66)",68.51076882070696
1130,"(35, 41, 47)",68.56214852303385
1131,"(2, 7, 11)",68.95917239075085
1132,"(14, 42, 53)",68.61609497180166
1133,"(2, 16, 39)",68.76929659454855
1134,"(32, 44, 59)",68.52415562017572
1135,"(13, 56, 68)",68.64073156202348
1136,"(39, 43, 56)",68.4972931538225
1137,"(17, 54, 63)",68.8080012430085
1138,"(23, 32, 54)",68.7532723743631
1139,"(28, 37, 57)",68.61321218445771
1140,"(21, 26, 57)",68.6957448153915
1141,"(16, 19, 34)",68.72676663752495
1142,"(38, 47, 70)",68.5533833621317
1143,"(8, 16, 65)",68.61778261450254
1144,"(30, 45, 71)",68.15131051343876
1145,"(11, 21, 22)",68.74441169523162
1146,"(20, 50, 69)",68.67809499214943
1147,"(4, 14, 27)",68.75355404814164
1148,"(20, 38, 60)",68.62074452209899
1149,"(53, 55, 70)",68.71324824401778
1150,"(9, 49, 59)",68.7277005129738
1151,"(34, 67, 72)",68.70474938482238
1152,"(6, 27, 49)",68.84211554544095
1153,"(5, 18, 68)",68.71378504108385
1154,"(13, 53, 65)",68.71618703819637
1155,"(6, 53, 59)",68.61227344403194
1156,"(32, 44, 63)",68.49283539353802
1157,"(24, 26, 30)",68.652302789769
1158,"(51, 55, 61)",68.80052263082548
1159,"(9, 35, 72)",68.60001277430291
1160,"(5, 52, 68)",68.67151305689033
1161,"(23, 25, 69)",68.37313964096425
1162,"(12, 19, 61)",68.74695872464008
1163,"(25, 45, 55)",68.04173089972446
1164,"(23, 61, 66)",68.71425403161582
1165,"(1, 4, 40)",68.5165939112342
1166,"(1, 14, 74)",68.61741072773357
1167,"(39, 62, 73)",68.51600182009592
1168,"(41, 50, 59)",68.69283383607166
1169,"(33, 37, 67)",68.77593576712275
1170,"(21, 45, 49)",68.38647305450877
1171,"(11, 62, 72)",68.72879990051437
1172,"(11, 24, 33)",68.76110848671144
1173,"(4, 33, 34)",68.76421355907082
1174,"(24, 40, 53)",68.5130129077278
1175,"(17, 21, 52)",68.76981815082323
1176,"(11, 16, 35)",68.77321943500097
1177,"(21, 26, 67)",68.6309748717753
1178,"(14, 33, 65)",68.64277545342154
1179,"(0, 45, 53)",68.42865414056807
1180,"(4, 17, 22)",68.6487811764941
1181,"(9, 30, 47)",68.57491743936664
1182,"(30, 41, 63)",68.46567431439827
1183,"(2, 42, 60)",68.62602106668099
1184,"(30, 44, 72)",68.41061723964258
1185,"(5, 32, 53)",68.68293933554587
1186,"(18, 63, 73)",68.56965984920991
1187,"(34, 42, 55)",68.56041715645419
1188,"(35, 41, 56)",68.56926169667722
1189,"(10, 16, 74)",68.79225788679874
1190,"(7, 13, 39)",68.79586729473681
1191,"(3, 15, 56)",68.50726087102646
1192,"(12, 28, 53)",68.59036674708625
1193,"(21, 43, 59)",68.61625018652171
1194,"(53, 57, 63)",68.80706569140168
1195,"(14, 40, 47)",68.42089240781478
1196,"(0, 2, 24)",68.68242710181114
1197,"(0, 16, 70)",68.66933041490884
1198,"(50, 55, 58)",68.53196177968469
1199,"(27, 43, 44)",68.40024594400431
1200,"(3, 53, 72)",68.54022401408442
1201,"(25, 31, 62)",68.54381306599637
1202,"(21, 25, 38)",68.31520858616321
1203,"(21, 35, 67)",68.64827501293014
1204,"(19, 42, 46)",68.59533373156356
1205,"(23, 33, 61)",68.81090193078508
1206,"(2, 7, 37)",68.82088049388763
1207,"(4, 16, 53)",68.81039397043101
1208,"(2, 48, 73)",68.70734532221013
1209,"(26, 51, 52)",68.71289936615673
1210,"(39, 68, 72)",68.70605320541183
1211,"(10, 43, 49)",68.51175765461605
1212,"(0, 9, 29)",68.67816175896303
1213,"(39, 41, 71)",68.72832996130741
1214,"(2, 7, 36)",68.8300664034513
1215,"(17, 23, 45)",68.28889656394091
1216,"(3, 49, 72)",68.58977107999593
1217,"(3, 30, 56)",68.37502739371402
1218,"(11, 65, 74)",68.6516358577839
1219,"(14, 18, 47)",68.57056799771716
1220,"(13, 26, 67)",68.68901887439276
1221,"(14, 57, 61)",68.77976013495197
1222,"(28, 50, 51)",68.64272694016698
1223,"(5, 12, 28)",68.44534663882438
1224,"(35, 45, 55)",68.26171559761124
1225,"(42, 48, 60)",68.47973298762005
1226,"(35, 50, 59)",68.69977318997941
1227,"(1, 20, 62)",68.52061702459585
1228,"(5, 7, 51)",68.82226059874318
1229,"(21, 24, 36)",68.63663735503495
1230,"(30, 65, 66)",68.48328415035694
1231,"(11, 46, 48)",68.67726187530201
1232,"(40, 43, 67)",68.28750063953274
1233,"(32, 51, 73)",68.62953040803347
1234,"(7, 19, 74)",68.80271401069812
1235,"(34, 55, 63)",68.69668805440894
1236,"(18, 45, 55)",68.27623882991433
1237,"(1, 19, 63)",68.67228691519794
1238,"(20, 37, 69)",68.72587048767225
1239,"(9, 41, 61)",68.56277629156115
1240,"(5, 10, 61)",68.6837766657704
1241,"(5, 28, 42)",68.42618903909282
1242,"(22, 42, 59)",68.57083749914905
1243,"(15, 56, 66)",68.54651937394357
1244,"(26, 44, 58)",68.4003802358456
1245,"(5, 30, 52)",68.57498992350718
1246,"(3, 5, 13)",68.48746505177255
1247,"(2, 45, 50)",68.36497637739654
1248,"(40, 66, 67)",68.36321624444321
1249,"(5, 43, 57)",68.61451639194142
1250,"(28, 32, 45)",68.17117724300348
1251,"(17, 25, 33)",68.58144007852916
1252,"(7, 10, 23)",68.77712144964634
1253,"(18, 30, 51)",68.61627342989397
1254,"(16, 33, 65)",68.6858404546032
1255,"(14, 20, 71)",68.69493663809048
1256,"(12, 23, 61)",68.73350704147782
1257,"(18, 61, 66)",68.65599110334337
1258,"(8, 51, 63)",68.62948231132283
1259,"(2, 37, 64)",68.77896438756302
1260,"(25, 42, 50)",68.48323394993979
1261,"(2, 27, 60)",68.81850714231899
1262,"(14, 34, 61)",68.72465318047647
1263,"(19, 20, 55)",68.77439197959856
1264,"(13, 22, 58)",68.64241366007849
1265,"(16, 54, 60)",68.84192538459676
1266,"(5, 19, 65)",68.70029741656923
1267,"(10, 63, 72)",68.69149499005768
1268,"(42, 48, 62)",68.49996610492273
1269,"(0, 3, 9)",68.55359464254278
1270,"(19, 71, 72)",68.7366324712791
1271,"(27, 36, 67)",68.76681614764391
1272,"(46, 63, 67)",68.64183111655025
1273,"(30, 45, 47)",68.09503184176478
1274,"(30, 35, 36)",68.60568092696508
1275,"(8, 51, 66)",68.48372431183047
1276,"(9, 14, 29)",68.74099837284572
1277,"(33, 37, 64)",68.71807640461493
1278,"(19, 49, 73)",68.80083784301952
1279,"(6, 12, 51)",68.68237156342842
1280,"(25, 29, 62)",68.44147050090032
1281,"(9, 18, 19)",68.63358694081053
1282,"(23, 53, 59)",68.82602230884694
1283,"(22, 37, 73)",68.65567211402255
1284,"(6, 23, 55)",68.63569327748158
1285,"(3, 39, 55)",68.45030547988615
1286,"(19, 40, 59)",68.59598332919933
1287,"(11, 15, 30)",68.6004115923411
1288,"(8, 25, 28)",68.44828278742862
1289,"(24, 27, 29)",68.70049571775128
1290,"(29, 53, 57)",68.83216007519009
1291,"(8, 26, 45)",68.40446528008034
1292,"(30, 59, 61)",68.54305377748173
1293,"(17, 42, 58)",68.45156285524536
1294,"(16, 30, 72)",68.60255050506858
1295,"(44, 54, 74)",68.5550773804027
1296,"(22, 55, 56)",68.68406066560938
1297,"(0, 25, 40)",68.30147882934966
1298,"(6, 27, 37)",68.66086531413316
1299,"(30, 36, 40)",68.44083346425722
1300,"(35, 36, 70)",68.772280456249
1301,"(11, 21, 27)",68.74520597849032
1302,"(16, 33, 35)",68.80779299185141
1303,"(18, 35, 48)",68.71219115321102
1304,"(0, 7, 32)",68.6162648513623
1305,"(4, 21, 47)",68.69392046715681
1306,"(6, 30, 32)",68.62656653785928
1307,"(0, 27, 37)",68.75601072949333
1308,"(25, 42, 43)",68.29848283201994
1309,"(16, 35, 74)",68.77116391241215
1310,"(11, 28, 44)",68.43681735118876
1311,"(25, 59, 70)",68.5238637875231
1312,"(15, 48, 53)",68.78065944980844
1313,"(2, 40, 63)",68.55400167600244
1314,"(43, 48, 54)",68.5950714506339
1315,"(51, 53, 61)",68.77433086813134
1316,"(29, 60, 71)",68.68459213044525
1317,"(18, 22, 63)",68.74686787501884
1318,"(32, 50, 61)",68.76431277644708
1319,"(17, 20, 37)",68.74485466269653
1320,"(1, 33, 63)",68.75292222730053
1321,"(2, 38, 73)",68.55102160630523
1322,"(20, 24, 53)",68.68674668230874
1323,"(2, 63, 66)",68.69071947430119
1324,"(18, 24, 31)",68.73107671042436
1325,"(4, 21, 25)",68.5619040114257
1326,"(17, 38, 70)",68.6694908869734
1327,"(31, 32, 69)",68.72941541663205
1328,"(12, 28, 72)",68.506725879506
1329,"(19, 20, 64)",68.81561351810429
1330,"(13, 25, 45)",68.07464183413269
1331,"(29, 50, 55)",68.67495089636611
1332,"(12, 27, 31)",68.78708622003347
1333,"(30, 52, 61)",68.59050427807682
1334,"(9, 25, 51)",68.62668226344061
1335,"(19, 36, 37)",68.75795870173498
1336,"(0, 1, 4)",68.8505198816957
1337,"(46, 53, 70)",68.62779741246483
1338,"(3, 33, 70)",68.51026406131268
1339,"(17, 36, 66)",68.71453974266075
1340,"(12, 23, 34)",68.6500078913274
1341,"(12, 16, 46)",68.6706102361402
1342,"(34, 45, 56)",68.23695158057535
1343,"(12, 67, 73)",68.64050646775452
1344,"(9, 18, 31)",68.58493376061486
1345,"(3, 23, 41)",68.44742145503233
1346,"(22, 32, 40)",68.35311630118552
1347,"(37, 43, 66)",68.49505903425619
1348,"(7, 51, 63)",68.86992281188704
1349,"(6, 8, 63)",68.58735703230101
1350,"(2, 15, 38)",68.63240942481994
1351,"(17, 28, 57)",68.70071287917187
1352,"(43, 57, 59)",68.55462704947405
1353,"(10, 18, 51)",68.76860330142247
1354,"(6, 44, 72)",68.50469622796071
1355,"(5, 27, 64)",68.68870025053933
1356,"(3, 28, 47)",68.41273946952661
1357,"(1, 4, 14)",68.78494460859028
1358,"(15, 52, 70)",68.7934769479253
1359,"(5, 55, 62)",68.6513489325179
1360,"(3, 58, 62)",68.18042873393514
1361,"(1, 40, 50)",68.46459256708023
1362,"(19, 25, 72)",68.611752274645
1363,"(5, 6, 20)",68.5640302024081
1364,"(3, 42, 59)",68.37422158961263
1365,"(9, 34, 49)",68.75831732605585
1366,"(25, 28, 48)",68.55034606466694
1367,"(5, 6, 41)",68.66292273696034
1368,"(12, 33, 52)",68.71795447278582
1369,"(22, 32, 73)",68.56882062283111
1370,"(48, 54, 59)",68.70989617646337
1371,"(47, 48, 65)",68.5819404022949
1372,"(15, 48, 51)",68.8290096706823
1373,"(15, 51, 72)",68.84344367071746
1374,"(18, 22, 38)",68.54690332891438
1375,"(22, 26, 66)",68.63692249979002
1376,"(28, 47, 53)",68.49700886744485
1377,"(15, 34, 40)",68.5031036365808
1378,"(0, 37, 47)",68.54541500520077
1379,"(18, 32, 39)",68.6275386473515
1380,"(2, 43, 48)",68.65139682684138
1381,"(4, 13, 49)",68.74063457396969
1382,"(5, 60, 69)",68.69651383772835
1383,"(16, 29, 71)",68.73046062398458
1384,"(27, 49, 58)",68.72129379484053
1385,"(51, 56, 62)",68.71199370199979
1386,"(26, 38, 51)",68.60001532357674
1387,"(38, 40, 47)",68.27590711604805
1388,"(19, 34, 57)",68.74043805350874
1389,"(30, 39, 52)",68.53079924046519
1390,"(3, 12, 31)",68.4996301661093
1391,"(24, 50, 64)",68.6859505574504
1392,"(0, 28, 41)",68.47399861762284
1393,"(29, 30, 70)",68.48591183864279
1394,"(28, 36, 38)",68.35968359607936
1395,"(50, 52, 55)",68.74858802058294
1396,"(10, 39, 74)",68.75348998163314
1397,"(5, 13, 62)",68.70555970340142
1398,"(30, 43, 63)",68.43969567584686
1399,"(1, 33, 69)",68.5807718616631
1400,"(37, 39, 48)",68.66689399328851
1401,"(5, 34, 63)",68.55102914503212
1402,"(56, 63, 67)",68.60300396052497
1403,"(49, 53, 55)",68.81784252453691
1404,"(9, 23, 26)",68.60498340024994
1405,"(4, 46, 51)",68.70140207368406
1406,"(13, 32, 37)",68.65305684182621
1407,"(2, 23, 64)",68.65576532815008
1408,"(43, 50, 53)",68.61759696697673
1409,"(21, 26, 59)",68.61667484359936
1410,"(41, 60, 69)",68.82122757272569
1411,"(0, 34, 35)",68.61482585762951
1412,"(19, 26, 30)",68.81104905209156
1413,"(26, 28, 63)",68.53909076526963
1414,"(26, 28, 43)",68.42629467960197
1415,"(3, 13, 41)",68.42221153929373
1416,"(46, 63, 70)",68.62300938366313
1417,"(6, 65, 68)",68.65126719788066
1418,"(6, 30, 72)",68.5741917212268
1419,"(31, 47, 53)",68.71228397832422
1420,"(0, 24, 67)",68.67715388757748
1421,"(9, 36, 66)",68.57551210025136
1422,"(9, 43, 63)",68.55192910783268
1423,"(9, 44, 74)",68.49703733022633
1424,"(38, 41, 74)",68.57770286237343
1425,"(6, 24, 29)",68.62773577963134
1426,"(23, 33, 70)",68.8059982912607
1427,"(18, 60, 67)",68.69399163908571
1428,"(9, 31, 68)",68.61051431883821
1429,"(57, 65, 68)",68.78781159848617
1430,"(32, 43, 50)",68.67087651441433
1431,"(11, 64, 67)",68.74097160842277
1432,"(6, 39, 69)",68.64045406464083
1433,"(26, 47, 51)",68.63982453334067
1434,"(0, 8, 17)",68.7138110273186
1435,"(18, 28, 42)",68.4500331506339
1436,"(20, 21, 72)",68.70082260652579
1437,"(3, 36, 44)",68.3023273718494
1438,"(43, 65, 71)",68.52972142334502
1439,"(6, 40, 43)",68.24453542778868
1440,"(9, 20, 28)",68.52290583539133
1441,"(8, 11, 32)",68.67359992689816
1442,"(44, 61, 63)",68.44953616504758
1443,"(42, 60, 74)",68.64722915211085
1444,"(23, 64, 65)",68.6882793055389
1445,"(22, 23, 62)",68.61080889497195
1446,"(40, 54, 60)",68.56619099565083
1447,"(25, 33, 36)",68.50643489503648
1448,"(34, 44, 53)",68.55428723557225
1449,"(46, 49, 69)",68.79981839958039
1450,"(13, 32, 49)",68.8306857112424
1451,"(4, 6, 50)",68.67558260554087
1452,"(14, 50, 69)",68.74766493795735
1453,"(1, 39, 42)",68.59111275511918
1454,"(42, 64, 69)",68.5999326414185
1455,"(11, 37, 47)",68.62199164221192
1456,"(16, 23, 30)",68.48282577726475
1457,"(11, 54, 67)",68.7651979483425
1458,"(45, 63, 64)",68.3059987152251
1459,"(43, 57, 63)",68.59507659389294
1460,"(3, 43, 74)",68.35657282752395
1461,"(33, 35, 38)",68.522979705305
1462,"(2, 46, 48)",68.70816836800378
1463,"(11, 39, 57)",68.79054493476102
1464,"(19, 24, 50)",68.67861719879706
1465,"(41, 46, 58)",68.49157310879492
1466,"(8, 10, 41)",68.69527644744456
1467,"(21, 28, 70)",68.61304439241441
1468,"(25, 39, 71)",68.45853084138405
1469,"(16, 33, 44)",68.57489553004442
1470,"(23, 54, 63)",68.82144184724788
1471,"(1, 12, 55)",68.7000664026452
1472,"(23, 29, 37)",68.71183290222292
1473,"(1, 41, 45)",68.11028086293673
1474,"(29, 40, 47)",68.40015131520065
1475,"(19, 32, 57)",68.8184183045145
1476,"(23, 29, 36)",68.74351514488134
1477,"(12, 32, 51)",68.7401433439779
1478,"(29, 55, 65)",68.67875006725346
1479,"(12, 34, 63)",68.69770492577031
1480,"(11, 17, 28)",68.70201669238789
1481,"(2, 5, 45)",68.42788252621213
1482,"(8, 25, 70)",68.57316806988298
1483,"(1, 30, 45)",68.00894516862705
1484,"(22, 44, 69)",68.5832662406595
1485,"(0, 49, 53)",68.6908301351868
1486,"(1, 44, 60)",68.65739657233642
1487,"(13, 53, 71)",68.67719351000049
1488,"(21, 41, 52)",68.73640457259305
1489,"(5, 10, 37)",68.73959176863661
1490,"(13, 47, 54)",68.66509531731418
1491,"(17, 18, 26)",68.74831645673225
1492,"(2, 55, 61)",68.86072957192788
1493,"(1, 21, 51)",68.69470205986289
1494,"(16, 30, 34)",68.65769132525287
1495,"(16, 23, 38)",68.50909112152256
1496,"(38, 39, 61)",68.61865508688595
1497,"(3, 17, 67)",68.46650550572288
1498,"(33, 38, 71)",68.59985983982997
1499,"(9, 70, 72)",68.70462176001901
1500,"(50, 52, 54)",68.71411607919138
1501,"(4, 22, 47)",68.62425211336745
1502,"(31, 62, 70)",68.69462312482997
1503,"(24, 37, 70)",68.73131134172476
1504,"(2, 10, 57)",68.85649642690012
1505,"(4, 9, 62)",68.70455586461384
1506,"(13, 39, 70)",68.76125794293554
1507,"(10, 16, 46)",68.73131680660951
1508,"(10, 35, 49)",68.88164968611183
1509,"(5, 17, 43)",68.64301553219019
1510,"(34, 64, 68)",68.70040238521955
1511,"(1, 14, 71)",68.61257980920878
1512,"(12, 29, 51)",68.75576676960151
1513,"(15, 34, 43)",68.46938922322397
1514,"(60, 61, 74)",68.79215376076658
1515,"(15, 57, 66)",68.71890144480892
1516,"(12, 33, 64)",68.63737249792507
1517,"(5, 26, 39)",68.74917856685758
1518,"(22, 55, 57)",68.74325283220834
1519,"(41, 54, 70)",68.79175698186674
1520,"(33, 57, 69)",68.79503620603737
1521,"(22, 44, 55)",68.61152891911823
1522,"(2, 11, 41)",68.85818821673449
1523,"(1, 43, 56)",68.53983710658444
1524,"(31, 49, 50)",68.90697830152112
1525,"(19, 24, 33)",68.81290593575731
1526,"(19, 23, 39)",68.71430455785884
1527,"(5, 57, 64)",68.66447687707374
1528,"(3, 10, 14)",68.45804897606811
1529,"(17, 26, 55)",68.73486643017401
1530,"(18, 20, 68)",68.73036860355538
1531,"(20, 25, 55)",68.51434557441458
1532,"(42, 50, 61)",68.5191143399965
1533,"(39, 40, 42)",68.2810760549552
1534,"(34, 36, 51)",68.67872714604675
1535,"(41, 62, 73)",68.6370150119632
1536,"(0, 30, 72)",68.61393514662916
1537,"(32, 48, 62)",68.56256815394215
1538,"(3, 16, 72)",68.48203763427863
1539,"(36, 45, 67)",68.37899724359944
1540,"(0, 27, 61)",68.77306791235827
1541,"(15, 63, 72)",68.75003017534142
1542,"(49, 52, 57)",68.90435966204298
1543,"(1, 50, 66)",68.62456626059537
1544,"(12, 70, 72)",68.77527347356822
1545,"(5, 17, 32)",68.84355260863974
1546,"(44, 45, 64)",68.05896230861599
1547,"(20, 48, 59)",68.73167950748346
1548,"(39, 44, 67)",68.59291525061738
1549,"(51, 59, 69)",68.72261878669474
1550,"(5, 17, 60)",68.74602486088244
1551,"(23, 31, 33)",68.68830363021226
1552,"(12, 33, 57)",68.77610884179488
1553,"(13, 18, 64)",68.74152622467929
1554,"(7, 22, 53)",68.81908328322083
1555,"(6, 14, 39)",68.6293892942248
1556,"(17, 27, 38)",68.70376508617973
1557,"(16, 58, 67)",68.4484046925474
1558,"(12, 19, 56)",68.66604176724233
1559,"(40, 52, 60)",68.51251870636624
1560,"(26, 57, 73)",68.75951371721453
1561,"(27, 34, 52)",68.83747687361448
1562,"(8, 27, 45)",68.23592798287417
1563,"(11, 35, 54)",68.79226563412205
1564,"(11, 27, 61)",68.74941098500929
1565,"(22, 54, 57)",68.75613360994366
1566,"(14, 39, 64)",68.70731296695514
1567,"(1, 43, 70)",68.56052526426704
1568,"(12, 18, 62)",68.60197324110584
1569,"(2, 28, 70)",68.55655802875728
1570,"(1, 8, 18)",68.52939359599081
1571,"(29, 47, 63)",68.56571317804038
1572,"(23, 25, 70)",68.39104498798086
1573,"(43, 57, 60)",68.565393935581
1574,"(5, 8, 22)",68.61642930139136
1575,"(6, 21, 48)",68.57102974700366
1576,"(30, 43, 47)",68.41803642369011
1577,"(13, 58, 66)",68.5003195193566
1578,"(8, 31, 47)",68.6918078369446
1579,"(12, 22, 64)",68.73444533703615
1580,"(10, 46, 56)",68.55625563120958
1581,"(0, 39, 70)",68.63201184668081
1582,"(20, 26, 59)",68.70010486223097
1583,"(11, 43, 53)",68.62106259888405
1584,"(7, 22, 70)",68.74387056068349
1585,"(41, 48, 69)",68.6890749042492
1586,"(61, 69, 73)",68.69849913658477
1587,"(3, 6, 38)",68.33075732622127
1588,"(59, 65, 74)",68.68457836529056
1589,"(38, 58, 69)",68.46468223147122
1590,"(14, 16, 24)",68.77107683203295
1591,"(21, 54, 68)",68.72578760688562
1592,"(13, 18, 68)",68.76484196619455
1593,"(16, 32, 60)",68.70584241635737
1594,"(7, 41, 59)",68.79400318164681
1595,"(25, 43, 56)",68.34696589357885
1596,"(6, 63, 65)",68.60664461689281
1597,"(8, 23, 73)",68.6704008506452
1598,"(37, 38, 61)",68.64110786724574
1599,"(9, 13, 69)",68.74375592235464
1600,"(24, 63, 64)",68.68970219993624
1601,"(46, 47, 51)",68.58915502941207
1602,"(25, 61, 63)",68.53946574497648
1603,"(3, 24, 62)",68.4304717714167
1604,"(23, 38, 53)",68.62835877865034
1605,"(5, 21, 36)",68.65898264708032
1606,"(22, 56, 74)",68.59161910651903
1607,"(9, 24, 66)",68.54933180237728
1608,"(9, 14, 44)",68.48590962025494
1609,"(0, 26, 69)",68.80810531054398
1610,"(2, 35, 42)",68.55666279350834
1611,"(11, 56, 68)",68.696343438906
1612,"(40, 48, 55)",68.52882614664057
1613,"(13, 23, 65)",68.72849920795402
1614,"(36, 51, 65)",68.74399490605249
1615,"(2, 23, 73)",68.66456026020101
1616,"(29, 35, 72)",68.71383116601308
1617,"(12, 14, 40)",68.45042911050486
1618,"(5, 14, 73)",68.61005955106127
1619,"(1, 4, 54)",68.76082086347813
1620,"(20, 33, 47)",68.5873540677363
1621,"(1, 8, 62)",68.40727404862143
1622,"(3, 25, 29)",68.42587939498395
1623,"(1, 16, 24)",68.70935988053137
1624,"(2, 54, 63)",68.80091253273929
1625,"(24, 56, 67)",68.62551643829657
1626,"(17, 23, 64)",68.73639253546477
1627,"(2, 20, 66)",68.7562205535918
1628,"(34, 38, 67)",68.51464963599703
1629,"(5, 20, 56)",68.66845664924848
1630,"(40, 45, 54)",68.20026252594954
1631,"(25, 55, 72)",68.52798984385241
1632,"(7, 54, 64)",68.85478450996993
1633,"(29, 57, 65)",68.76700308489959
1634,"(47, 56, 67)",68.49402050481329
1635,"(30, 49, 53)",68.58335925606961
1636,"(5, 7, 61)",68.75377417027602
1637,"(5, 18, 39)",68.67615396179913
1638,"(37, 55, 71)",68.74813661182127
1639,"(23, 26, 48)",68.66707275578531
1640,"(18, 48, 64)",68.70505895218406
1641,"(42, 43, 72)",68.35965008847128
1642,"(7, 42, 61)",68.58471965653979
1643,"(0, 42, 63)",68.56045440764451
1644,"(1, 12, 40)",68.45182713097186
1645,"(28, 54, 66)",68.51241447435268
1646,"(12, 24, 29)",68.69179838022731
1647,"(13, 69, 72)",68.6971896807189
1648,"(20, 31, 70)",68.67447621776734
1649,"(30, 45, 69)",68.21148780639646
1650,"(18, 68, 70)",68.73341062385421
1651,"(7, 9, 31)",68.6852551948778
1652,"(2, 31, 73)",68.71746896778153
1653,"(5, 17, 29)",68.76064327987518
1654,"(3, 25, 38)",68.30145744981418
1655,"(25, 39, 57)",68.53592938023722
1656,"(10, 47, 49)",68.76364663481768
1657,"(2, 5, 52)",68.86601040285115
1658,"(0, 21, 38)",68.54127506298646
1659,"(6, 27, 33)",68.6875054952904
1660,"(40, 62, 67)",68.39870208013724
1661,"(0, 20, 51)",68.74982447940027
1662,"(10, 36, 45)",68.34156025577222
1663,"(25, 64, 74)",68.53764007361877
1664,"(9, 51, 63)",68.81939436138953
1665,"(50, 53, 70)",68.71217786063582
1666,"(0, 11, 51)",68.74880832070974
1667,"(8, 15, 55)",68.69207614564554
1668,"(7, 57, 59)",68.83959889047124
1669,"(12, 52, 74)",68.77314986742827
1670,"(11, 39, 71)",68.74168741840138
1671,"(23, 61, 63)",68.78257904205327
1672,"(43, 68, 69)",68.52827693306683
1673,"(26, 45, 47)",68.11220358805507
1674,"(25, 31, 43)",68.43315619586411
1675,"(24, 61, 63)",68.72604337775526
1676,"(23, 58, 66)",68.50563426640124
1677,"(14, 59, 63)",68.66684547109824
1678,"(44, 61, 73)",68.36825203819255
1679,"(9, 43, 71)",68.40784589640833
1680,"(5, 54, 60)",68.7425771387341
1681,"(56, 60, 66)",68.68088060644392
1682,"(41, 51, 65)",68.78375895255007
1683,"(37, 41, 52)",68.83927317449657
1684,"(28, 33, 70)",68.66138607507317
1685,"(29, 43, 65)",68.58234137719542
1686,"(3, 5, 18)",68.4850831451865
1687,"(12, 38, 60)",68.68272576703205
1688,"(4, 7, 61)",68.75113468919585
1689,"(33, 60, 67)",68.69053361918357
1690,"(7, 43, 55)",68.65313537963311
1691,"(3, 34, 35)",68.39021101802695
1692,"(23, 48, 52)",68.84038335996337
1693,"(6, 30, 31)",68.5692690241085
1694,"(0, 30, 42)",68.51126076467693
1695,"(33, 52, 73)",68.64751408356851
1696,"(1, 44, 55)",68.56944631580781
1697,"(14, 40, 46)",68.52870381365082
1698,"(52, 57, 74)",68.81416034397184
1699,"(8, 11, 65)",68.6298337244213
1700,"(12, 36, 45)",68.36952838283472
1701,"(25, 36, 45)",68.16218621328028
1702,"(1, 7, 23)",68.6248323464816
1703,"(5, 19, 41)",68.71386750128119
1704,"(44, 52, 65)",68.46853124354486
1705,"(13, 34, 48)",68.67725506844084
1706,"(17, 49, 59)",68.94033420793322
1707,"(21, 57, 68)",68.77786566836323
1708,"(31, 61, 62)",68.7210555943874
1709,"(35, 45, 58)",68.08290578518677
1710,"(2, 6, 58)",68.41952563934144
1711,"(11, 39, 45)",68.28437058154381
1712,"(36, 50, 73)",68.62990672918092
1713,"(6, 51, 63)",68.57791768946899
1714,"(51, 57, 64)",68.69062471689924
1715,"(42, 56, 65)",68.57371377189284
1716,"(9, 52, 57)",68.69019034628681
1717,"(1, 50, 60)",68.67332442190559
1718,"(1, 9, 27)",68.68687490755974
1719,"(26, 28, 41)",68.54583313799442
1720,"(24, 50, 65)",68.66613960629088
1721,"(27, 28, 29)",68.49107836220465
1722,"(20, 45, 66)",68.24226694189824
1723,"(22, 25, 52)",68.50577791072192
1724,"(40, 61, 63)",68.54090198318428
1725,"(3, 46, 50)",68.34905555129487
1726,"(4, 6, 51)",68.63971537173407
1727,"(8, 28, 68)",68.56085390967644
1728,"(19, 58, 65)",68.51232575983572
1729,"(45, 50, 56)",68.27012745322509
1730,"(34, 37, 58)",68.56167154738787
1731,"(6, 30, 70)",68.55558230404816
1732,"(13, 31, 40)",68.4823375242501
1733,"(12, 18, 47)",68.57842013651633
1734,"(10, 11, 18)",68.76648300323754
1735,"(17, 44, 68)",68.5686728392924
1736,"(0, 12, 57)",68.75704426405422
1737,"(11, 30, 73)",68.54051618369132
1738,"(16, 27, 47)",68.59348657075581
1739,"(18, 23, 36)",68.72512880402714
1740,"(25, 52, 70)",68.49316601250179
1741,"(2, 28, 34)",68.51946243773448
1742,"(4, 21, 24)",68.71166033428983
1743,"(20, 33, 54)",68.74075142993209
1744,"(16, 59, 64)",68.79476950980265
1745,"(9, 14, 41)",68.60919733673767
1746,"(2, 24, 45)",68.4145996285914
1747,"(11, 30, 56)",68.49441850197732
1748,"(57, 58, 60)",68.64066458886697
1749,"(15, 47, 66)",68.5383957378238
1750,"(13, 14, 17)",68.81133915140535
1751,"(20, 28, 72)",68.58886396914731
1752,"(0, 13, 24)",68.62872387586363
1753,"(0, 7, 38)",68.56283494483782
1754,"(11, 18, 48)",68.64106744722721
1755,"(51, 58, 73)",68.56285383565402
1756,"(18, 33, 68)",68.71808461816372
1757,"(10, 26, 48)",68.7866835699579
1758,"(24, 31, 51)",68.73804628148906
1759,"(3, 25, 28)",68.23107888777157
1760,"(8, 65, 69)",68.7293616485425
1761,"(0, 3, 52)",68.58316888158812
1762,"(45, 55, 71)",68.31730670785366
1763,"(14, 23, 38)",68.55959624270655
1764,"(3, 45, 60)",68.24970687974503
1765,"(18, 35, 60)",68.76478352400392
1766,"(41, 54, 58)",68.54279562331679
1767,"(8, 11, 34)",68.61741190646906
1768,"(25, 29, 58)",68.28868894584346
1769,"(8, 28, 40)",68.36215057883066
1770,"(11, 19, 68)",68.81915636422515
1771,"(39, 66, 68)",68.65869626501258
1772,"(21, 22, 34)",68.65245335274156
1773,"(34, 60, 70)",68.74207455265122
1774,"(23, 52, 60)",68.72675366087618
1775,"(15, 16, 31)",68.78523634196837
1776,"(17, 29, 47)",68.69553681888759
1777,"(41, 68, 69)",68.77481711312603
1778,"(36, 42, 64)",68.56143103377327
1779,"(9, 70, 73)",68.53135267637121
1780,"(2, 50, 72)",68.71667015548462
1781,"(5, 10, 34)",68.69297230332914
1782,"(0, 14, 19)",68.70234432732231
1783,"(45, 57, 73)",68.37414198854047
1784,"(13, 17, 28)",68.60794877460475
1785,"(37, 63, 74)",68.7393077853629
1786,"(31, 37, 50)",68.70498676807159
1787,"(22, 60, 69)",68.73739431383282
1788,"(16, 26, 73)",68.70528382671128
1789,"(18, 31, 37)",68.76143572765724
1790,"(1, 34, 67)",68.64757814308268
1791,"(4, 9, 34)",68.73364949322266
1792,"(23, 45, 49)",68.39725335311637
1793,"(17, 42, 73)",68.6187212249143
1794,"(17, 51, 57)",68.86445216263112
1795,"(6, 27, 56)",68.55256828905627
1796,"(18, 48, 55)",68.74018139228724
1797,"(28, 39, 68)",68.5907111993049
1798,"(7, 40, 66)",68.44174665790467
1799,"(23, 68, 74)",68.75178665390551
1800,"(53, 62, 73)",68.63525058989133
1801,"(35, 40, 72)",68.39199894191925
1802,"(30, 41, 58)",68.425608814683
1803,"(22, 24, 66)",68.60365086379032
1804,"(29, 37, 71)",68.6798074400011
1805,"(15, 21, 41)",68.81749392319087
1806,"(15, 19, 60)",68.77141065872235
1807,"(2, 27, 34)",68.69289609858747
1808,"(0, 37, 59)",68.72369992542347
1809,"(51, 56, 58)",68.44328770518585
1810,"(12, 25, 50)",68.60907345601804
1811,"(23, 49, 63)",68.86724328326724
1812,"(34, 43, 58)",68.28062336423343
1813,"(55, 58, 73)",68.41635995050567
1814,"(3, 18, 71)",68.40419485752756
1815,"(24, 27, 52)",68.72900374606395
1816,"(13, 38, 68)",68.64953206721816
1817,"(8, 38, 73)",68.5235092569279
1818,"(37, 54, 56)",68.74008331355522
1819,"(0, 17, 25)",68.57755021096074
1820,"(3, 20, 52)",68.4800487458219
1821,"(20, 38, 48)",68.56860921912899
1822,"(11, 40, 51)",68.46862985563503
1823,"(12, 15, 19)",68.80296022136949
1824,"(7, 18, 47)",68.68713690743546
1825,"(31, 44, 72)",68.47074012120191
1826,"(8, 55, 69)",68.7257500966907
1827,"(3, 36, 54)",68.59603404236555
1828,"(6, 9, 24)",68.58387796687789
1829,"(3, 7, 57)",68.48254643345213
1830,"(3, 19, 73)",68.40697396268969
1831,"(12, 36, 72)",68.73338170040729
1832,"(11, 36, 53)",68.78128226512841
1833,"(21, 49, 58)",68.5381724994923
1834,"(29, 48, 70)",68.70370108608128
1835,"(3, 37, 72)",68.49800875958186
1836,"(49, 70, 74)",68.9064407050924
1837,"(48, 50, 52)",68.63912251933023
1838,"(8, 19, 72)",68.74961296983201
1839,"(20, 29, 74)",68.70522519798024
1840,"(23, 44, 62)",68.47596574377602
1841,"(12, 24, 45)",68.37273819604876
1842,"(7, 26, 64)",68.67895458413659
1843,"(44, 46, 48)",68.49167974278598
1844,"(30, 39, 54)",68.5879960881034
1845,"(9, 65, 68)",68.56563806190393
1846,"(35, 61, 66)",68.6906256822968
1847,"(31, 41, 55)",68.77438381476946
1848,"(0, 6, 16)",68.61111712080137
1849,"(9, 12, 44)",68.45107157195291
1850,"(21, 26, 69)",68.66466943103471
1851,"(10, 13, 23)",68.75976248522207
1852,"(1, 16, 55)",68.68855361160043
1853,"(5, 14, 48)",68.71122438683676
1854,"(31, 67, 71)",68.66894070207839
1855,"(24, 47, 51)",68.63533268148932
1856,"(13, 38, 51)",68.71288984423354
1857,"(8, 20, 51)",68.63456056361986
1858,"(1, 2, 71)",68.64351577044833
1859,"(34, 45, 73)",68.27631699597514
1860,"(1, 35, 50)",68.70569306679968
1861,"(23, 29, 30)",68.52552467009812
1862,"(22, 67, 72)",68.6774378738858
1863,"(25, 33, 73)",68.46084410450734
1864,"(10, 17, 33)",68.80321423855771
1865,"(14, 15, 60)",68.73146651924918
1866,"(41, 64, 72)",68.63627263202666
1867,"(3, 5, 25)",68.31768459958035
1868,"(3, 31, 38)",68.38713629297716
1869,"(0, 3, 18)",68.61908276522144
1870,"(29, 31, 36)",68.7307000928074
1871,"(0, 29, 40)",68.40874972673447
1872,"(1, 23, 36)",68.67129966821733
1873,"(8, 29, 50)",68.55598904165761
1874,"(51, 68, 73)",68.80253504155614
1875,"(8, 44, 61)",68.55085292463883
1876,"(16, 32, 53)",68.75881886878241
1877,"(2, 38, 62)",68.61037554173437
1878,"(6, 50, 74)",68.73047562628963
1879,"(10, 45, 49)",68.52051492703846
1880,"(49, 71, 74)",68.87336218578939
1881,"(16, 31, 61)",68.78247817157956
1882,"(1, 23, 26)",68.82576871000037
1883,"(4, 26, 39)",68.72721317038962
1884,"(16, 60, 66)",68.71173896986824
1885,"(6, 25, 45)",67.97356152702967
1886,"(34, 36, 53)",68.69050124233989
1887,"(0, 62, 74)",68.69717950665542
1888,"(25, 46, 67)",68.42797276037935
1889,"(31, 32, 38)",68.5829708306424
1890,"(8, 26, 28)",68.62046245010146
1891,"(15, 58, 60)",68.60695325369716
1892,"(2, 9, 53)",68.8085674605216
1893,"(11, 29, 43)",68.48912965979927
1894,"(3, 14, 48)",68.53596723826388
1895,"(20, 43, 66)",68.44278196349491
1896,"(14, 19, 68)",68.73252391899555
1897,"(15, 61, 73)",68.69350229073179
1898,"(45, 54, 69)",68.37614426835833
1899,"(24, 41, 49)",68.72736010972312
1900,"(17, 28, 42)",68.51681704816643
1901,"(16, 18, 74)",68.78739496144952
1902,"(56, 58, 65)",68.48494558800826
1903,"(19, 52, 74)",68.79137025472875
1904,"(25, 35, 73)",68.46683377696456
1905,"(33, 43, 56)",68.60705477319415
1906,"(8, 11, 35)",68.60438840260679
1907,"(38, 59, 60)",68.63585365804938
1908,"(3, 12, 17)",68.56043594358655
1909,"(42, 46, 48)",68.49024290690983
1910,"(22, 31, 33)",68.72112303579645
1911,"(45, 66, 74)",68.28475694147824
1912,"(7, 8, 60)",68.77327582641874
1913,"(4, 8, 57)",68.743296784678
1914,"(6, 32, 41)",68.57617101305851
1915,"(10, 30, 50)",68.6401309231937
1916,"(7, 28, 31)",68.6120405072573
1917,"(13, 55, 57)",68.79687109150555
1918,"(28, 31, 50)",68.5811911314537
1919,"(19, 64, 72)",68.83116286254942
1920,"(4, 40, 46)",68.36387725502789
1921,"(26, 44, 53)",68.62788245826663
1922,"(4, 59, 61)",68.75824500462376
1923,"(4, 18, 25)",68.50620162839161
1924,"(32, 45, 69)",68.30366519890104
1925,"(4, 10, 37)",68.75928237476373
1926,"(18, 22, 44)",68.50871037772183
1927,"(14, 31, 44)",68.57549186215768
1928,"(7, 47, 57)",68.73690730525259
1929,"(38, 44, 53)",68.38560432602685
1930,"(39, 44, 50)",68.53834087898706
1931,"(21, 32, 54)",68.74257337266832
1932,"(19, 46, 52)",68.75191686989255
1933,"(8, 14, 65)",68.6299915324947
1934,"(3, 12, 64)",68.47895487757
1935,"(39, 41, 68)",68.69309280200369
1936,"(20, 44, 53)",68.5943738856114
1937,"(25, 42, 64)",68.43013663983568
1938,"(30, 52, 70)",68.56246904399445
1939,"(32, 46, 61)",68.69757343574958
1940,"(26, 47, 61)",68.66388208830976
1941,"(10, 19, 69)",68.768078201277
1942,"(0, 17, 54)",68.79022274903924
1943,"(38, 44, 67)",68.34370291623809
1944,"(34, 58, 74)",68.51531406892323
1945,"(5, 15, 63)",68.71467858801729
1946,"(21, 47, 73)",68.56267146393188
1947,"(38, 67, 72)",68.62004395126456
1948,"(40, 62, 63)",68.4247827269585
1949,"(31, 72, 74)",68.74084088997022
1950,"(7, 28, 50)",68.59412435275937
1951,"(7, 13, 32)",68.82998441075937
1952,"(1, 13, 37)",68.71435354023765
1953,"(13, 40, 45)",68.18675370574312
1954,"(38, 45, 55)",68.3199813780636
1955,"(24, 32, 35)",68.63753644592782
1956,"(24, 37, 41)",68.6760890232153
1957,"(3, 5, 64)",68.53399893437692
1958,"(34, 43, 74)",68.51893875539751
1959,"(25, 41, 42)",68.40639523248309
1960,"(44, 45, 57)",68.17159761390228
1961,"(5, 19, 53)",68.6585628000516
1962,"(21, 27, 33)",68.70602672538013
1963,"(18, 34, 62)",68.66753835780644
1964,"(4, 32, 46)",68.73301876344844
1965,"(56, 64, 66)",68.51784831430737
1966,"(7, 53, 68)",68.80919796226786
1967,"(1, 44, 56)",68.56172781881489
1968,"(47, 65, 71)",68.59412108742937
1969,"(34, 57, 71)",68.70379041599087
1970,"(27, 34, 41)",68.65898105578817
1971,"(16, 54, 74)",68.80436673324208
1972,"(32, 39, 74)",68.6667906422326
1973,"(11, 26, 48)",68.72981494785242
1974,"(14, 35, 43)",68.57776162696693
1975,"(6, 47, 74)",68.4756146872483
1976,"(5, 19, 57)",68.77710842865164
1977,"(2, 18, 50)",68.70765825829592
1978,"(12, 25, 49)",68.63358588242441
1979,"(1, 19, 36)",68.64562134707397
1980,"(1, 36, 73)",68.6424597746529
1981,"(50, 54, 59)",68.78023406368501
1982,"(2, 33, 74)",68.8376676708076
1983,"(19, 48, 62)",68.71288087938119
1984,"(7, 57, 70)",68.80194260267409
1985,"(4, 17, 35)",68.71164715772402
1986,"(10, 11, 70)",68.6893514371803
1987,"(3, 8, 62)",68.42922561301421
1988,"(20, 32, 54)",68.75780769284822
1989,"(49, 53, 62)",68.7734578283139
1990,"(23, 49, 50)",68.80115203193895
1991,"(13, 23, 33)",68.78473213268836
1992,"(4, 19, 69)",68.74009933514586
1993,"(6, 23, 31)",68.59492055687191
1994,"(12, 24, 39)",68.68067305185721
1995,"(31, 41, 71)",68.73712301770243
1996,"(15, 36, 59)",68.74868667864368
1997,"(0, 20, 30)",68.61279424104326
1998,"(17, 38, 48)",68.6653119380902
1999,"(26, 28, 48)",68.61419905868279
2000,"(17, 23, 48)",68.80476361856844
2001,"(35, 37, 49)",68.74048247681837
2002,"(14, 27, 32)",68.7355109895569
2003,"(9, 30, 34)",68.62264594228053
2004,"(8, 31, 72)",68.67396307070372
2005,"(5, 30, 72)",68.55202098638958
2006,"(17, 35, 65)",68.64605634124213
2007,"(14, 25, 52)",68.56842134545424
2008,"(25, 40, 74)",68.25074665622014
2009,"(16, 34, 52)",68.65416720951652
2010,"(37, 39, 56)",68.57825985951524
2011,"(6, 22, 29)",68.69752812356221
2012,"(18, 48, 60)",68.80470235601055
2013,"(27, 50, 55)",68.83005204385357
2014,"(54, 61, 71)",68.7051863655104
2015,"(8, 37, 51)",68.59958434915644
2016,"(3, 13, 69)",68.49998044642082
2017,"(10, 33, 56)",68.74843756273366
2018,"(5, 41, 47)",68.55526722005925
2019,"(6, 7, 73)",68.55746197916864
2020,"(15, 29, 39)",68.7831844254762
2021,"(16, 63, 69)",68.72427198982867
2022,"(9, 13, 67)",68.71144825872358
2023,"(16, 20, 66)",68.69275557388993
2024,"(9, 16, 73)",68.57195432474437
2025,"(36, 66, 69)",68.71030985478124
2026,"(1, 7, 68)",68.61551629837648
2027,"(40, 45, 56)",68.02658194845732
2028,"(12, 21, 32)",68.6328776971319
2029,"(4, 14, 45)",68.30650780398261
2030,"(6, 11, 37)",68.68509678766873
2031,"(3, 19, 48)",68.43545747287533
2032,"(10, 26, 73)",68.6227322841787
2033,"(40, 53, 55)",68.60360348035421
2034,"(8, 9, 44)",68.47735096456769
2035,"(33, 35, 49)",68.80473961849405
2036,"(25, 39, 74)",68.51608977561874
2037,"(3, 7, 12)",68.48324308132064
2038,"(12, 72, 73)",68.68357928427723
2039,"(9, 26, 66)",68.64605782758075
2040,"(49, 65, 73)",68.78936436911638
2041,"(42, 48, 56)",68.4656697293546
2042,"(13, 40, 56)",68.41230338665484
2043,"(30, 32, 74)",68.6091241674922
2044,"(32, 37, 71)",68.59864050229004
2045,"(19, 21, 27)",68.85871729194066
2046,"(12, 21, 33)",68.68015809038997
2047,"(50, 71, 72)",68.65363345092094
2048,"(15, 18, 28)",68.60618726503446
2049,"(3, 11, 26)",68.53385702838072
2050,"(18, 57, 69)",68.79222730333085
2051,"(36, 56, 60)",68.62092628281194
2052,"(14, 68, 69)",68.69238562735805
2053,"(16, 61, 63)",68.73235070099122
2054,"(38, 57, 71)",68.62057642174082
2055,"(61, 66, 68)",68.69970186490687
2056,"(23, 26, 63)",68.63819787489379
2057,"(55, 56, 62)",68.65359733385678
2058,"(5, 23, 26)",68.67920307299494
2059,"(33, 57, 63)",68.77072666489383
2060,"(16, 32, 43)",68.6236672709154
2061,"(5, 45, 60)",68.36825535638182
2062,"(14, 38, 64)",68.60871076107765
2063,"(1, 19, 54)",68.65459597820414
2064,"(3, 11, 14)",68.51385932176332
2065,"(16, 19, 29)",68.75334821163885
2066,"(26, 40, 73)",68.40455391834183
2067,"(32, 47, 72)",68.69419583962717
2068,"(32, 40, 72)",68.41771588220736
2069,"(7, 30, 60)",68.59420044811779
2070,"(11, 49, 50)",68.69610279001745
2071,"(18, 41, 50)",68.71724600489284
2072,"(15, 44, 50)",68.59484627597479
2073,"(51, 58, 62)",68.5768451934368
2074,"(7, 26, 56)",68.61511938517116
2075,"(8, 34, 64)",68.60306108990318
2076,"(12, 17, 44)",68.6084193359209
2077,"(21, 53, 64)",68.74943515874038
2078,"(14, 51, 65)",68.76818227177975
2079,"(40, 69, 73)",68.39910247958831
2080,"(19, 22, 58)",68.57205852629545
2081,"(29, 31, 32)",68.73365102858848
2082,"(22, 36, 72)",68.7096659257197
2083,"(31, 34, 59)",68.75558846421686
2084,"(36, 58, 74)",68.53826936676528
2085,"(11, 43, 73)",68.47683793958409
2086,"(7, 11, 29)",68.72405383343366
2087,"(22, 50, 59)",68.5839556836581
2088,"(13, 33, 34)",68.76012005685286
2089,"(25, 26, 40)",68.35129412403846
2090,"(2, 21, 33)",68.75553869403807
2091,"(17, 56, 73)",68.60834522098835
2092,"(24, 53, 65)",68.70285136517542
2093,"(12, 56, 67)",68.63914410354471
2094,"(26, 28, 29)",68.5723543330948
2095,"(46, 53, 69)",68.67674262682536
2096,"(31, 56, 64)",68.66975581342966
2097,"(14, 46, 49)",68.73629404421014
2098,"(28, 30, 58)",68.28229820572618
2099,"(11, 17, 18)",68.8129339794071
2100,"(21, 41, 58)",68.50398575411572
2101,"(55, 61, 68)",68.84966532197787
2102,"(0, 4, 38)",68.63981491474715
2103,"(28, 47, 68)",68.5372286726405
2104,"(25, 44, 68)",68.3015286599358
2105,"(28, 65, 73)",68.54481442927359
2106,"(15, 26, 68)",68.68302213176823
2107,"(38, 44, 74)",68.37766096489545
2108,"(22, 45, 67)",68.28459965016872
2109,"(48, 69, 73)",68.62452364994725
2110,"(1, 72, 74)",68.62213512813872
2111,"(8, 23, 46)",68.62346496834775
2112,"(6, 39, 71)",68.60238368933312
2113,"(34, 50, 61)",68.62246048553584
2114,"(25, 50, 59)",68.59832292639013
2115,"(44, 57, 72)",68.5767644198756
2116,"(3, 5, 19)",68.46965941005678
2117,"(5, 10, 59)",68.7258207365202
2118,"(24, 56, 72)",68.57133306648862
2119,"(12, 15, 42)",68.68003515626862
2120,"(38, 40, 64)",68.25237872859856
2121,"(19, 24, 29)",68.71248539859756
2122,"(29, 65, 69)",68.75012066159785
2123,"(14, 31, 58)",68.42737543436283
2124,"(17, 27, 73)",68.74890859181599
2125,"(3, 23, 28)",68.44606914317329
2126,"(3, 30, 39)",68.4297405553891
2127,"(40, 61, 73)",68.44646168148772
2128,"(22, 27, 65)",68.69851595671015
2129,"(7, 13, 18)",68.81797548119746
2130,"(18, 46, 49)",68.7537671767865
2131,"(51, 59, 71)",68.7534196854647
2132,"(13, 39, 69)",68.73469523439162
2133,"(9, 58, 59)",68.42548767559425
2134,"(1, 47, 52)",68.6097924455482
2135,"(20, 26, 55)",68.72307363688842
2136,"(20, 45, 57)",68.42165591255089
2137,"(58, 67, 68)",68.56187651740844
2138,"(23, 64, 69)",68.7126295194539
2139,"(7, 16, 43)",68.67852789733409
2140,"(9, 37, 49)",68.7555590167282
2141,"(39, 46, 74)",68.6207843968253
2142,"(39, 40, 56)",68.34822591617245
2143,"(10, 30, 54)",68.62859741666603
2144,"(4, 16, 40)",68.48128615444885
2145,"(7, 32, 64)",68.8212641092704
2146,"(52, 53, 74)",68.74705001568098
2147,"(27, 35, 70)",68.70451543440018
2148,"(14, 29, 72)",68.6867929017656
2149,"(5, 23, 47)",68.57208067285276
2150,"(24, 60, 63)",68.71925952912532
2151,"(19, 48, 72)",68.69778241092772
2152,"(36, 40, 44)",68.31319669266736
2153,"(2, 19, 64)",68.81565138442329
2154,"(3, 18, 51)",68.3919923321851
2155,"(8, 9, 33)",68.57627181601711
2156,"(3, 51, 62)",68.36815635600452
2157,"(52, 60, 66)",68.70313783590994
2158,"(2, 52, 63)",68.78750190724824
2159,"(55, 66, 70)",68.63029250194636
2160,"(41, 54, 68)",68.7183098252806
2161,"(8, 18, 33)",68.73320564368115
2162,"(12, 36, 42)",68.51420138530145
2163,"(11, 20, 52)",68.75868136384142
2164,"(6, 12, 26)",68.5688145669298
2165,"(30, 35, 45)",68.2320240103824
2166,"(40, 49, 51)",68.48664859833913
2167,"(11, 38, 52)",68.67073104903324
2168,"(39, 44, 73)",68.44819270778125
2169,"(35, 60, 71)",68.66822482210712
2170,"(24, 34, 55)",68.68923775752027
2171,"(36, 60, 61)",68.78867483004191
2172,"(60, 62, 66)",68.69644730050777
2173,"(33, 39, 63)",68.69965818019872
2174,"(3, 15, 49)",68.5635946231284
2175,"(7, 13, 25)",68.56647322175692
2176,"(1, 10, 55)",68.72090038850754
2177,"(4, 28, 39)",68.68074044124926
2178,"(22, 43, 64)",68.52371945563715
2179,"(22, 34, 56)",68.53741733938357
2180,"(8, 48, 56)",68.59001351412523
2181,"(0, 52, 66)",68.67220184110808
2182,"(0, 52, 68)",68.76874779193503
2183,"(9, 47, 73)",68.49844433789389
2184,"(50, 63, 68)",68.70254918955474
2185,"(5, 43, 49)",68.5282823044029
2186,"(32, 39, 60)",68.69301984162163
2187,"(0, 53, 62)",68.66639329202432
2188,"(5, 24, 73)",68.6950566267868
2189,"(14, 16, 45)",68.42546428573716
2190,"(7, 37, 49)",68.98461401792161
2191,"(19, 61, 65)",68.74673841396664
2192,"(31, 56, 59)",68.66457111442567
2193,"(31, 49, 66)",68.77131598659282
2194,"(48, 68, 73)",68.69961093501188
2195,"(10, 14, 59)",68.79534794216069
2196,"(9, 47, 69)",68.6044413003377
2197,"(13, 37, 70)",68.78256228400994
2198,"(6, 32, 34)",68.74114916613208
2199,"(6, 12, 47)",68.51396976345085
2200,"(33, 34, 60)",68.78498701499764
2201,"(12, 16, 37)",68.74351142118006
2202,"(2, 9, 67)",68.76265695492181
2203,"(1, 28, 47)",68.46934517241176
2204,"(43, 59, 70)",68.61326353021242
2205,"(27, 38, 62)",68.4785276733608
2206,"(19, 28, 37)",68.56598475477166
2207,"(19, 33, 61)",68.75148809666271
2208,"(12, 14, 33)",68.78118504677529
2209,"(6, 55, 57)",68.67508290841981
2210,"(3, 41, 66)",68.47095744037075
2211,"(2, 36, 69)",68.79215538631898
2212,"(25, 29, 73)",68.4254113367908
2213,"(18, 59, 67)",68.75666243686084
2214,"(19, 36, 52)",68.77001853004177
2215,"(6, 21, 43)",68.52492888008418
2216,"(14, 44, 66)",68.47110091364667
2217,"(27, 47, 65)",68.61348756153761
2218,"(9, 10, 42)",68.54480523047546
2219,"(17, 50, 65)",68.767460699808
2220,"(21, 37, 65)",68.70063067493794
2221,"(44, 54, 67)",68.47783107895904
2222,"(0, 43, 73)",68.59713026902249
2223,"(23, 27, 34)",68.72687991741063
2224,"(11, 31, 33)",68.73069205768024
2225,"(6, 23, 28)",68.5638872188291
2226,"(1, 38, 62)",68.4533716519181
2227,"(25, 27, 34)",68.54317544051229
2228,"(4, 52, 74)",68.8225908111949
2229,"(2, 20, 44)",68.61643568494151
2230,"(13, 14, 57)",68.84542190472442
2231,"(42, 55, 65)",68.5281039352489
2232,"(1, 2, 38)",68.53941631114468
2233,"(0, 1, 60)",68.70877081100598
2234,"(19, 29, 63)",68.75404784592331
2235,"(50, 51, 53)",68.6758271311085
2236,"(21, 24, 45)",68.34114941055928
2237,"(15, 21, 56)",68.68478520804882
2238,"(14, 15, 37)",68.6483299307255
2239,"(12, 53, 73)",68.74730603065505
2240,"(4, 37, 65)",68.70657886521873
2241,"(2, 37, 58)",68.57340071743742
2242,"(20, 45, 70)",68.33561955537178
2243,"(37, 43, 70)",68.57817784441245
2244,"(1, 27, 69)",68.62097481970672
2245,"(9, 23, 28)",68.56214095790973
2246,"(11, 33, 68)",68.80914318060964
2247,"(2, 17, 59)",68.83001186330866
2248,"(16, 36, 48)",68.77066446126877
2249,"(4, 41, 72)",68.79525744449583
2250,"(14, 61, 70)",68.75100543327727
2251,"(0, 13, 64)",68.76815228725886
2252,"(20, 24, 47)",68.56997511716585
2253,"(34, 66, 68)",68.58911510451036
2254,"(4, 34, 63)",68.63756001841136
2255,"(28, 63, 71)",68.40066746978249
2256,"(50, 58, 73)",68.43030182356868
2257,"(16, 58, 60)",68.49637695255028
2258,"(22, 62, 64)",68.72978321314076
2259,"(3, 25, 26)",68.51727708103094
2260,"(13, 14, 60)",68.79300337561006
2261,"(19, 45, 60)",68.44229505298004
2262,"(21, 37, 50)",68.65755469151816
2263,"(4, 21, 57)",68.84729416524046
2264,"(3, 13, 71)",68.42635627235875
2265,"(25, 65, 67)",68.56076683903723
2266,"(11, 12, 35)",68.71853733913525
2267,"(13, 51, 70)",68.84636936434767
2268,"(0, 50, 73)",68.63246709205552
2269,"(27, 63, 65)",68.72557607264643
2270,"(8, 49, 57)",68.7631232432522
2271,"(10, 24, 64)",68.73883530516352
2272,"(16, 19, 65)",68.74183374516375
2273,"(27, 39, 60)",68.70495313668691
2274,"(13, 55, 59)",68.73257960379858
2275,"(7, 22, 72)",68.78379010434614
2276,"(5, 27, 71)",68.6274613647469
2277,"(16, 34, 39)",68.62866401347848
2278,"(7, 14, 30)",68.65324476054367
2279,"(0, 59, 68)",68.73768169906181
2280,"(50, 51, 59)",68.67017655891452
2281,"(6, 22, 67)",68.67877413866465
2282,"(21, 33, 44)",68.56356883836587
2283,"(18, 45, 66)",68.18548084964091
2284,"(14, 32, 44)",68.5030691695181
2285,"(33, 34, 55)",68.66655394611854
2286,"(24, 28, 29)",68.48147490851731
2287,"(14, 60, 73)",68.70635936064083
2288,"(30, 55, 56)",68.54699472623057
2289,"(9, 60, 61)",68.66432865439143
2290,"(3, 64, 73)",68.30503727140841
2291,"(31, 39, 43)",68.63571847950824
2292,"(4, 21, 62)",68.61154791178896
2293,"(23, 27, 40)",68.49714587771916
2294,"(2, 53, 64)",68.80813888235402
2295,"(14, 20, 73)",68.65886192293826
2296,"(13, 65, 73)",68.76487912438594
2297,"(36, 46, 53)",68.58467082620847
2298,"(6, 14, 63)",68.68381267089596
2299,"(35, 49, 60)",68.83335178950848
2300,"(23, 63, 70)",68.80590271889047
2301,"(52, 58, 74)",68.47912741609285
2302,"(0, 2, 49)",68.69775216130283
2303,"(25, 49, 68)",68.73240646015573
2304,"(7, 36, 57)",68.86857998358843
2305,"(18, 38, 42)",68.6112383749
2306,"(28, 43, 65)",68.43656532675931
2307,"(16, 30, 41)",68.65269359771608
2308,"(30, 32, 59)",68.57219208891895
2309,"(15, 20, 24)",68.74448364343351
2310,"(13, 60, 67)",68.72874885782518
2311,"(12, 20, 51)",68.77645529595407
2312,"(0, 55, 72)",68.68388369316077
2313,"(13, 38, 60)",68.73547549014523
2314,"(21, 40, 71)",68.5170868843101
2315,"(34, 43, 70)",68.53456844921456
2316,"(39, 46, 71)",68.55355877595257
2317,"(23, 47, 53)",68.67137528979342
2318,"(24, 28, 69)",68.52470821333408
2319,"(6, 13, 23)",68.63229069206243
2320,"(21, 25, 52)",68.42440154699119
2321,"(23, 32, 41)",68.63051137793418
2322,"(10, 39, 62)",68.70573913768537
2323,"(3, 14, 36)",68.48526557462876
2324,"(0, 6, 26)",68.66629074162141
2325,"(21, 27, 56)",68.67234503925079
2326,"(17, 23, 57)",68.85335796439652
2327,"(36, 55, 63)",68.6795399422254
2328,"(7, 17, 26)",68.68825539548588
2329,"(21, 58, 59)",68.45202485681654
2330,"(20, 26, 45)",68.35277963026944
2331,"(21, 32, 42)",68.54031610987778
2332,"(12, 44, 67)",68.51404165245509
2333,"(35, 36, 39)",68.75234961246184
2334,"(11, 53, 58)",68.52814740520611
2335,"(3, 16, 45)",68.2580731026947
2336,"(8, 47, 69)",68.68023733807551
2337,"(0, 13, 19)",68.6916542920447
2338,"(52, 61, 64)",68.7495749170615
2339,"(6, 70, 74)",68.72594352629913
2340,"(29, 42, 61)",68.6947049591555
2341,"(18, 49, 66)",68.70964030555118
2342,"(14, 20, 56)",68.63507942220798
2343,"(0, 42, 68)",68.60766185611214
2344,"(10, 19, 26)",68.77466165695655
2345,"(6, 47, 69)",68.51383703263348
2346,"(4, 39, 69)",68.70158907867132
2347,"(7, 29, 63)",68.72873211718971
2348,"(13, 58, 63)",68.63933676010137
2349,"(31, 37, 63)",68.76809706359865
2350,"(23, 45, 46)",68.26812050773636
2351,"(16, 18, 31)",68.7571493888701
2352,"(25, 27, 69)",68.53793551350533
2353,"(22, 46, 51)",68.71216437510267
2354,"(17, 28, 70)",68.6539970846029
2355,"(3, 33, 50)",68.49933042219057
2356,"(1, 37, 40)",68.42360529093175
2357,"(3, 8, 33)",68.54052916414355
2358,"(46, 61, 73)",68.60554772031047
2359,"(3, 12, 30)",68.47001907629966
2360,"(28, 68, 72)",68.576885071774
2361,"(30, 60, 73)",68.50506112286278
2362,"(26, 62, 71)",68.60194282306632
2363,"(43, 57, 66)",68.47420185923617
2364,"(21, 22, 72)",68.74721866767412
2365,"(17, 18, 48)",68.77789016688244
2366,"(13, 24, 68)",68.75917497321927
2367,"(61, 68, 74)",68.79975687068425
2368,"(21, 31, 63)",68.76749087132885
2369,"(25, 57, 73)",68.51695662652403
2370,"(9, 32, 36)",68.52788554065384
2371,"(4, 10, 74)",68.77367199726643
2372,"(22, 31, 66)",68.65332624695382
2373,"(25, 51, 71)",68.42589912945243
2374,"(0, 4, 60)",68.69292586531431
2375,"(0, 11, 26)",68.72096689713597
2376,"(10, 33, 72)",68.71732574183176
2377,"(0, 37, 40)",68.53223337305414
2378,"(23, 41, 74)",68.77162409933298
2379,"(48, 65, 72)",68.76906164261752
2380,"(33, 51, 56)",68.77677123258934
2381,"(5, 46, 73)",68.63937551792255
2382,"(36, 44, 71)",68.50945700195574
2383,"(7, 11, 64)",68.82741002931274
2384,"(23, 27, 67)",68.79649165727119
2385,"(1, 47, 70)",68.52679310442167
2386,"(43, 49, 69)",68.55611983381515
2387,"(18, 55, 74)",68.74439548081767
2388,"(4, 42, 46)",68.50868311089098
2389,"(13, 56, 66)",68.49836884912659
2390,"(8, 33, 62)",68.72462601644301
2391,"(5, 43, 60)",68.57697746255373
2392,"(22, 28, 68)",68.53449138466867
2393,"(2, 33, 68)",68.80152836127581
2394,"(44, 49, 71)",68.58405956433528
2395,"(12, 21, 64)",68.74995772841037
2396,"(36, 40, 71)",68.42219758936791
2397,"(24, 39, 56)",68.6094855734935
2398,"(28, 41, 48)",68.51758307180022
2399,"(12, 58, 71)",68.45794109335793
2400,"(7, 33, 38)",68.63340986123416
2401,"(16, 25, 67)",68.52963498981369
2402,"(6, 14, 18)",68.61422543465088
2403,"(3, 41, 46)",68.52840034287702
2404,"(2, 17, 70)",68.84882713628882
2405,"(10, 19, 44)",68.56154704997014
2406,"(7, 17, 71)",68.7195851261504
2407,"(8, 9, 69)",68.7034899590508
2408,"(10, 36, 41)",68.76429937633
2409,"(11, 31, 72)",68.74595511133822
2410,"(26, 33, 41)",68.65011627586995
2411,"(25, 48, 65)",68.53102182967027
2412,"(34, 36, 64)",68.72915737161229
2413,"(56, 58, 69)",68.45377872958613
2414,"(35, 38, 56)",68.51296909833525
2415,"(5, 15, 68)",68.75522425013374
2416,"(12, 26, 65)",68.61308397049622
2417,"(3, 33, 47)",68.44986604309723
2418,"(2, 56, 69)",68.76296866313086
2419,"(4, 42, 45)",68.37257981109728
2420,"(40, 47, 64)",68.36494565897617
2421,"(11, 15, 19)",68.85311920197016
2422,"(15, 53, 67)",68.74063368656007
2423,"(42, 61, 72)",68.5936731126479
2424,"(38, 54, 71)",68.63393601744697
2425,"(11, 19, 29)",68.78781515844425
2426,"(11, 36, 60)",68.74950738994221
2427,"(18, 21, 38)",68.49314160918719
2428,"(3, 51, 55)",68.39040473585591
2429,"(10, 49, 53)",68.87148245285576
2430,"(5, 48, 64)",68.58668109086098
2431,"(6, 23, 57)",68.687800493461
2432,"(14, 18, 60)",68.68976338145704
2433,"(18, 52, 69)",68.80439888634814
2434,"(11, 16, 33)",68.79890154835034
2435,"(2, 14, 53)",68.83607215465886
2436,"(2, 6, 57)",68.69964880949733
2437,"(2, 30, 39)",68.57629708043339
2438,"(42, 49, 72)",68.64572304076452
2439,"(30, 43, 54)",68.42029390641943
2440,"(0, 32, 49)",68.78099433855402
2441,"(12, 15, 65)",68.75247139139593
2442,"(13, 39, 65)",68.77338578660657
2443,"(0, 19, 53)",68.75566040209323
2444,"(3, 34, 41)",68.49188826644809
2445,"(19, 23, 27)",68.7219868106753
2446,"(24, 25, 30)",68.44305586991322
2447,"(3, 21, 69)",68.56397360281302
2448,"(0, 33, 59)",68.72826892318339
2449,"(17, 28, 62)",68.62271054912542
2450,"(30, 47, 59)",68.56072782450806
2451,"(44, 49, 59)",68.63408602134793
2452,"(18, 19, 68)",68.79045867805019
2453,"(16, 17, 43)",68.56884373283259
2454,"(17, 21, 73)",68.70511847735104
2455,"(42, 63, 64)",68.52345863585498
2456,"(43, 59, 72)",68.52636658862544
2457,"(27, 29, 61)",68.7661041646096
2458,"(18, 66, 71)",68.62268161973368
2459,"(18, 22, 29)",68.70722844377467
2460,"(32, 35, 66)",68.71561431789446
2461,"(57, 66, 67)",68.72713630262564
2462,"(43, 44, 71)",68.29004518008722
2463,"(3, 20, 41)",68.47860972935054
2464,"(8, 52, 72)",68.6814881579578
2465,"(26, 33, 59)",68.65892542426243
2466,"(5, 37, 47)",68.59722598376699
2467,"(20, 33, 38)",68.65311487868554
2468,"(9, 40, 53)",68.37558117885177
2469,"(20, 22, 47)",68.55518990662492
2470,"(4, 62, 74)",68.65320339736675
2471,"(28, 64, 66)",68.47560558608751
2472,"(7, 34, 60)",68.86179006135444
2473,"(33, 51, 58)",68.59463441311901
2474,"(12, 30, 63)",68.59559520834287
2475,"(10, 36, 72)",68.71906070298242
2476,"(52, 64, 72)",68.62184720738915
2477,"(12, 50, 73)",68.66410062477534
2478,"(0, 1, 47)",68.51812363015128
2479,"(33, 36, 45)",68.42967638662974
2480,"(5, 6, 27)",68.6594522268782
2481,"(20, 33, 39)",68.63670078472819
2482,"(48, 62, 65)",68.70209627403007
2483,"(1, 46, 51)",68.65956774394061
2484,"(7, 51, 69)",68.8965012138061
2485,"(11, 34, 53)",68.74456324269019
2486,"(22, 47, 63)",68.5553311577631
2487,"(3, 27, 73)",68.38451827041055
2488,"(40, 42, 63)",68.37776162600646
2489,"(21, 60, 61)",68.75281996011731
2490,"(25, 57, 67)",68.57928800937954
2491,"(10, 43, 69)",68.59961597742787
2492,"(26, 41, 71)",68.59704405953204
2493,"(5, 23, 59)",68.74868720774151
2494,"(6, 19, 42)",68.53814818636481
2495,"(8, 24, 44)",68.53407110116736
2496,"(10, 40, 65)",68.542963499112
2497,"(35, 52, 70)",68.69123156754628
2498,"(10, 25, 37)",68.57761647298003
2499,"(4, 42, 48)",68.56016355421161
2500,"(2, 7, 43)",68.87718046045916
2501,"(3, 15, 57)",68.54829356694755
2502,"(21, 37, 44)",68.5706319671272
2503,"(12, 15, 68)",68.76694554608474
2504,"(5, 18, 67)",68.67769197104728
2505,"(30, 48, 62)",68.60383474310437
2506,"(12, 22, 41)",68.74023466876584
2507,"(21, 37, 69)",68.68482122360906
2508,"(1, 69, 74)",68.62678524256783
2509,"(12, 39, 49)",68.72176582774149
2510,"(5, 8, 9)",68.57192520410732
2511,"(28, 44, 53)",68.43107696448702
2512,"(15, 41, 57)",68.78250017573474
2513,"(14, 16, 30)",68.61920313139342
2514,"(17, 49, 57)",68.98293032615878
2515,"(61, 62, 63)",68.59772930405931
2516,"(49, 54, 70)",68.89641348623496
2517,"(31, 36, 73)",68.74184925073547
2518,"(4, 23, 65)",68.61054610659869
2519,"(14, 39, 44)",68.42854390852177
2520,"(23, 33, 41)",68.76342114151733
2521,"(16, 21, 44)",68.54190963984783
2522,"(12, 23, 67)",68.75274900220133
2523,"(49, 59, 63)",68.80133456648679
2524,"(22, 28, 66)",68.4272885999493
2525,"(38, 53, 55)",68.64421582637722
2526,"(8, 52, 58)",68.44045852442481
2527,"(7, 35, 52)",68.81862712384368
2528,"(37, 39, 54)",68.71621387255504
2529,"(2, 23, 54)",68.71175022523909
2530,"(14, 21, 25)",68.50882892513653
2531,"(48, 56, 62)",68.54562413608129
2532,"(8, 23, 31)",68.6837593589406
2533,"(47, 52, 70)",68.63872069876773
2534,"(3, 12, 34)",68.42866210953046
2535,"(20, 36, 68)",68.71427766275043
2536,"(7, 13, 66)",68.83846577493398
2537,"(33, 54, 62)",68.7195140053827
2538,"(50, 68, 71)",68.64825192283193
2539,"(7, 10, 18)",68.78498852634587
2540,"(15, 28, 64)",68.61714722320954
2541,"(11, 14, 46)",68.7029413555517
2542,"(22, 37, 57)",68.7026785616061
2543,"(9, 12, 31)",68.63060012930882
2544,"(18, 32, 55)",68.77052340258427
2545,"(10, 26, 58)",68.44657035340707
2546,"(2, 50, 73)",68.786516749462
2547,"(5, 10, 33)",68.70918830005989
2548,"(25, 41, 67)",68.52323107776887
2549,"(32, 37, 67)",68.64800642469979
2550,"(39, 43, 59)",68.61259941614622
2551,"(0, 52, 74)",68.75027116023618
2552,"(9, 57, 67)",68.74596268710296
2553,"(15, 16, 19)",68.8188762519467
2554,"(26, 58, 68)",68.46318552702677
2555,"(0, 23, 41)",68.74844350723774
2556,"(10, 35, 66)",68.72760682808614
2557,"(11, 27, 69)",68.74073767782441
2558,"(13, 40, 66)",68.33249693420193
2559,"(0, 9, 67)",68.66792143804638
2560,"(38, 47, 72)",68.64477316144605
2561,"(14, 19, 59)",68.76765205630574
2562,"(6, 40, 66)",68.29958346814291
2563,"(0, 27, 44)",68.5080890773807
2564,"(39, 40, 47)",68.3943027750311
2565,"(39, 71, 74)",68.67370019109588
2566,"(40, 44, 51)",68.28801195507089
2567,"(15, 23, 72)",68.76719599905583
2568,"(6, 36, 61)",68.72077659264176
2569,"(7, 46, 67)",68.72429244177569
2570,"(18, 36, 50)",68.62164084636892
2571,"(3, 53, 66)",68.47641938956218
2572,"(22, 57, 63)",68.788346696784
2573,"(28, 44, 66)",68.32357409999221
2574,"(27, 28, 49)",68.60103705333997
2575,"(3, 48, 63)",68.39454322750416
2576,"(26, 48, 64)",68.64388542093359
2577,"(26, 46, 48)",68.54704958882355
2578,"(6, 42, 74)",68.4953755123843
2579,"(12, 28, 46)",68.54327812559198
2580,"(22, 38, 71)",68.49668911259747
2581,"(7, 41, 74)",68.78397318815226
2582,"(5, 18, 42)",68.5455593154307
2583,"(47, 49, 62)",68.62126735011009
2584,"(13, 28, 72)",68.51366947159651
2585,"(15, 28, 41)",68.56861489459091
2586,"(16, 20, 28)",68.48328200832078
2587,"(2, 20, 23)",68.75033313802443
2588,"(0, 48, 60)",68.71848770032112
2589,"(8, 29, 74)",68.7057736280239
2590,"(9, 18, 72)",68.57588097405348
2591,"(12, 21, 60)",68.73142433052601
2592,"(2, 6, 34)",68.56277986926918
2593,"(15, 25, 45)",68.0684465668406
2594,"(17, 24, 66)",68.70038318962862
2595,"(17, 46, 67)",68.66990011396864
2596,"(19, 54, 69)",68.79113273619556
2597,"(15, 17, 44)",68.56521126966378
2598,"(6, 42, 57)",68.52879255277108
2599,"(44, 52, 54)",68.54967386190732
2600,"(43, 52, 65)",68.53168394185093
2601,"(32, 53, 65)",68.76060579093921
2602,"(37, 50, 62)",68.695365756327
2603,"(20, 53, 56)",68.65992336445952
2604,"(12, 20, 69)",68.74816458825906
2605,"(8, 18, 22)",68.55769876686712
2606,"(6, 33, 72)",68.72247490346479
2607,"(4, 16, 41)",68.76098700490748
2608,"(33, 67, 68)",68.7139478949007
2609,"(28, 67, 73)",68.57675997079738
2610,"(7, 48, 69)",68.77539912876746
2611,"(26, 28, 39)",68.49519787518588
2612,"(2, 3, 66)",68.47269042134045
2613,"(7, 48, 68)",68.75734200213029
2614,"(18, 46, 57)",68.66751377818514
2615,"(1, 6, 65)",68.66163102911432
2616,"(12, 65, 72)",68.731604224626
2617,"(28, 43, 53)",68.47157936633714
2618,"(25, 44, 55)",68.34852128638434
2619,"(5, 49, 67)",68.8605331154459
2620,"(21, 34, 60)",68.68722806799153
2621,"(15, 60, 62)",68.70615797623184
2622,"(15, 35, 59)",68.75304271365444
2623,"(19, 73, 74)",68.73891962956746
2624,"(5, 16, 59)",68.74925121623387
2625,"(24, 44, 49)",68.72360818979693
2626,"(4, 45, 67)",68.3339619250303
2627,"(1, 47, 56)",68.49330655308853
2628,"(26, 55, 62)",68.61817595071267
2629,"(21, 64, 74)",68.69769555290762
2630,"(3, 24, 40)",68.34855647741054
2631,"(9, 18, 60)",68.60096691921672
2632,"(36, 57, 64)",68.71065581146185
2633,"(12, 38, 55)",68.697056727665
2634,"(16, 30, 36)",68.66259458824796
2635,"(16, 38, 56)",68.52291785255542
2636,"(15, 16, 55)",68.76639949563878
2637,"(15, 22, 74)",68.74380928940366
2638,"(22, 32, 63)",68.70167896147399
2639,"(33, 41, 59)",68.78879864389877
2640,"(12, 42, 69)",68.53241275775144
2641,"(33, 45, 50)",68.4239421580843
2642,"(18, 44, 72)",68.46201982218257
2643,"(14, 22, 43)",68.584073621239
2644,"(52, 55, 58)",68.54669841165656
2645,"(30, 57, 67)",68.56756071562074
2646,"(4, 6, 21)",68.7073717327196
2647,"(23, 32, 60)",68.69372477853733
2648,"(2, 17, 40)",68.54387726061098
2649,"(25, 57, 59)",68.60011178267195
2650,"(25, 48, 68)",68.52255494567962
2651,"(22, 28, 65)",68.5419271764145
2652,"(44, 49, 68)",68.65704439005756
2653,"(6, 8, 25)",68.36756224065948
2654,"(14, 26, 49)",68.67297437614376
2655,"(38, 63, 67)",68.50223342431849
2656,"(25, 53, 63)",68.53436545218452
2657,"(18, 44, 46)",68.51579148509015
2658,"(54, 57, 59)",68.83848790812202
2659,"(51, 53, 74)",68.86665245182691
2660,"(4, 30, 45)",68.23908603418387
2661,"(2, 27, 32)",68.77509179449875
2662,"(9, 44, 72)",68.51182104247825
2663,"(28, 48, 50)",68.62722449633853
2664,"(11, 54, 61)",68.76742767990167
2665,"(32, 44, 57)",68.62036409487331
2666,"(25, 61, 70)",68.50176790330198
2667,"(21, 30, 70)",68.49880296178183
2668,"(19, 45, 58)",68.2164595797636
2669,"(14, 56, 59)",68.59910635764457
2670,"(31, 35, 49)",68.84678305259327
2671,"(2, 54, 71)",68.80274744710378
2672,"(47, 53, 70)",68.57439197188103
2673,"(23, 25, 49)",68.53800585285958
2674,"(29, 30, 48)",68.55811087792092
2675,"(27, 43, 47)",68.52327118561676
2676,"(15, 33, 60)",68.83244693742185
2677,"(25, 30, 33)",68.36075833963362
2678,"(16, 37, 41)",68.76175635710287
2679,"(51, 61, 71)",68.70345793353762
2680,"(52, 63, 65)",68.61305123570014
2681,"(50, 54, 69)",68.73961104708839
2682,"(2, 14, 57)",68.85517005755919
2683,"(45, 49, 63)",68.40818600007896
2684,"(4, 38, 54)",68.55437847685404
2685,"(12, 18, 68)",68.73172235829134
2686,"(2, 3, 65)",68.48488945560722
2687,"(36, 51, 60)",68.7969799665344
2688,"(29, 50, 56)",68.57178018089802
2689,"(16, 25, 72)",68.5813969148183
2690,"(14, 17, 28)",68.60282114633438
2691,"(6, 7, 26)",68.65658065768672
2692,"(25, 57, 68)",68.55757399102023
2693,"(21, 41, 74)",68.78397399512603
2694,"(38, 51, 73)",68.56540645381675
2695,"(7, 11, 43)",68.55604265630929
2696,"(14, 46, 47)",68.56398086656581
2697,"(21, 46, 62)",68.54908459256477
2698,"(13, 37, 42)",68.59085781942949
2699,"(24, 35, 72)",68.6411142806
2700,"(21, 26, 62)",68.53071776181102
2701,"(30, 57, 63)",68.62439530155059
2702,"(21, 25, 68)",68.52177410960664
2703,"(22, 24, 73)",68.67139121707775
2704,"(42, 53, 64)",68.4915627003812
2705,"(16, 27, 61)",68.80548684694821
2706,"(27, 66, 71)",68.62226902966871
2707,"(12, 17, 62)",68.7284201206501
2708,"(15, 24, 49)",68.86206390165238
2709,"(26, 38, 58)",68.45866174802494
2710,"(41, 45, 68)",68.36937979152079
2711,"(32, 59, 64)",68.68299756860974
2712,"(5, 42, 64)",68.5549928970039
2713,"(29, 38, 66)",68.46071862426182
2714,"(4, 30, 74)",68.64818704128038
2715,"(0, 2, 64)",68.76619387063643
2716,"(4, 61, 63)",68.6765320961165
2717,"(18, 23, 49)",68.7553703322511
2718,"(23, 25, 62)",68.2816225565468
2719,"(33, 58, 73)",68.48171025275795
2720,"(15, 23, 44)",68.57102597500382
2721,"(0, 37, 66)",68.67470232595501
2722,"(14, 34, 37)",68.76373062931961
2723,"(7, 50, 52)",68.8330362077261
2724,"(20, 52, 68)",68.73741784189131
2725,"(25, 65, 66)",68.40697994923406
2726,"(14, 19, 74)",68.79991484105975
2727,"(6, 8, 35)",68.53715795078594
2728,"(31, 34, 65)",68.79511296882141
2729,"(5, 21, 41)",68.76056865903547
2730,"(15, 51, 74)",68.8153051262081
2731,"(4, 15, 30)",68.59698421328254
2732,"(14, 15, 35)",68.68374923852711
2733,"(6, 15, 72)",68.71395242898491
2734,"(20, 57, 71)",68.6775815303695
2735,"(58, 68, 69)",68.54994633144943
2736,"(14, 17, 31)",68.78248625295367
2737,"(11, 17, 27)",68.81163392359247
2738,"(17, 63, 74)",68.82367948170518
2739,"(19, 36, 72)",68.74419767135244
2740,"(9, 15, 17)",68.70469255637488
2741,"(20, 35, 58)",68.49413868178576
2742,"(19, 30, 47)",68.60165413217703
2743,"(7, 42, 66)",68.69450198996387
2744,"(26, 31, 38)",68.64857121502556
2745,"(20, 29, 35)",68.70146123941467
2746,"(0, 70, 74)",68.67941603339334
2747,"(37, 60, 66)",68.78594697284939
2748,"(26, 38, 60)",68.65109462211552
2749,"(14, 70, 72)",68.63270443758536
2750,"(7, 57, 63)",68.9091055923847
2751,"(40, 56, 66)",68.31267690495024
2752,"(9, 44, 58)",68.34645845256982
2753,"(1, 28, 65)",68.55326160552784
2754,"(26, 35, 54)",68.71569649246871
2755,"(21, 48, 69)",68.69574506116595
2756,"(3, 14, 27)",68.45912003018945
2757,"(46, 57, 64)",68.70471505051917
2758,"(20, 37, 52)",68.74821230896201
2759,"(17, 32, 70)",68.70716317998021
2760,"(14, 16, 19)",68.72147292068374
2761,"(27, 35, 52)",68.73813733298083
2762,"(8, 40, 53)",68.483368476419
2763,"(11, 33, 57)",68.85396389863514
2764,"(9, 24, 46)",68.57489206059158
2765,"(15, 31, 67)",68.72351925908872
2766,"(25, 46, 61)",68.48722714235801
2767,"(7, 12, 16)",68.75603281481209
2768,"(25, 66, 67)",68.46224773839464
2769,"(8, 26, 46)",68.59411188184325
2770,"(29, 41, 64)",68.75767985271386
2771,"(1, 8, 59)",68.57457845981602
2772,"(54, 67, 69)",68.7449757366033
2773,"(1, 42, 47)",68.50078633753898
2774,"(7, 25, 67)",68.58027817323358
2775,"(27, 42, 67)",68.56497505835361
2776,"(4, 49, 50)",68.7471431375873
2777,"(21, 33, 49)",68.7940408715199
2778,"(4, 60, 74)",68.75693509626667
2779,"(15, 16, 41)",68.75796180856459
2780,"(11, 49, 61)",68.71479208261606
2781,"(51, 68, 70)",68.74757735072615
2782,"(3, 13, 73)",68.38135259171209
2783,"(45, 67, 71)",68.21968627639312
2784,"(12, 48, 59)",68.79843674479524
2785,"(12, 15, 28)",68.58068338116621
2786,"(11, 32, 51)",68.68133808964399
2787,"(17, 37, 41)",68.7889741578125
2788,"(15, 17, 31)",68.73967406638967
2789,"(40, 50, 55)",68.42499639238106
2790,"(4, 24, 63)",68.72211719221998
2791,"(24, 31, 61)",68.75911229598081
2792,"(43, 56, 63)",68.48588130369644
2793,"(36, 47, 48)",68.6414926425101
2794,"(36, 38, 66)",68.52065155487631
2795,"(16, 18, 69)",68.75329842300246
2796,"(3, 32, 42)",68.36749097226733
2797,"(48, 55, 69)",68.74255363088326
2798,"(25, 63, 74)",68.46599695515569
2799,"(15, 32, 51)",68.77386182475253
2800,"(30, 47, 73)",68.5461027501925
2801,"(5, 8, 64)",68.76515389490632
2802,"(8, 34, 61)",68.59631562193205
2803,"(23, 26, 28)",68.63862227924635
2804,"(5, 8, 11)",68.63159548129588
2805,"(19, 31, 41)",68.75339985543955
2806,"(0, 22, 70)",68.64516530625238
2807,"(0, 65, 71)",68.72265219892442
2808,"(12, 13, 69)",68.77623475390004
2809,"(11, 35, 37)",68.76893555581798
2810,"(5, 11, 45)",68.31768533410998
2811,"(33, 66, 74)",68.64852905642606
2812,"(1, 12, 42)",68.60747728356135
2813,"(19, 31, 74)",68.74377887095626
2814,"(19, 59, 62)",68.68663636366648
2815,"(30, 59, 60)",68.56030750553666
2816,"(14, 20, 51)",68.76490331902153
2817,"(4, 49, 64)",68.73099326747882
2818,"(4, 18, 47)",68.62534360868418
2819,"(8, 12, 56)",68.57205327609768
2820,"(11, 20, 62)",68.61854878959545
2821,"(11, 51, 53)",68.79355862443091
2822,"(32, 53, 54)",68.79835481468382
2823,"(47, 48, 74)",68.58261857579694
2824,"(34, 45, 54)",68.27207971852293
2825,"(6, 7, 58)",68.38195999390355
2826,"(16, 18, 41)",68.75030111381577
2827,"(9, 26, 35)",68.65360232147513
2828,"(5, 27, 45)",68.37617575709046
2829,"(7, 51, 61)",68.86462115700847
2830,"(16, 37, 59)",68.71475194881214
2831,"(20, 36, 50)",68.65347960935729
2832,"(13, 27, 47)",68.70670709849182
2833,"(31, 43, 50)",68.53092124001438
2834,"(19, 58, 63)",68.51900908220829
2835,"(19, 27, 60)",68.89785938964464
2836,"(8, 32, 74)",68.654337169734
2837,"(4, 69, 72)",68.68007062781983
2838,"(29, 47, 72)",68.52793607179825
2839,"(20, 46, 49)",68.82558781461489
2840,"(0, 26, 41)",68.80522792668515
2841,"(26, 38, 71)",68.63125951081805
2842,"(8, 13, 49)",68.72635688769107
2843,"(0, 35, 74)",68.71002368305906
2844,"(2, 36, 42)",68.61284286939038
2845,"(6, 24, 51)",68.6197804258784
2846,"(27, 31, 54)",68.76061493029701
2847,"(14, 22, 51)",68.77524566135618
2848,"(3, 54, 70)",68.53834204844725
2849,"(24, 46, 67)",68.56339108337622
2850,"(24, 33, 36)",68.69200424487208
2851,"(2, 15, 32)",68.74232902012896
2852,"(23, 38, 49)",68.69967263546086
2853,"(17, 46, 60)",68.6573644584901
2854,"(3, 60, 72)",68.4518221904225
2855,"(14, 41, 69)",68.65458998033176
2856,"(27, 53, 69)",68.80045756787058
2857,"(14, 33, 64)",68.76059559191148
2858,"(18, 24, 36)",68.76270018259535
2859,"(47, 53, 57)",68.57756910417353
2860,"(27, 30, 63)",68.61172139653708
2861,"(38, 43, 73)",68.38886878386337
2862,"(7, 39, 69)",68.81560804640318
2863,"(15, 65, 67)",68.69617715305571
2864,"(15, 31, 66)",68.63293318892207
2865,"(10, 25, 28)",68.47452480981397
2866,"(0, 56, 72)",68.6525005812577
2867,"(18, 25, 38)",68.37168421234861
2868,"(5, 27, 40)",68.56346849919093
2869,"(36, 43, 72)",68.51769954016828
2870,"(39, 46, 48)",68.61417380411372
2871,"(8, 27, 60)",68.73165928292934
2872,"(0, 35, 40)",68.49627608764604
2873,"(30, 55, 71)",68.5787627362847
2874,"(7, 10, 70)",68.77900238852021
2875,"(28, 30, 64)",68.45458523270233
2876,"(12, 45, 49)",68.48315751586249
2877,"(16, 28, 58)",68.35996256112867
2878,"(18, 33, 45)",68.33568816742952
2879,"(22, 27, 61)",68.72222056793359
2880,"(17, 29, 59)",68.82273306638258
2881,"(7, 21, 52)",68.7655924406392
2882,"(21, 47, 58)",68.41143164702139
2883,"(29, 30, 61)",68.61499948803129
2884,"(13, 14, 56)",68.66199724755808
2885,"(11, 32, 67)",68.7367478551845
2886,"(20, 40, 58)",68.20620187537753
2887,"(8, 26, 53)",68.60556319980888
2888,"(13, 32, 64)",68.67918083119135
2889,"(34, 41, 64)",68.70366673905278
2890,"(46, 56, 68)",68.52165633005781
2891,"(13, 24, 43)",68.46727399700828
2892,"(0, 1, 13)",68.71697233272258
2893,"(6, 37, 57)",68.73404276507027
2894,"(20, 35, 65)",68.65880083029909
2895,"(13, 26, 29)",68.6974852935881
2896,"(37, 61, 65)",68.7884144644719
2897,"(1, 36, 62)",68.53631171746376
2898,"(13, 48, 61)",68.58805297821718
2899,"(30, 43, 46)",68.4271465988091
2900,"(3, 35, 51)",68.40978218119427
2901,"(10, 22, 69)",68.7650798741499
2902,"(30, 41, 51)",68.67395097193601
2903,"(5, 15, 73)",68.74120638659824
2904,"(2, 25, 43)",68.41234200052544
2905,"(34, 37, 39)",68.69620859829348
2906,"(9, 54, 67)",68.67616647525313
2907,"(4, 65, 73)",68.63728294879147
2908,"(1, 34, 63)",68.65876910800002
2909,"(43, 58, 64)",68.31829943603006
2910,"(0, 32, 61)",68.6707215182828
2911,"(59, 66, 68)",68.58404819258124
2912,"(18, 43, 71)",68.42746372027548
2913,"(42, 51, 62)",68.52950465437901
2914,"(1, 19, 25)",68.61480609223536
2915,"(4, 10, 72)",68.73712080490208
2916,"(53, 60, 66)",68.71386461933089
2917,"(11, 60, 65)",68.76253011263393
2918,"(36, 63, 71)",68.71875301580508
2919,"(3, 6, 58)",68.25456653999625
2920,"(22, 31, 32)",68.64821078742727
2921,"(0, 66, 71)",68.71374060474535
2922,"(6, 14, 71)",68.60021159323256
2923,"(8, 46, 67)",68.65270274591231
2924,"(23, 36, 65)",68.73761755767426
2925,"(32, 46, 67)",68.6986505645831
2926,"(24, 40, 71)",68.40550153992987
2927,"(34, 49, 50)",68.72513640596594
2928,"(44, 47, 71)",68.3720510064332
2929,"(34, 57, 73)",68.75107352319438
2930,"(13, 42, 65)",68.65193982977783
2931,"(7, 30, 43)",68.51859122382277
2932,"(2, 20, 60)",68.81585865753068
2933,"(26, 39, 40)",68.41169405374765
2934,"(21, 31, 49)",68.79415241818033
2935,"(5, 16, 41)",68.61778855184292
2936,"(23, 59, 69)",68.76301887052922
2937,"(6, 61, 74)",68.64625297678027
2938,"(41, 58, 72)",68.51204600118953
2939,"(10, 20, 54)",68.77440309996621
2940,"(59, 68, 74)",68.68582680017603
2941,"(8, 15, 62)",68.74890118227313
2942,"(17, 34, 51)",68.89988131750896
2943,"(6, 19, 71)",68.66006471285837
2944,"(30, 37, 69)",68.61627887580993
2945,"(13, 17, 72)",68.78367169842376
2946,"(1, 67, 74)",68.6948860348109
2947,"(20, 34, 54)",68.7021768044653
2948,"(7, 33, 42)",68.60300098099354
2949,"(12, 51, 65)",68.73005935962877
2950,"(5, 26, 47)",68.66255436743525
2951,"(3, 47, 48)",68.47792439053214
2952,"(33, 48, 60)",68.76889582517762
2953,"(18, 60, 73)",68.68196375629371
2954,"(6, 23, 58)",68.40702872208364
2955,"(12, 16, 39)",68.68699199744141
2956,"(5, 54, 68)",68.71544852918389
2957,"(8, 30, 47)",68.45349543118674
2958,"(54, 66, 71)",68.70889528027611
2959,"(44, 49, 54)",68.67953639878982
2960,"(26, 38, 73)",68.6072743059958
2961,"(43, 53, 58)",68.39714106803416
2962,"(30, 48, 71)",68.51911800397136
2963,"(10, 43, 58)",68.37666820769006
2964,"(14, 27, 44)",68.55384262661792
2965,"(15, 39, 58)",68.56195426738088
2966,"(37, 61, 74)",68.83037279899938
2967,"(15, 17, 41)",68.76912372191286
2968,"(19, 25, 70)",68.53849589575098
2969,"(5, 39, 48)",68.56668189894748
2970,"(8, 53, 72)",68.73675618410957
2971,"(7, 20, 43)",68.55747635194436
2972,"(14, 29, 64)",68.67009271420923
2973,"(5, 37, 51)",68.75716828669697
2974,"(15, 25, 27)",68.6062951842773
2975,"(14, 67, 74)",68.6895533155529
2976,"(6, 29, 33)",68.70811348966598
2977,"(5, 20, 41)",68.68739090968035
2978,"(6, 29, 55)",68.53935127496837
2979,"(11, 15, 74)",68.77641511692707
2980,"(26, 27, 43)",68.5213935852946
2981,"(22, 37, 42)",68.60162134823815
2982,"(33, 57, 67)",68.80830649213364
2983,"(37, 62, 65)",68.71010013297642
2984,"(32, 54, 57)",68.81180488669698
2985,"(15, 25, 35)",68.59704234723758
2986,"(6, 40, 59)",68.36663310643043
2987,"(18, 37, 73)",68.67588909399564
2988,"(22, 33, 39)",68.74584400463688
2989,"(23, 31, 68)",68.74379628664114
2990,"(29, 52, 65)",68.66339076142249
2991,"(23, 67, 70)",68.73255902307875
2992,"(16, 33, 59)",68.7218339589122
2993,"(20, 24, 29)",68.70430366698896
2994,"(13, 54, 59)",68.82352502045495
2995,"(61, 69, 72)",68.77523402700716
2996,"(1, 62, 63)",68.50613071478166
2997,"(10, 14, 44)",68.53767777195226
2998,"(4, 8, 15)",68.63632435462542
2999,"(8, 38, 74)",68.55792262342806
3000,"(0, 26, 58)",68.57993416928856
3001,"(13, 30, 36)",68.69346957442104
3002,"(8, 22, 66)",68.47102623285724
3003,"(17, 50, 54)",68.80962056069164
3004,"(11, 45, 48)",68.40990290805135
3005,"(6, 33, 36)",68.69897401837616
3006,"(0, 8, 22)",68.775819216264
3007,"(7, 34, 42)",68.62291311723315
3008,"(7, 24, 46)",68.76747722335864
3009,"(37, 42, 70)",68.56711472209703
3010,"(27, 50, 59)",68.63055500435398
3011,"(1, 9, 15)",68.72569900076029
3012,"(46, 51, 55)",68.62800686803051
3013,"(27, 33, 74)",68.74129460556307
3014,"(11, 62, 73)",68.56858735322895
3015,"(46, 47, 73)",68.51494518785475
3016,"(14, 20, 30)",68.59963499517015
3017,"(57, 59, 69)",68.7787049399873
3018,"(15, 62, 66)",68.62016862882555
3019,"(15, 30, 62)",68.46599218761237
3020,"(4, 27, 31)",68.74164061534806
3021,"(40, 44, 48)",68.40317811513141
3022,"(20, 58, 65)",68.53298824387494
3023,"(31, 35, 41)",68.62546107887984
3024,"(6, 13, 40)",68.39056565028206
3025,"(5, 47, 67)",68.61277510368683
3026,"(39, 42, 49)",68.54686550868418
3027,"(25, 58, 64)",68.31202690938038
3028,"(16, 45, 63)",68.26388789523169
3029,"(26, 51, 72)",68.6397025722312
3030,"(22, 72, 73)",68.68484839218695
3031,"(55, 68, 72)",68.689111375024
3032,"(3, 20, 28)",68.44167569236356
3033,"(49, 58, 73)",68.61262655115794
3034,"(19, 46, 67)",68.68581988473868
3035,"(17, 49, 68)",68.94353003986178
3036,"(10, 21, 39)",68.73232937540108
3037,"(10, 13, 46)",68.7453710026917
3038,"(23, 33, 63)",68.75999778635968
3039,"(16, 36, 53)",68.75896195672327
3040,"(0, 36, 72)",68.67385723013734
3041,"(31, 33, 62)",68.65705255370892
3042,"(4, 28, 60)",68.65833648853138
3043,"(25, 33, 66)",68.41754248662168
3044,"(34, 35, 61)",68.65587445552312
3045,"(26, 39, 64)",68.69860189528936
3046,"(20, 41, 57)",68.76156040473495
3047,"(1, 63, 67)",68.71255859170404
3048,"(5, 33, 36)",68.67414277681154
3049,"(42, 49, 74)",68.66264992818192
3050,"(27, 31, 36)",68.78518381947863
3051,"(5, 30, 38)",68.40879043497317
3052,"(9, 10, 69)",68.69860892562944
3053,"(39, 45, 67)",68.38745359697727
3054,"(10, 13, 47)",68.612373775486
3055,"(5, 40, 60)",68.54787026513758
3056,"(1, 45, 57)",68.05437057855418
3057,"(29, 43, 50)",68.53847351180254
3058,"(27, 29, 53)",68.78553093696459
3059,"(2, 4, 6)",68.66153809482505
3060,"(25, 32, 48)",68.51896841379136
3061,"(5, 36, 39)",68.7565868284593
3062,"(12, 15, 23)",68.66352336945653
3063,"(18, 31, 64)",68.67901188486177
3064,"(5, 11, 53)",68.76581334509842
3065,"(6, 60, 68)",68.7173072506307
3066,"(42, 61, 70)",68.63178322258574
3067,"(39, 43, 51)",68.53558542167191
3068,"(36, 58, 69)",68.47346080958263
3069,"(14, 16, 51)",68.77744872082462
3070,"(10, 63, 68)",68.79013106348549
3071,"(6, 55, 62)",68.56479681617341
3072,"(27, 52, 60)",68.79959447271308
3073,"(1, 13, 27)",68.73374102383197
3074,"(4, 31, 51)",68.7647144793077
3075,"(23, 51, 74)",68.75084800561393
3076,"(2, 67, 74)",68.78307675189077
3077,"(13, 34, 43)",68.52638147965546
3078,"(4, 25, 65)",68.51419481862638
3079,"(30, 31, 34)",68.62487127019861
3080,"(14, 37, 47)",68.60535547476537
3081,"(3, 38, 42)",68.36425698591115
3082,"(12, 42, 63)",68.54974502846986
3083,"(33, 34, 57)",68.78347951550043
3084,"(6, 17, 74)",68.73954235641497
3085,"(16, 53, 71)",68.68247451050247
3086,"(2, 24, 55)",68.81733088853512
3087,"(2, 11, 13)",68.94310892426094
3088,"(6, 19, 33)",68.71446998569546
3089,"(11, 45, 58)",68.13788213120485
3090,"(31, 46, 66)",68.68379133025172
3091,"(14, 27, 57)",68.74171046183875
3092,"(3, 35, 64)",68.39323192709917
3093,"(1, 3, 44)",68.06181476401038
3094,"(6, 10, 16)",68.64260957419272
3095,"(48, 57, 66)",68.73912138316604
3096,"(10, 26, 31)",68.76165718797232
3097,"(3, 4, 67)",68.4673963194178
3098,"(34, 41, 57)",68.76991521247935
3099,"(8, 62, 66)",68.66827526861611
3100,"(63, 69, 70)",68.75997719255481
3101,"(45, 51, 55)",68.33195217508494
3102,"(2, 53, 67)",68.76517957089644
3103,"(4, 52, 69)",68.79926230739977
3104,"(7, 16, 22)",68.75458390044831
3105,"(8, 9, 68)",68.61722129417802
3106,"(7, 28, 73)",68.57386860935496
3107,"(14, 46, 66)",68.70449475834464
3108,"(10, 20, 32)",68.70243747141525
3109,"(10, 12, 66)",68.6464146975262
3110,"(0, 21, 29)",68.65991841565622
3111,"(4, 6, 36)",68.6401884664005
3112,"(8, 22, 26)",68.644155532944
3113,"(15, 18, 24)",68.793180030765
3114,"(18, 21, 71)",68.62267010855497
3115,"(52, 63, 69)",68.67955615401492
3116,"(18, 50, 54)",68.69348003308079
3117,"(20, 23, 71)",68.74961802105553
3118,"(30, 37, 72)",68.54681493681414
3119,"(5, 14, 20)",68.70282957744472
3120,"(12, 33, 38)",68.63305951995406
3121,"(4, 63, 67)",68.60896815908373
3122,"(25, 34, 65)",68.55299076386176
3123,"(21, 27, 51)",68.68936951068119
3124,"(26, 48, 50)",68.71827183214809
3125,"(8, 63, 69)",68.80149846716618
3126,"(54, 58, 73)",68.4473814493343
3127,"(19, 48, 56)",68.63969969353107
3128,"(47, 57, 59)",68.63996246972121
3129,"(57, 60, 61)",68.83137488095446
3130,"(19, 23, 72)",68.77287038327759
3131,"(4, 29, 68)",68.7256329083166
3132,"(20, 63, 71)",68.69436349298806
3133,"(4, 35, 67)",68.67260992536919
3134,"(1, 37, 49)",68.8276348333871
3135,"(13, 52, 73)",68.75944089678751
3136,"(3, 19, 34)",68.4581467715218
3137,"(10, 23, 44)",68.56589596631923
3138,"(38, 48, 57)",68.56912675781359
3139,"(10, 13, 19)",68.7184728287348
3140,"(31, 72, 73)",68.69017362495188
3141,"(38, 44, 69)",68.38201218722523
3142,"(16, 26, 68)",68.81304823295866
3143,"(34, 60, 73)",68.70840027879159
3144,"(11, 15, 65)",68.70656154833266
3145,"(6, 57, 61)",68.64982742105083
3146,"(1, 30, 35)",68.62246985170158
3147,"(6, 40, 47)",68.35634186732975
3148,"(2, 66, 73)",68.73462727222461
3149,"(0, 15, 36)",68.63896187805317
3150,"(35, 55, 60)",68.59385329878936
3151,"(12, 41, 67)",68.75797774567502
3152,"(7, 69, 71)",68.73452073885765
3153,"(20, 25, 39)",68.53428831139762
3154,"(8, 62, 73)",68.69589054962388
3155,"(36, 40, 68)",68.46234218393431
3156,"(46, 51, 67)",68.66531810201184
3157,"(23, 52, 70)",68.72344277702737
3158,"(13, 22, 37)",68.76997384367041
3159,"(27, 32, 68)",68.73960469704139
3160,"(1, 44, 69)",68.56320992436946
3161,"(10, 18, 72)",68.7454881560702
3162,"(8, 40, 51)",68.42060305969223
3163,"(3, 8, 40)",68.3060582013659
3164,"(41, 51, 56)",68.71841814476055
3165,"(10, 58, 62)",68.48944323901038
3166,"(13, 22, 49)",68.76227848652749
3167,"(17, 52, 65)",68.743067855558
3168,"(2, 4, 47)",68.67908113281825
3169,"(11, 19, 27)",68.77553978027521
3170,"(5, 13, 58)",68.51451087692763
3171,"(12, 39, 69)",68.70454780174218
3172,"(22, 23, 25)",68.42952586822409
3173,"(2, 8, 16)",68.75527112452995
3174,"(50, 53, 55)",68.754843085261
3175,"(10, 27, 48)",68.74939710975447
3176,"(4, 14, 42)",68.63558950288413
3177,"(0, 12, 72)",68.70515533386494
3178,"(2, 20, 70)",68.77251233526675
3179,"(3, 37, 49)",68.58791399326236
3180,"(6, 26, 54)",68.61215010848899
3181,"(17, 63, 64)",68.84645295412997
3182,"(3, 23, 71)",68.39158009481324
3183,"(22, 70, 74)",68.76632181762876
3184,"(1, 23, 52)",68.61205484091948
3185,"(58, 64, 73)",68.44850082180267
3186,"(1, 54, 58)",68.48391265220833
3187,"(17, 56, 57)",68.71561750197272
3188,"(6, 8, 19)",68.73235334882109
3189,"(9, 16, 51)",68.72023413419552
3190,"(24, 49, 61)",68.74615574381627
3191,"(44, 51, 58)",68.4413859064746
3192,"(2, 48, 65)",68.74329487141179
3193,"(29, 41, 72)",68.70385087742295
3194,"(1, 40, 56)",68.37597494133551
3195,"(24, 70, 71)",68.70246305989436
3196,"(41, 42, 70)",68.59819599793798
3197,"(20, 25, 48)",68.56225976415014
3198,"(29, 45, 60)",68.36469353058432
3199,"(54, 67, 70)",68.71843604806105
3200,"(4, 32, 61)",68.65592436217187
3201,"(3, 15, 22)",68.50778724904181
3202,"(1, 16, 63)",68.66651811311135
3203,"(16, 38, 64)",68.56173916851651
3204,"(19, 20, 57)",68.79851093055683
3205,"(4, 5, 25)",68.47149916047954
3206,"(0, 52, 59)",68.72258088187483
3207,"(17, 38, 49)",68.79334907627148
3208,"(31, 41, 62)",68.75768440308536
3209,"(15, 35, 47)",68.58067949243758
3210,"(32, 47, 61)",68.58090572180554
3211,"(0, 5, 7)",68.72835984804023
3212,"(30, 60, 67)",68.54354401531596
3213,"(0, 11, 63)",68.79324140789387
3214,"(8, 41, 61)",68.64450936374378
3215,"(8, 24, 53)",68.55850137553236
3216,"(0, 7, 14)",68.72718252753187
3217,"(31, 39, 49)",68.884984362088
3218,"(37, 44, 52)",68.61591477598932
3219,"(22, 37, 61)",68.72008648075241
3220,"(29, 47, 74)",68.57411541995312
3221,"(4, 25, 69)",68.56178098570447
3222,"(9, 55, 67)",68.62889575265949
3223,"(28, 32, 54)",68.44597116775671
3224,"(19, 67, 74)",68.76273939266152
3225,"(10, 37, 74)",68.7858407137529
3226,"(0, 6, 55)",68.64099194805704
3227,"(13, 17, 48)",68.86494927373707
3228,"(8, 27, 31)",68.755359336142
3229,"(0, 29, 51)",68.77094208376387
3230,"(11, 29, 30)",68.54704668219085
3231,"(17, 23, 32)",68.7699991678065
3232,"(47, 66, 67)",68.4916918118331
3233,"(14, 67, 68)",68.69053404229392
3234,"(22, 25, 38)",68.4596587539007
3235,"(32, 49, 73)",68.95335266498012
3236,"(2, 62, 72)",68.62816417871029
3237,"(18, 19, 60)",68.81309432391973
3238,"(20, 41, 67)",68.66253652764746
3239,"(50, 51, 74)",68.66772633367344
3240,"(9, 15, 36)",68.77068789205613
3241,"(0, 54, 66)",68.6407496366049
3242,"(0, 25, 60)",68.53427131890672
3243,"(23, 24, 32)",68.64945209971751
3244,"(47, 63, 66)",68.43465147981198
3245,"(15, 39, 68)",68.75949205251209
3246,"(1, 64, 65)",68.64628232099564
3247,"(18, 56, 57)",68.721900958709
3248,"(3, 45, 67)",68.24369635714635
3249,"(6, 62, 73)",68.55315738028494
3250,"(17, 46, 53)",68.71797935152017
3251,"(27, 29, 32)",68.7388935307316
3252,"(3, 13, 17)",68.56551069858968
3253,"(42, 51, 60)",68.50077304811633
3254,"(39, 44, 69)",68.54816945050442
3255,"(12, 18, 39)",68.71846923572124
3256,"(4, 43, 46)",68.50006866788321
3257,"(21, 43, 74)",68.63323864533263
3258,"(16, 24, 45)",68.31523772219566
3259,"(11, 21, 74)",68.712191782212
3260,"(3, 7, 32)",68.46509299562861
3261,"(26, 52, 65)",68.63239232830377
3262,"(57, 67, 73)",68.68497048723265
3263,"(36, 38, 41)",68.62900099780322
3264,"(43, 61, 62)",68.45452336079482
3265,"(2, 17, 58)",68.60216344006754
3266,"(18, 31, 67)",68.74185472752315
3267,"(46, 61, 67)",68.73157502764653
3268,"(4, 9, 74)",68.72131503967415
3269,"(8, 55, 71)",68.5690359148978
3270,"(10, 21, 30)",68.56451595098258
3271,"(43, 46, 71)",68.44350110009793
3272,"(10, 30, 34)",68.61741629087834
3273,"(30, 60, 69)",68.57663213540424
3274,"(32, 37, 52)",68.68872763512393
3275,"(6, 18, 73)",68.5891529082068
3276,"(13, 26, 60)",68.76860676883511
3277,"(34, 44, 62)",68.47247386272647
3278,"(15, 44, 70)",68.59247326073795
3279,"(44, 62, 71)",68.42113952145485
3280,"(34, 60, 72)",68.70481587949219
3281,"(1, 60, 67)",68.60515602255973
3282,"(2, 60, 64)",68.72438305805491
3283,"(15, 19, 35)",68.7198770045012
3284,"(4, 36, 66)",68.73669992209128
3285,"(30, 34, 57)",68.67119165723328
3286,"(4, 46, 48)",68.6475832511202
3287,"(17, 28, 68)",68.60511081013053
3288,"(1, 33, 54)",68.69236312212766
3289,"(38, 39, 43)",68.41804675872088
3290,"(0, 1, 65)",68.7000548124376
3291,"(18, 19, 47)",68.59244549633738
3292,"(40, 54, 62)",68.42269258026602
3293,"(21, 25, 42)",68.32274072753333
3294,"(9, 50, 68)",68.69127096808853
3295,"(21, 24, 40)",68.44792379700478
3296,"(0, 48, 54)",68.67642427909855
3297,"(4, 15, 73)",68.70416275958944
3298,"(19, 54, 57)",68.79829009910588
3299,"(0, 58, 68)",68.55034556537241
3300,"(39, 62, 69)",68.61580204382348
3301,"(6, 25, 54)",68.56209311800853
3302,"(20, 32, 49)",68.99227278672433
3303,"(24, 25, 70)",68.57520805975985
3304,"(7, 9, 14)",68.70220456227713
3305,"(20, 44, 49)",68.59236284029808
3306,"(7, 15, 45)",68.37041895093233
3307,"(32, 64, 69)",68.67441380654601
3308,"(0, 30, 35)",68.63832051450785
3309,"(51, 56, 66)",68.72946577693764
3310,"(3, 55, 59)",68.46946461350159
3311,"(9, 36, 49)",68.7352173498266
3312,"(14, 18, 33)",68.73009265208124
3313,"(36, 69, 73)",68.67837281787249
3314,"(20, 31, 47)",68.56910247605424
3315,"(24, 34, 66)",68.60845545242948
3316,"(15, 27, 73)",68.7370191955905
3317,"(37, 42, 45)",68.19660421057382
3318,"(5, 21, 34)",68.67735686195907
3319,"(25, 40, 66)",68.13208480408719
3320,"(12, 26, 43)",68.54858961928005
3321,"(28, 60, 64)",68.51734125389282
3322,"(21, 53, 59)",68.74612390385252
3323,"(1, 13, 21)",68.7063464280272
3324,"(12, 47, 52)",68.63155935933592
3325,"(8, 20, 40)",68.29076493491732
3326,"(3, 63, 64)",68.42967141500245
3327,"(17, 25, 31)",68.5302630718456
3328,"(25, 34, 72)",68.45741870976647
3329,"(8, 12, 42)",68.48859947192221
3330,"(14, 31, 70)",68.76246942873611
3331,"(38, 57, 68)",68.62128499474814
3332,"(35, 50, 63)",68.62341898641019
3333,"(33, 45, 66)",68.27436435559305
3334,"(28, 54, 67)",68.63788087961927
3335,"(6, 44, 60)",68.52828685384542
3336,"(52, 53, 55)",68.76434088833804
3337,"(30, 48, 59)",68.63309345296376
3338,"(19, 27, 34)",68.66318790297571
3339,"(19, 20, 27)",68.79203577773374
3340,"(9, 19, 56)",68.61250522905696
3341,"(28, 67, 71)",68.53485538025052
3342,"(38, 56, 58)",68.40992838578637
3343,"(2, 8, 45)",68.2438206644026
3344,"(1, 66, 68)",68.6541602093494
3345,"(16, 30, 56)",68.52781567974883
3346,"(16, 20, 58)",68.49892221565244
3347,"(16, 43, 65)",68.53851350408324
3348,"(1, 7, 74)",68.6159800605819
3349,"(3, 18, 70)",68.47015467307843
3350,"(18, 39, 49)",68.77505075270157
3351,"(3, 9, 44)",68.25431147670936
3352,"(4, 14, 49)",68.77782753208123
3353,"(7, 71, 74)",68.8071159838849
3354,"(19, 33, 58)",68.5562898461585
3355,"(14, 44, 63)",68.52720029041681
3356,"(38, 54, 70)",68.66393478486987
3357,"(14, 24, 50)",68.71012544689901
3358,"(1, 2, 30)",68.61017345259373
3359,"(24, 33, 49)",68.90257007703006
3360,"(15, 38, 63)",68.57886541905367
3361,"(22, 29, 65)",68.68024300991848
3362,"(20, 30, 68)",68.50306218599307
3363,"(9, 20, 63)",68.67850523260094
3364,"(8, 32, 36)",68.65904919909083
3365,"(22, 46, 52)",68.64791400743346
3366,"(24, 63, 70)",68.68740540662847
3367,"(14, 49, 60)",68.7266777692501
3368,"(32, 41, 58)",68.47665451831662
3369,"(14, 19, 32)",68.70631610477413
3370,"(22, 31, 61)",68.76581955238332
3371,"(23, 54, 65)",68.73342894901978
3372,"(21, 33, 42)",68.63065469313811
3373,"(15, 22, 53)",68.74793905779435
3374,"(15, 20, 44)",68.55192333534328
3375,"(1, 23, 47)",68.52400209787703
3376,"(14, 36, 70)",68.71811802724197
3377,"(7, 13, 68)",68.76347909515069
3378,"(15, 22, 28)",68.59658332075465
3379,"(2, 14, 67)",68.78377376461536
3380,"(26, 28, 73)",68.48968862633473
3381,"(52, 66, 67)",68.59299284518168
3382,"(25, 61, 66)",68.46638491486671
3383,"(24, 27, 42)",68.59088674591213
3384,"(13, 64, 66)",68.59598497984211
3385,"(35, 46, 49)",68.7916553519089
3386,"(9, 31, 53)",68.68797633681929
3387,"(34, 55, 62)",68.68454760084974
3388,"(13, 21, 38)",68.63413635711511
3389,"(9, 55, 57)",68.62986443875118
3390,"(25, 26, 67)",68.5088551798253
3391,"(38, 66, 67)",68.41312822619875
3392,"(18, 20, 74)",68.68386138376698
3393,"(6, 28, 43)",68.36829899678793
3394,"(26, 61, 74)",68.66103641311102
3395,"(2, 32, 63)",68.67840148438361
3396,"(23, 30, 73)",68.48687055300077
3397,"(28, 48, 71)",68.45268395490454
3398,"(12, 27, 47)",68.65752656893041
3399,"(8, 26, 65)",68.59214149298403
3400,"(11, 19, 59)",68.88127302862429
3401,"(11, 13, 72)",68.82831471671668
3402,"(47, 70, 71)",68.51237177528336
3403,"(11, 38, 63)",68.58105973831836
3404,"(4, 7, 71)",68.76136383217812
3405,"(29, 52, 58)",68.42871954101219
3406,"(16, 32, 38)",68.61950474982727
3407,"(6, 7, 61)",68.62885485886675
3408,"(2, 26, 73)",68.78083316696853
3409,"(26, 54, 70)",68.82178972161668
3410,"(0, 3, 15)",68.6232964090095
3411,"(31, 47, 52)",68.80117807409788
3412,"(18, 70, 72)",68.70058072100822
3413,"(13, 54, 55)",68.86227898768303
3414,"(6, 47, 53)",68.45122298248619
3415,"(11, 32, 49)",68.94083469957106
3416,"(12, 17, 57)",68.83097393868385
3417,"(4, 19, 51)",68.76511728379235
3418,"(6, 33, 41)",68.75331722600674
3419,"(6, 25, 59)",68.54460126493542
3420,"(2, 54, 70)",68.85922256820429
3421,"(6, 23, 40)",68.35344609164919
3422,"(5, 10, 58)",68.51194381640202
3423,"(12, 65, 71)",68.6537616564563
3424,"(12, 28, 65)",68.47673926596103
3425,"(0, 42, 62)",68.56219974380619
3426,"(13, 45, 69)",68.36986901452018
3427,"(10, 11, 26)",68.71995000248882
3428,"(13, 67, 69)",68.76898220777153
3429,"(1, 48, 67)",68.6406972796712
3430,"(19, 40, 64)",68.47133084024026
3431,"(13, 48, 53)",68.66826477897148
3432,"(9, 31, 32)",68.62756102847133
3433,"(2, 26, 46)",68.81446820499474
3434,"(14, 31, 55)",68.70601354166655
3435,"(1, 29, 73)",68.60086535189677
3436,"(47, 51, 59)",68.65359321642458
3437,"(5, 30, 58)",68.37060029508761
3438,"(32, 60, 71)",68.60556664145128
3439,"(22, 42, 56)",68.38375373946147
3440,"(53, 60, 72)",68.78860697275054
3441,"(25, 40, 42)",68.15396241901605
3442,"(10, 17, 61)",68.79102867322374
3443,"(2, 22, 71)",68.75308093969187
3444,"(43, 56, 67)",68.45746990723104
3445,"(22, 38, 58)",68.33483015741389
3446,"(31, 37, 68)",68.71256500326169
3447,"(35, 71, 74)",68.70130269044033
3448,"(27, 40, 73)",68.49576561885223
3449,"(5, 24, 37)",68.68609340987103
3450,"(0, 16, 64)",68.69842389853471
3451,"(7, 47, 48)",68.72713222779193
3452,"(19, 20, 26)",68.7004549403864
3453,"(29, 40, 69)",68.4445380977653
3454,"(11, 35, 43)",68.61297811826297
3455,"(29, 58, 70)",68.48439951447554
3456,"(6, 16, 65)",68.71184475863708
3457,"(23, 39, 45)",68.3620825689889
3458,"(31, 34, 37)",68.83389922293779
3459,"(16, 52, 71)",68.76952174590832
3460,"(2, 49, 74)",68.96848834324958
3461,"(56, 61, 74)",68.634083326713
3462,"(13, 24, 61)",68.77178145513687
3463,"(0, 23, 50)",68.69986290365489
3464,"(11, 43, 52)",68.54753386868249
3465,"(4, 22, 43)",68.5077950041181
3466,"(16, 45, 64)",68.33912654536165
3467,"(22, 24, 71)",68.65193415899617
3468,"(9, 29, 61)",68.65884354218943
3469,"(11, 45, 59)",68.36613336863333
3470,"(37, 49, 64)",68.89437413979473
3471,"(29, 60, 72)",68.76166126822271
3472,"(9, 10, 40)",68.3387812866739
3473,"(11, 43, 70)",68.61968419312667
3474,"(36, 51, 74)",68.80725912523647
3475,"(6, 32, 54)",68.62512001336415
3476,"(48, 62, 66)",68.64308051120058
3477,"(30, 33, 72)",68.60641770620344
3478,"(11, 14, 54)",68.75650877387442
3479,"(21, 58, 69)",68.50364878100994
3480,"(28, 59, 74)",68.52705742334189
3481,"(7, 70, 74)",68.78248515085018
3482,"(38, 62, 66)",68.47206705708976
3483,"(11, 17, 54)",68.85265901987255
3484,"(45, 47, 50)",68.18162429056544
3485,"(29, 49, 50)",68.83007856125897
3486,"(12, 21, 53)",68.72402515321258
3487,"(8, 9, 17)",68.73771600208423
3488,"(27, 55, 73)",68.7202731093101
3489,"(21, 50, 65)",68.60703191057212
3490,"(34, 48, 72)",68.64773057137464
3491,"(27, 62, 71)",68.62837515572961
3492,"(0, 3, 70)",68.5731776728763
3493,"(30, 48, 51)",68.6727358388157
3494,"(3, 19, 68)",68.45741859999983
3495,"(25, 34, 49)",68.63186334169211
3496,"(38, 49, 64)",68.67869265338464
3497,"(44, 49, 56)",68.59444932674509
3498,"(3, 32, 33)",68.44172919304337
3499,"(25, 41, 56)",68.51144848239683
3500,"(23, 35, 49)",68.64896838005613
3501,"(17, 20, 36)",68.70680462798681
3502,"(17, 22, 24)",68.735649623714
3503,"(9, 12, 65)",68.59515271800723
3504,"(8, 48, 72)",68.55905295192977
3505,"(34, 52, 61)",68.71284291886238
3506,"(34, 59, 61)",68.60909344843921
3507,"(45, 48, 55)",68.36597996695491
3508,"(5, 55, 56)",68.75528005022346
3509,"(1, 7, 17)",68.57538612690762
3510,"(10, 36, 65)",68.6794339747415
3511,"(1, 5, 9)",68.66410872595934
3512,"(3, 60, 67)",68.42082190569015
3513,"(22, 55, 64)",68.70965381797262
3514,"(25, 34, 44)",68.27430270974327
3515,"(14, 25, 59)",68.5540612340148
3516,"(8, 14, 18)",68.67679601652547
3517,"(10, 51, 67)",68.72888024831713
3518,"(46, 48, 69)",68.59985448603811
3519,"(7, 41, 63)",68.76018389183784
3520,"(12, 30, 71)",68.53514399466106
3521,"(4, 8, 41)",68.69476645109846
3522,"(5, 9, 59)",68.59147902404652
3523,"(35, 55, 72)",68.60557832977673
3524,"(0, 23, 53)",68.70806434187143
3525,"(54, 58, 72)",68.53347771365765
3526,"(1, 10, 49)",68.77230383326656
3527,"(24, 63, 74)",68.71442623708792
3528,"(14, 16, 73)",68.6638426656083
3529,"(13, 27, 28)",68.57853672923746
3530,"(8, 27, 46)",68.67234462344658
3531,"(37, 41, 56)",68.59044734666033
3532,"(17, 48, 66)",68.7380093099213
3533,"(5, 7, 11)",68.78206861831313
3534,"(29, 64, 73)",68.68763205289152
3535,"(17, 50, 73)",68.67275658589158
3536,"(22, 30, 66)",68.51443282388121
3537,"(29, 62, 66)",68.67487204233593
3538,"(8, 43, 51)",68.52196622645776
3539,"(27, 68, 70)",68.73891402227699
3540,"(4, 10, 56)",68.712549585928
3541,"(0, 50, 51)",68.73295279518061
3542,"(14, 58, 67)",68.47745470017473
3543,"(47, 56, 69)",68.48085785298024
3544,"(0, 13, 63)",68.76271658552984
3545,"(5, 16, 45)",68.40382708955508
3546,"(21, 33, 69)",68.67088664061261
3547,"(0, 21, 69)",68.63735628738097
3548,"(20, 29, 60)",68.7088109282001
3549,"(21, 32, 68)",68.68556579315423
3550,"(36, 42, 50)",68.52166954112062
3551,"(21, 28, 38)",68.44292739216183
3552,"(20, 28, 49)",68.67062828245855
3553,"(42, 58, 62)",68.37613384276938
3554,"(19, 72, 73)",68.66951634395078
3555,"(40, 43, 56)",68.31541829697673
3556,"(22, 31, 54)",68.73950786316026
3557,"(29, 40, 57)",68.59390560835506
3558,"(24, 44, 58)",68.44501084224665
3559,"(8, 45, 66)",68.22978736070958
3560,"(9, 28, 57)",68.57342973183137
3561,"(12, 69, 74)",68.77958316863263
3562,"(23, 25, 31)",68.3180216453703
3563,"(20, 29, 65)",68.68638353584787
3564,"(9, 35, 64)",68.57333540476222
3565,"(9, 43, 66)",68.4973855987742
3566,"(25, 28, 33)",68.48132453617283
3567,"(37, 56, 67)",68.60792894663528
3568,"(18, 40, 66)",68.45313656025314
3569,"(8, 35, 51)",68.53716051041563
3570,"(12, 14, 52)",68.6696303274333
3571,"(6, 22, 43)",68.5743075109298
3572,"(1, 56, 66)",68.62532966580311
3573,"(13, 49, 71)",68.84035444156471
3574,"(23, 55, 61)",68.74639540115994
3575,"(17, 29, 45)",68.39185785785914
3576,"(7, 19, 73)",68.69488372311913
3577,"(7, 8, 41)",68.7671299308512
3578,"(14, 15, 74)",68.71540429294727
3579,"(3, 14, 53)",68.48298968029265
3580,"(20, 28, 52)",68.62543833581046
3581,"(12, 56, 74)",68.71341861681188
3582,"(38, 46, 55)",68.51808078429812
3583,"(30, 43, 70)",68.41518575457984
3584,"(19, 30, 50)",68.5401820639682
3585,"(46, 69, 70)",68.64468084973441
3586,"(11, 31, 69)",68.72646332932653
3587,"(52, 61, 72)",68.67819520026252
3588,"(22, 34, 51)",68.6521688466289
3589,"(11, 39, 54)",68.82457180251514
3590,"(47, 57, 70)",68.6551152916234
3591,"(0, 27, 51)",68.7639795754529
3592,"(24, 25, 66)",68.46442920948891
3593,"(28, 36, 56)",68.47730233913717
3594,"(18, 56, 68)",68.69668384034838
3595,"(0, 28, 49)",68.69984732405176
3596,"(8, 45, 70)",68.27939727992505
3597,"(34, 43, 48)",68.48983085387361
3598,"(5, 57, 60)",68.81931135256455
3599,"(26, 28, 74)",68.54246870154131
3600,"(18, 30, 56)",68.45815523626004
3601,"(9, 12, 67)",68.65758299296114
3602,"(3, 25, 60)",68.45306536390356
3603,"(35, 61, 62)",68.6728636701795
3604,"(18, 41, 57)",68.79765144585728
3605,"(1, 32, 73)",68.5681815989716
3606,"(21, 53, 62)",68.68904336388263
3607,"(24, 32, 54)",68.68533194328278
3608,"(31, 39, 67)",68.7128803515884
3609,"(35, 57, 74)",68.71323683482731
3610,"(5, 34, 39)",68.68044328435975
3611,"(11, 34, 38)",68.63164385708858
3612,"(7, 36, 63)",68.77381511245532
3613,"(2, 30, 71)",68.51428128575522
3614,"(38, 51, 68)",68.6103327251382
3615,"(7, 19, 55)",68.81493089425196
3616,"(18, 48, 68)",68.7334625822699
3617,"(5, 22, 27)",68.68209529891979
3618,"(7, 28, 40)",68.29349922257181
3619,"(36, 44, 48)",68.5683308137477
3620,"(1, 16, 58)",68.48488650565218
3621,"(16, 45, 47)",68.11678891735252
3622,"(14, 19, 73)",68.73059353732872
3623,"(12, 15, 16)",68.82895123162443
3624,"(61, 69, 74)",68.76296935969319
3625,"(24, 32, 41)",68.66276788005644
3626,"(0, 7, 16)",68.75030588147786
3627,"(0, 48, 56)",68.65917815138872
3628,"(22, 32, 69)",68.58608900320621
3629,"(8, 37, 50)",68.58278562593168
3630,"(10, 18, 54)",68.8165359986657
3631,"(2, 4, 69)",68.79427033528451
3632,"(22, 29, 69)",68.7641418700712
3633,"(36, 37, 58)",68.45829129021573
3634,"(3, 26, 61)",68.48515969690105
3635,"(32, 37, 47)",68.64263211664513
3636,"(21, 49, 53)",68.74902215684703
3637,"(5, 36, 58)",68.51761694422913
3638,"(17, 44, 59)",68.54500233645466
3639,"(32, 62, 66)",68.52980030083206
3640,"(16, 36, 65)",68.66253529280289
3641,"(18, 27, 52)",68.77897869558987
3642,"(27, 48, 50)",68.67400502299118
3643,"(14, 30, 37)",68.6244196370429
3644,"(17, 51, 68)",68.81602693404353
3645,"(24, 33, 50)",68.7287785891204
3646,"(14, 32, 49)",68.90874404887629
3647,"(6, 12, 68)",68.62896715258354
3648,"(9, 21, 33)",68.62223807323696
3649,"(4, 22, 34)",68.6283460368556
3650,"(48, 55, 58)",68.52000338059027
3651,"(58, 66, 71)",68.40515873814952
3652,"(42, 47, 73)",68.47204408999633
3653,"(40, 43, 57)",68.34114940769565
3654,"(42, 59, 69)",68.61962075620409
3655,"(6, 31, 60)",68.61285025205892
3656,"(39, 58, 70)",68.50237047931549
3657,"(13, 17, 33)",68.80678175984188
3658,"(29, 33, 58)",68.50166427592772
3659,"(5, 16, 23)",68.72164501920942
3660,"(34, 51, 59)",68.79936037646857
3661,"(36, 45, 65)",68.41156831810366
3662,"(5, 40, 67)",68.49364212763659
3663,"(26, 51, 66)",68.63687739481182
3664,"(20, 34, 56)",68.5293832264887
3665,"(5, 50, 58)",68.46209347459279
3666,"(11, 25, 33)",68.52322724295816
3667,"(3, 33, 73)",68.42314945558932
3668,"(12, 50, 66)",68.64842973125091
3669,"(0, 29, 71)",68.7203649815869
3670,"(6, 44, 47)",68.36799215181755
3671,"(31, 59, 60)",68.72839889850115
3672,"(0, 14, 17)",68.7258533628718
3673,"(15, 22, 38)",68.51848738412872
3674,"(18, 62, 63)",68.62197351666678
3675,"(9, 28, 73)",68.5182241949055
3676,"(23, 42, 55)",68.6966268049829
3677,"(11, 23, 67)",68.80540228022191
3678,"(25, 28, 65)",68.51048352430657
3679,"(21, 53, 68)",68.6857206230828
3680,"(19, 27, 69)",68.82587152386441
3681,"(18, 26, 29)",68.59120044875637
3682,"(12, 36, 70)",68.68968655566636
3683,"(1, 33, 52)",68.6454373118028
3684,"(4, 5, 43)",68.57992504303192
3685,"(1, 34, 35)",68.64508578678401
3686,"(13, 29, 65)",68.81030665818993
3687,"(29, 47, 55)",68.63311762614588
3688,"(1, 41, 51)",68.69857262426684
3689,"(24, 27, 37)",68.74679985640941
3690,"(26, 28, 55)",68.57623782293163
3691,"(15, 22, 33)",68.76158082524093
3692,"(23, 28, 46)",68.58080912790456
3693,"(38, 40, 44)",68.06849230922734
3694,"(26, 30, 52)",68.7972433015223
3695,"(1, 39, 67)",68.65040057674292
3696,"(5, 23, 64)",68.71105005788172
3697,"(26, 40, 44)",68.32179623573656
3698,"(34, 41, 48)",68.71926583762568
3699,"(30, 46, 72)",68.47566947001945
3700,"(27, 53, 71)",68.72761263099125
3701,"(20, 49, 65)",68.68546890896359
3702,"(35, 63, 71)",68.66568751280779
3703,"(2, 46, 50)",68.72094275300229
3704,"(11, 45, 73)",68.35192765434662
3705,"(7, 8, 69)",68.77064299178299
3706,"(36, 48, 59)",68.77225108207601
3707,"(12, 20, 21)",68.69183831007186
3708,"(33, 43, 52)",68.67123878817594
3709,"(37, 38, 44)",68.4482235211217
3710,"(33, 35, 65)",68.6686519412509
3711,"(2, 4, 64)",68.70547427349479
3712,"(25, 30, 70)",68.34309019140207
3713,"(33, 53, 71)",68.68665028745654
3714,"(13, 20, 54)",68.88426160688012
3715,"(29, 33, 72)",68.74347394252352
3716,"(19, 46, 61)",68.73408241690834
3717,"(31, 35, 62)",68.64009142646049
3718,"(16, 53, 56)",68.61808142913033
3719,"(3, 35, 39)",68.40931482845704
3720,"(0, 3, 72)",68.54264877994095
3721,"(16, 39, 42)",68.54160110165492
3722,"(10, 31, 65)",68.75217511797257
3723,"(11, 38, 46)",68.68893116852199
3724,"(3, 41, 58)",68.33403238825704
3725,"(14, 25, 55)",68.5576169991933
3726,"(18, 46, 71)",68.60261466433394
3727,"(16, 30, 60)",68.54495409582772
3728,"(56, 68, 71)",68.64583588439582
3729,"(24, 34, 37)",68.611749268851
3730,"(3, 15, 65)",68.4964066719118
3731,"(21, 64, 66)",68.62815634490106
3732,"(34, 40, 74)",68.52446083499429
3733,"(6, 19, 36)",68.70843391679945
3734,"(9, 18, 51)",68.67310410155784
3735,"(49, 65, 74)",68.76512344188544
3736,"(0, 54, 65)",68.71829179060956
3737,"(21, 33, 46)",68.66651381868341
3738,"(13, 38, 67)",68.66548608668955
3739,"(5, 27, 59)",68.71037185001924
3740,"(19, 40, 57)",68.65206705024154
3741,"(33, 49, 74)",68.89284921431896
3742,"(4, 58, 71)",68.50957692851028
3743,"(3, 14, 32)",68.47285513468047
3744,"(33, 49, 71)",68.78671128690874
3745,"(0, 13, 41)",68.64264022080752
3746,"(3, 5, 26)",68.49587959779299
3747,"(39, 66, 72)",68.62321737067926
3748,"(6, 56, 72)",68.47118625869825
3749,"(13, 32, 63)",68.63128169805915
3750,"(14, 35, 49)",68.80497988535024
3751,"(7, 53, 67)",68.8041334124043
3752,"(9, 30, 55)",68.60413146411574
3753,"(32, 41, 48)",68.60501828129651
3754,"(17, 49, 61)",68.97946858904638
3755,"(23, 36, 57)",68.80818476352582
3756,"(22, 30, 73)",68.52639892708355
3757,"(20, 57, 58)",68.51283544053193
3758,"(29, 67, 69)",68.73991424803594
3759,"(13, 15, 61)",68.82232246877031
3760,"(46, 63, 71)",68.61821558076123
3761,"(0, 50, 66)",68.72221272999013
3762,"(4, 22, 60)",68.73975624934229
3763,"(14, 26, 60)",68.72131104482847
3764,"(9, 41, 46)",68.55225764758671
3765,"(21, 44, 47)",68.47947161670696
3766,"(1, 14, 27)",68.66009899773691
3767,"(19, 33, 52)",68.750664480446
3768,"(1, 9, 39)",68.64102973839029
3769,"(10, 40, 52)",68.53292268295516
3770,"(25, 46, 47)",68.36916061207894
3771,"(42, 48, 68)",68.54905047501568
3772,"(19, 39, 53)",68.72245655487419
3773,"(29, 42, 46)",68.5610396978117
3774,"(33, 35, 74)",68.71273197692548
3775,"(3, 45, 63)",68.26337961782734
3776,"(35, 49, 58)",68.54214101403454
3777,"(4, 17, 34)",68.74834112541988
3778,"(54, 61, 66)",68.74447032002085
3779,"(5, 41, 52)",68.6490589184037
3780,"(20, 46, 74)",68.63673543895135
3781,"(51, 55, 57)",68.83203498056253
3782,"(2, 34, 58)",68.50942035783876
3783,"(22, 24, 44)",68.54504180358683
3784,"(12, 38, 74)",68.66238252772051
3785,"(33, 39, 66)",68.61414012613778
3786,"(4, 16, 57)",68.80740998609478
3787,"(14, 38, 41)",68.58975454087005
3788,"(13, 31, 51)",68.76187229520087
3789,"(43, 49, 65)",68.56585468291858
3790,"(5, 10, 57)",68.77505492158338
3791,"(41, 44, 71)",68.40765264423604
3792,"(52, 64, 71)",68.69263712614482
3793,"(14, 20, 39)",68.71403429608739
3794,"(20, 57, 61)",68.77863119648248
3795,"(4, 12, 55)",68.73428388029292
3796,"(0, 7, 58)",68.53649735951286
3797,"(13, 20, 47)",68.73998624643082
3798,"(31, 42, 56)",68.53207644093852
3799,"(18, 24, 42)",68.59090946036773
3800,"(8, 19, 24)",68.65104446006048
3801,"(22, 25, 35)",68.52991983265554
3802,"(20, 42, 45)",68.27731157939711
3803,"(31, 34, 45)",68.33166681539524
3804,"(18, 39, 54)",68.75006053509702
3805,"(48, 67, 73)",68.6105082105161
3806,"(11, 15, 73)",68.66877728805588
3807,"(26, 43, 57)",68.56248882036307
3808,"(9, 42, 54)",68.66055457519545
3809,"(65, 66, 68)",68.65524503747042
3810,"(12, 15, 56)",68.71584364287472
3811,"(14, 23, 25)",68.470375419639
3812,"(19, 38, 57)",68.68976359873106
3813,"(28, 33, 50)",68.63713856795431
3814,"(1, 5, 22)",68.69475688195507
3815,"(57, 60, 66)",68.73208264126356
3816,"(10, 40, 73)",68.48195588769669
3817,"(36, 43, 65)",68.56418313329199
3818,"(31, 36, 61)",68.72214652648472
3819,"(16, 29, 52)",68.77625324932892
3820,"(37, 62, 67)",68.72040967365758
3821,"(0, 5, 48)",68.72257477497944
3822,"(46, 50, 59)",68.57679354114961
3823,"(8, 35, 60)",68.68048581513297
3824,"(16, 48, 67)",68.73162154247618
3825,"(1, 63, 66)",68.62268869535706
3826,"(7, 29, 73)",68.7187123897153
3827,"(5, 28, 43)",68.43389710022117
3828,"(42, 51, 73)",68.4633959595309
3829,"(36, 64, 68)",68.78818778760335
3830,"(24, 25, 55)",68.55565348522872
3831,"(28, 36, 70)",68.50388100552902
3832,"(11, 18, 52)",68.73427899953015
3833,"(44, 73, 74)",68.42408576527868
3834,"(3, 5, 35)",68.4642603093619
3835,"(37, 46, 54)",68.72708545311681
3836,"(35, 62, 64)",68.58476763497404
3837,"(3, 23, 49)",68.55868995437135
3838,"(0, 4, 16)",68.67393858157722
3839,"(51, 68, 74)",68.78245073651084
3840,"(2, 24, 28)",68.72924467140315
3841,"(11, 17, 62)",68.6852331254219
3842,"(6, 16, 27)",68.66468559304901
3843,"(37, 60, 62)",68.76648324451901
3844,"(32, 41, 68)",68.67954516339918
3845,"(3, 10, 33)",68.49248619411837
3846,"(1, 34, 60)",68.67836829143795
3847,"(1, 28, 54)",68.52641893046251
3848,"(38, 42, 65)",68.59255753295639
3849,"(12, 57, 67)",68.75607432824421
3850,"(6, 8, 42)",68.47262332160791
3851,"(21, 40, 63)",68.46805689744195
3852,"(10, 11, 50)",68.70612674771739
3853,"(1, 45, 59)",68.04927460170158
3854,"(4, 10, 48)",68.75627261516033
3855,"(3, 7, 25)",68.40590848556378
3856,"(25, 30, 34)",68.3047797037854
3857,"(15, 22, 68)",68.71458509490371
3858,"(18, 30, 40)",68.31152734946693
3859,"(5, 12, 22)",68.72806735280282
3860,"(19, 26, 69)",68.75914157310434
3861,"(33, 39, 72)",68.65038724301596
3862,"(25, 53, 55)",68.5006969287382
3863,"(41, 45, 54)",68.41939648131655
3864,"(11, 26, 42)",68.6205322529562
3865,"(24, 48, 65)",68.66881829160675
3866,"(34, 39, 45)",68.2515052315532
3867,"(44, 49, 62)",68.63402117711928
3868,"(14, 21, 70)",68.73647583842312
3869,"(10, 16, 44)",68.58414074735148
3870,"(34, 40, 53)",68.50481783452057
3871,"(4, 36, 52)",68.66139617456739
3872,"(13, 44, 64)",68.56716784786478
3873,"(43, 68, 71)",68.50366978757198
3874,"(16, 26, 41)",68.73278605269888
3875,"(1, 13, 46)",68.6385212336931
3876,"(7, 18, 71)",68.74063323815184
3877,"(3, 38, 69)",68.3084020706909
3878,"(29, 52, 61)",68.69820631319234
3879,"(16, 47, 72)",68.61437293098882
3880,"(11, 14, 65)",68.6640535340152
3881,"(23, 26, 56)",68.6520135383262
3882,"(29, 41, 60)",68.79101527101778
3883,"(13, 27, 64)",68.77829144342417
3884,"(35, 39, 47)",68.58285241581012
3885,"(7, 20, 62)",68.7508880750914
3886,"(11, 21, 53)",68.7184463638479
3887,"(15, 51, 60)",68.83734893688113
3888,"(5, 58, 61)",68.47489044319056
3889,"(16, 40, 60)",68.50100396428984
3890,"(17, 19, 39)",68.8083108513763
3891,"(14, 26, 38)",68.56530548034347
3892,"(27, 34, 47)",68.59385868111222
3893,"(15, 28, 62)",68.51176697396784
3894,"(22, 43, 72)",68.52513527442116
3895,"(20, 39, 47)",68.5105623293912
3896,"(0, 16, 72)",68.68384411373684
3897,"(5, 12, 15)",68.75713554923871
3898,"(40, 64, 69)",68.3959910493017
3899,"(25, 35, 72)",68.43105051959022
3900,"(19, 38, 40)",68.47586154331378
3901,"(10, 37, 47)",68.59109043119578
3902,"(26, 32, 58)",68.4749043515807
3903,"(17, 53, 61)",68.67780068580642
3904,"(2, 58, 71)",68.56700237570634
3905,"(27, 42, 44)",68.46098972914346
3906,"(31, 37, 64)",68.74500714588459
3907,"(27, 42, 49)",68.66398489477832
3908,"(35, 58, 62)",68.47192844817164
3909,"(14, 57, 71)",68.72742750252783
3910,"(8, 62, 70)",68.73375845155385
3911,"(20, 22, 66)",68.6303242018204
3912,"(8, 33, 45)",68.30265820228267
3913,"(2, 52, 56)",68.63051611140132
3914,"(17, 43, 69)",68.61181622961097
3915,"(17, 29, 56)",68.69717673728483
3916,"(5, 46, 56)",68.61399803653457
3917,"(1, 8, 70)",68.53540668881328
3918,"(14, 38, 63)",68.58988867966704
3919,"(25, 57, 74)",68.56418920020965
3920,"(29, 34, 70)",68.68479222151318
3921,"(18, 52, 54)",68.78388898751429
3922,"(11, 32, 46)",68.71458671126489
3923,"(7, 31, 36)",68.79312810081798
3924,"(12, 57, 58)",68.60779587336648
3925,"(9, 27, 55)",68.71905932613022
3926,"(14, 63, 72)",68.75820398553128
3927,"(2, 36, 67)",68.76125772362
3928,"(32, 41, 47)",68.69170973914693
3929,"(29, 37, 53)",68.73991964694058
3930,"(4, 6, 24)",68.69602326194236
3931,"(25, 41, 62)",68.56565298397594
3932,"(20, 21, 48)",68.77666187528733
3933,"(11, 39, 60)",68.7557607390732
3934,"(16, 26, 47)",68.77502809839507
3935,"(10, 54, 58)",68.65574601561488
3936,"(41, 47, 70)",68.57648500045282
3937,"(57, 66, 71)",68.63266442160014
3938,"(12, 18, 59)",68.71435851040134
3939,"(8, 44, 45)",68.12630084929474
3940,"(14, 48, 62)",68.6586804211346
3941,"(2, 49, 65)",68.85580261387733
3942,"(25, 33, 41)",68.46719229427359
3943,"(4, 11, 47)",68.69884413277443
3944,"(39, 53, 61)",68.74862923863775
3945,"(30, 33, 66)",68.54039577312803
3946,"(32, 54, 66)",68.71319831242333
3947,"(15, 42, 67)",68.53369322576131
3948,"(27, 39, 71)",68.67859034412615
3949,"(57, 59, 61)",68.76700496898557
3950,"(3, 20, 61)",68.43336049423752
3951,"(7, 30, 70)",68.58999430466905
3952,"(5, 59, 64)",68.77677188355662
3953,"(34, 44, 71)",68.4789275021959
3954,"(13, 20, 50)",68.72897998337201
3955,"(34, 54, 67)",68.69983838854304
3956,"(0, 3, 63)",68.53749064982907
3957,"(25, 53, 59)",68.5363772522038
3958,"(22, 43, 66)",68.48189523548959
3959,"(18, 53, 66)",68.69742876491658
3960,"(1, 50, 52)",68.6828746423593
3961,"(48, 53, 72)",68.71880694274509
3962,"(31, 64, 71)",68.72678706958453
3963,"(34, 67, 74)",68.66815693959038
3964,"(5, 51, 58)",68.55874805042738
3965,"(29, 42, 45)",68.29258199510913
3966,"(40, 55, 72)",68.50029536086993
3967,"(2, 3, 43)",68.43013738847054
3968,"(35, 57, 71)",68.6726475385782
3969,"(16, 29, 42)",68.62649133086344
3970,"(44, 52, 68)",68.4908434689485
3971,"(23, 25, 38)",68.24502505863471
3972,"(17, 54, 64)",68.75191946056842
3973,"(29, 42, 70)",68.63231134397252
3974,"(22, 63, 68)",68.7800554769885
3975,"(19, 32, 74)",68.79216821141749
3976,"(43, 69, 73)",68.42020257206529
3977,"(13, 42, 43)",68.40475148535185
3978,"(8, 35, 43)",68.51538527653274
3979,"(8, 43, 71)",68.50242686691661
3980,"(18, 50, 72)",68.6607409481329
3981,"(48, 67, 71)",68.73876403878782
3982,"(29, 49, 57)",68.90856008313698
3983,"(26, 34, 52)",68.64795664537206
3984,"(2, 6, 54)",68.75802961810675
3985,"(4, 11, 73)",68.7131076646012
3986,"(4, 48, 55)",68.76153719038898
3987,"(25, 43, 55)",68.39372942859053
3988,"(13, 15, 41)",68.683645449395
3989,"(15, 49, 56)",68.78420954669731
3990,"(10, 14, 67)",68.76029022011727
3991,"(29, 38, 63)",68.50704540373155
3992,"(13, 15, 18)",68.80937397755254
3993,"(5, 27, 53)",68.69518656566034
3994,"(24, 31, 67)",68.71029824652281
3995,"(12, 24, 74)",68.73234640018218
3996,"(1, 55, 61)",68.67776432343328
3997,"(5, 27, 34)",68.75682112678655
3998,"(1, 12, 37)",68.69283199458364
3999,"(0, 5, 43)",68.61468406793388
4000,"(3, 31, 62)",68.49488563907144
4001,"(18, 30, 36)",68.66364749342115
4002,"(20, 29, 64)",68.70944538353008
4003,"(45, 49, 51)",68.39015785758276
4004,"(0, 58, 71)",68.56578059137651
4005,"(23, 27, 43)",68.64028360099485
4006,"(11, 43, 57)",68.59520065090307
4007,"(14, 63, 73)",68.65626543011378
4008,"(33, 40, 49)",68.66793181885569
4009,"(6, 15, 16)",68.72860264477742
4010,"(9, 15, 47)",68.62308988419696
4011,"(21, 24, 72)",68.75473262281874
4012,"(16, 26, 66)",68.69009540657974
4013,"(29, 51, 52)",68.744761882254
4014,"(5, 36, 63)",68.6985339784961
4015,"(15, 24, 71)",68.68286261578245
4016,"(10, 17, 49)",68.89329772957565
4017,"(4, 18, 28)",68.64601664423992
4018,"(18, 38, 54)",68.5806093338797
4019,"(41, 46, 55)",68.73219686552814
4020,"(49, 51, 55)",68.68148239633298
4021,"(12, 56, 69)",68.67835067309022
4022,"(1, 10, 68)",68.67271435513952
4023,"(27, 36, 71)",68.79494358791878
4024,"(4, 14, 30)",68.6103439578606
4025,"(14, 30, 50)",68.54572179343027
4026,"(13, 14, 68)",68.73780605141967
4027,"(3, 38, 62)",68.26841275865941
4028,"(4, 7, 36)",68.6645405589028
4029,"(36, 68, 72)",68.79894358889716
4030,"(25, 36, 67)",68.51197274972887
4031,"(0, 29, 30)",68.65940072186879
4032,"(38, 43, 47)",68.31473517364296
4033,"(2, 25, 54)",68.6856146068362
4034,"(0, 27, 63)",68.79190037255786
4035,"(46, 54, 66)",68.66844032238794
4036,"(59, 60, 69)",68.7711435424028
4037,"(23, 36, 48)",68.81274025873249
4038,"(13, 34, 39)",68.69138893322864
4039,"(21, 54, 56)",68.70714440565078
4040,"(32, 34, 60)",68.76491636159459
4041,"(26, 41, 65)",68.6986057886877
4042,"(10, 19, 27)",68.78138482401467
4043,"(9, 36, 67)",68.60161935936834
4044,"(7, 13, 73)",68.71674631473657
4045,"(7, 14, 15)",68.76552914634627
4046,"(23, 28, 42)",68.60609850886418
4047,"(5, 52, 60)",68.78216889154551
4048,"(3, 65, 71)",68.48386986532404
4049,"(1, 23, 53)",68.68149391462276
4050,"(7, 29, 60)",68.83438765023561
4051,"(46, 53, 57)",68.71719046186655
4052,"(21, 49, 60)",68.7899843901509
4053,"(40, 51, 57)",68.52548011345225
4054,"(14, 55, 61)",68.68920312201962
4055,"(20, 32, 67)",68.72777229956559
4056,"(53, 61, 67)",68.77212222842067
4057,"(4, 48, 53)",68.7755841634937
4058,"(31, 38, 66)",68.54061368462139
4059,"(48, 63, 66)",68.59801170554515
4060,"(4, 8, 38)",68.50225507245781
4061,"(11, 27, 50)",68.75584700665078
4062,"(0, 13, 61)",68.73849793661275
4063,"(16, 20, 61)",68.74828563420108
4064,"(0, 42, 45)",68.31676047498053
4065,"(8, 16, 57)",68.72052466052129
4066,"(10, 38, 66)",68.53081604320776
4067,"(38, 52, 64)",68.70942894769878
4068,"(41, 50, 54)",68.73258647505558
4069,"(1, 9, 19)",68.60732985509527
4070,"(55, 59, 68)",68.66904278807495
4071,"(23, 42, 44)",68.40783236053637
4072,"(44, 58, 67)",68.35016276331882
4073,"(8, 23, 24)",68.6872272191195
4074,"(25, 28, 61)",68.52549150779387
4075,"(4, 35, 69)",68.70272750964365
4076,"(54, 55, 72)",68.62575758623134
4077,"(9, 24, 41)",68.6625401231051
4078,"(37, 72, 73)",68.7573155498962
4079,"(57, 61, 65)",68.77652313169105
4080,"(11, 48, 60)",68.83253115612986
4081,"(25, 28, 30)",68.32240605202486
4082,"(40, 41, 68)",68.3531152411474
4083,"(5, 13, 49)",68.77456671997295
4084,"(16, 21, 49)",68.7744583209741
4085,"(20, 23, 67)",68.73128569800795
4086,"(19, 31, 45)",68.41294225752273
4087,"(13, 36, 63)",68.69838165778471
4088,"(48, 52, 65)",68.70938318090477
4089,"(11, 45, 70)",68.41530851758786
4090,"(55, 69, 71)",68.68213458176928
4091,"(0, 39, 73)",68.6361690679468
4092,"(13, 23, 40)",68.56216948098547
4093,"(23, 50, 70)",68.67879759814353
4094,"(7, 10, 31)",68.8264884928455
4095,"(49, 65, 68)",68.8596874630202
4096,"(5, 6, 45)",68.25992013335582
4097,"(1, 42, 70)",68.63816602034139
4098,"(6, 7, 45)",68.24572734593688
4099,"(27, 52, 65)",68.72955178969926
4100,"(11, 31, 58)",68.47787984976233
4101,"(17, 23, 65)",68.75446433282796
4102,"(9, 35, 39)",68.59891811068178
4103,"(20, 57, 70)",68.74323376952958
4104,"(17, 51, 62)",68.76719687301538
4105,"(4, 64, 71)",68.61420876481871
4106,"(27, 63, 70)",68.78501383302329
4107,"(18, 62, 66)",68.67466763096157
4108,"(2, 28, 45)",68.26300435291175
4109,"(4, 9, 21)",68.69050508898412
4110,"(57, 67, 71)",68.76184859157888
4111,"(15, 28, 50)",68.58422551259967
4112,"(21, 64, 70)",68.69016195580028
4113,"(46, 57, 65)",68.72037071092637
4114,"(9, 38, 69)",68.60088353352666
4115,"(63, 70, 74)",68.77846015358622
4116,"(30, 65, 71)",68.42104256749558
4117,"(0, 27, 54)",68.78674394339208
4118,"(2, 49, 56)",68.82352496886845
4119,"(13, 25, 33)",68.58039725404687
4120,"(6, 10, 14)",68.63185621940082
4121,"(45, 47, 53)",68.13710584724855
4122,"(18, 36, 64)",68.74790218330153
4123,"(54, 65, 69)",68.71004001767773
4124,"(14, 35, 62)",68.62931670757926
4125,"(5, 37, 54)",68.73819194891958
4126,"(1, 21, 57)",68.77616704405783
4127,"(9, 24, 26)",68.62514982574248
4128,"(4, 45, 56)",68.28581178280251
4129,"(18, 24, 45)",68.3075451952842
4130,"(7, 63, 64)",68.67028798417743
4131,"(25, 46, 66)",68.41652573173984
4132,"(4, 31, 74)",68.70215409270725
4133,"(10, 23, 54)",68.80234483020425
4134,"(43, 49, 68)",68.56194461762932
4135,"(14, 59, 65)",68.70718770263665
4136,"(32, 63, 74)",68.76184760490443
4137,"(22, 29, 46)",68.64205662985485
4138,"(21, 30, 61)",68.53962963196501
4139,"(38, 40, 50)",68.28939915046865
4140,"(23, 49, 73)",68.8893858617056
4141,"(4, 12, 35)",68.6692415410662
4142,"(10, 31, 60)",68.77707316590637
4143,"(1, 10, 34)",68.68096702135479
4144,"(30, 43, 52)",68.42933007902204
4145,"(28, 39, 71)",68.496124137842
4146,"(1, 37, 50)",68.67816691745317
4147,"(27, 35, 38)",68.54762554396929
4148,"(2, 21, 46)",68.74387313195547
4149,"(8, 54, 72)",68.65925331874143
4150,"(25, 35, 41)",68.4904244147497
4151,"(14, 15, 25)",68.56660716505499
4152,"(13, 45, 68)",68.30797412455806
4153,"(19, 36, 45)",68.46661959070254
4154,"(15, 19, 74)",68.79222411760625
4155,"(33, 37, 62)",68.61056627847432
4156,"(17, 25, 36)",68.58313772361593
4157,"(0, 9, 66)",68.7458215809848
4158,"(11, 29, 44)",68.53517305142832
4159,"(37, 51, 67)",68.75308864180444
4160,"(19, 21, 60)",68.8247881159197
4161,"(10, 43, 74)",68.6354284505683
4162,"(23, 46, 50)",68.63161249825286
4163,"(5, 46, 58)",68.50332403680032
4164,"(20, 58, 61)",68.49371508882055
4165,"(11, 55, 66)",68.67743063444432
4166,"(7, 17, 18)",68.7727798301749
4167,"(7, 17, 62)",68.68478632187501
4168,"(23, 60, 61)",68.80247034543066
4169,"(37, 42, 56)",68.46885699275911
4170,"(2, 15, 42)",68.6746995866518
4171,"(26, 30, 46)",68.68747721855236
4172,"(21, 39, 64)",68.73725709380992
4173,"(22, 34, 38)",68.52385113379042
4174,"(6, 45, 74)",68.36151418386974
4175,"(27, 47, 73)",68.43034280351594
4176,"(7, 23, 33)",68.78124169253029
4177,"(3, 9, 26)",68.55889233093275
4178,"(29, 47, 64)",68.55701019589257
4179,"(4, 13, 20)",68.80323134503519
4180,"(4, 33, 68)",68.78107082991087
4181,"(3, 66, 73)",68.3725627408158
4182,"(6, 7, 54)",68.60037255871153
4183,"(27, 38, 52)",68.61426488358924
4184,"(41, 58, 74)",68.55685184168615
4185,"(14, 16, 61)",68.7719367014188
4186,"(32, 66, 73)",68.5317457994411
4187,"(6, 41, 56)",68.54273194448113
4188,"(2, 19, 70)",68.81436048937195
4189,"(23, 72, 73)",68.64268749531925
4190,"(1, 10, 11)",68.65767911788397
4191,"(17, 41, 57)",68.84159449260456
4192,"(10, 61, 69)",68.77372800143593
4193,"(23, 37, 44)",68.60339905918161
4194,"(2, 32, 69)",68.71016494319316
4195,"(12, 28, 29)",68.52963238480115
4196,"(2, 18, 64)",68.76160023020313
4197,"(10, 21, 53)",68.74669062024576
4198,"(0, 6, 11)",68.61093962429737
4199,"(4, 47, 71)",68.57979139876471
4200,"(42, 44, 50)",68.44595082805328
4201,"(18, 34, 40)",68.47445387753137
4202,"(15, 37, 65)",68.71551376822953
4203,"(36, 40, 65)",68.48566286277507
4204,"(26, 51, 73)",68.62164979036226
4205,"(8, 15, 41)",68.74369400931194
4206,"(24, 36, 46)",68.64394140775455
4207,"(0, 6, 44)",68.40255348819697
4208,"(9, 38, 68)",68.6091140961058
4209,"(26, 34, 74)",68.70135352816335
4210,"(15, 49, 54)",68.9377037525424
4211,"(50, 67, 70)",68.67618097213459
4212,"(47, 64, 65)",68.58771048380761
4213,"(32, 41, 54)",68.76585981028323
4214,"(34, 50, 56)",68.59360432724675
4215,"(17, 52, 56)",68.63459179893509
4216,"(1, 40, 57)",68.53565098020327
4217,"(6, 13, 63)",68.72699082896517
4218,"(22, 37, 48)",68.68400537562954
4219,"(49, 59, 61)",68.87541039054541
4220,"(19, 34, 59)",68.71232807019399
4221,"(16, 42, 55)",68.65560067736858
4222,"(12, 22, 56)",68.67005952072056
4223,"(25, 27, 46)",68.5088894538669
4224,"(36, 48, 52)",68.67557296226823
4225,"(12, 57, 74)",68.80510819552718
4226,"(42, 65, 68)",68.58184813092653
4227,"(2, 34, 59)",68.65852388494321
4228,"(6, 17, 31)",68.69677259287108
4229,"(14, 21, 67)",68.72336174959672
4230,"(1, 24, 50)",68.69976222918794
4231,"(18, 49, 57)",68.80861233324937
4232,"(10, 24, 72)",68.7173502249057
4233,"(22, 28, 31)",68.5920856590371
4234,"(43, 51, 66)",68.39565575241997
4235,"(0, 20, 63)",68.77693812032261
4236,"(38, 46, 74)",68.51080746297458
4237,"(0, 26, 39)",68.76646882804533
4238,"(46, 61, 71)",68.6628174690077
4239,"(18, 32, 52)",68.66759207761761
4240,"(18, 32, 54)",68.76707077568504
4241,"(2, 32, 67)",68.728346618641
4242,"(3, 22, 63)",68.4601426658212
4243,"(25, 34, 56)",68.47089889991986
4244,"(16, 57, 68)",68.77356273809895
4245,"(0, 48, 55)",68.7003382970133
4246,"(15, 42, 43)",68.46258844999538
4247,"(9, 38, 39)",68.5641233768271
4248,"(16, 27, 56)",68.75815149338293
4249,"(24, 27, 43)",68.58378698710472
4250,"(51, 53, 65)",68.80463793983442
4251,"(40, 69, 72)",68.56251151374086
4252,"(42, 58, 64)",68.33622881078334
4253,"(2, 41, 46)",68.74605500140845
4254,"(3, 9, 50)",68.52121897642274
4255,"(18, 32, 53)",68.74662953705402
4256,"(20, 35, 46)",68.60667384324655
4257,"(5, 63, 64)",68.65502848602502
4258,"(5, 15, 51)",68.83984709922747
4259,"(42, 46, 50)",68.44451696439269
4260,"(12, 39, 71)",68.6391567841952
4261,"(31, 66, 67)",68.56572663638393
4262,"(4, 14, 32)",68.67486564787406
4263,"(20, 54, 58)",68.58988068357644
4264,"(15, 25, 36)",68.63544804083806
4265,"(37, 38, 51)",68.62935546393075
4266,"(14, 57, 62)",68.75419118284792
4267,"(7, 49, 55)",68.97962466970257
4268,"(50, 69, 73)",68.61730105369837
4269,"(41, 44, 62)",68.44392623190971
4270,"(19, 38, 55)",68.71398952331629
4271,"(10, 30, 73)",68.5275083812493
4272,"(11, 14, 33)",68.74452670297285
4273,"(8, 25, 37)",68.47472814510166
4274,"(12, 53, 72)",68.74615335208182
4275,"(9, 47, 62)",68.48932995860847
4276,"(0, 37, 56)",68.65796825959387
4277,"(13, 64, 67)",68.67405373177093
4278,"(0, 1, 58)",68.5193147338444
4279,"(28, 35, 59)",68.50896664810413
4280,"(3, 6, 73)",68.42431989842514
4281,"(1, 7, 37)",68.61629161703075
4282,"(10, 17, 26)",68.86828683139801
4283,"(14, 21, 33)",68.66994152694058
4284,"(23, 41, 64)",68.78267662988637
4285,"(6, 47, 67)",68.48087884082355
4286,"(9, 26, 48)",68.69494761893525
4287,"(8, 44, 47)",68.47071154763657
4288,"(11, 14, 23)",68.69547415426585
4289,"(29, 49, 72)",68.89243814960409
4290,"(20, 23, 33)",68.74008287325773
4291,"(15, 16, 24)",68.77805732160377
4292,"(14, 57, 68)",68.7207529538865
4293,"(8, 15, 72)",68.77545521038428
4294,"(0, 49, 58)",68.56040009518037
4295,"(31, 66, 73)",68.56947729995369
4296,"(7, 19, 46)",68.72489284178774
4297,"(19, 29, 46)",68.74397848151348
4298,"(23, 25, 32)",68.43126312953075
4299,"(8, 39, 56)",68.49051623219056
4300,"(14, 34, 71)",68.6874018559409
4301,"(27, 31, 65)",68.79427850887899
4302,"(6, 23, 59)",68.60645048211639
4303,"(27, 59, 62)",68.68867791988214
4304,"(12, 43, 61)",68.64318965471938
4305,"(23, 37, 65)",68.79959416627337
4306,"(34, 48, 67)",68.70307071399739
4307,"(49, 66, 67)",68.72905938830746
4308,"(12, 17, 25)",68.5304814351959
4309,"(1, 59, 65)",68.68442654267447
4310,"(3, 9, 28)",68.42557061572153
4311,"(0, 53, 69)",68.67402002702472
4312,"(26, 29, 56)",68.56841123226621
4313,"(17, 31, 61)",68.7347814550616
4314,"(6, 18, 53)",68.61250239262189
4315,"(17, 64, 69)",68.73095269323287
4316,"(0, 24, 58)",68.49513379575379
4317,"(0, 30, 40)",68.42215157875452
4318,"(27, 40, 48)",68.60671631949077
4319,"(3, 39, 69)",68.46034399344695
4320,"(18, 32, 56)",68.66364944158828
4321,"(8, 24, 63)",68.62981200704907
4322,"(18, 24, 27)",68.73049652753025
4323,"(2, 45, 69)",68.302396606894
4324,"(6, 11, 74)",68.69429005437466
4325,"(44, 53, 73)",68.47703979095118
4326,"(1, 17, 73)",68.57228303261998
4327,"(1, 52, 53)",68.68097507753713
4328,"(30, 46, 70)",68.5180423592316
4329,"(16, 25, 28)",68.48809328939764
4330,"(16, 41, 50)",68.72456088359823
4331,"(12, 27, 69)",68.7686804252148
4332,"(35, 38, 67)",68.54579518267212
4333,"(1, 4, 66)",68.64119352613085
4334,"(2, 31, 71)",68.78489099808661
4335,"(27, 61, 72)",68.75536951865729
4336,"(2, 36, 39)",68.82459159434025
4337,"(19, 56, 73)",68.59680644934865
4338,"(16, 32, 41)",68.70451617494308
4339,"(7, 56, 66)",68.64264954760198
4340,"(7, 8, 39)",68.67442209505306
4341,"(17, 20, 69)",68.77688918751063
4342,"(6, 23, 72)",68.70097389874218
4343,"(6, 8, 41)",68.56864819941447
4344,"(33, 49, 60)",68.90307136539452
4345,"(18, 57, 68)",68.76975773889365
4346,"(26, 49, 71)",68.81298628021885
4347,"(20, 27, 42)",68.66809192356381
4348,"(4, 34, 36)",68.78455329990474
4349,"(14, 35, 45)",68.35162869708255
4350,"(20, 47, 73)",68.40803249965222
4351,"(14, 15, 23)",68.64854055006896
4352,"(55, 56, 61)",68.67428907067256
4353,"(2, 7, 38)",68.71102697999062
4354,"(0, 7, 67)",68.69958865065941
4355,"(15, 19, 53)",68.77104870457786
4356,"(16, 30, 62)",68.54986041008534
4357,"(14, 43, 52)",68.57793570062405
4358,"(13, 20, 27)",68.7449489185333
4359,"(9, 31, 59)",68.66384097699373
4360,"(4, 27, 34)",68.68247482604998
4361,"(43, 64, 74)",68.52473554794611
4362,"(5, 50, 73)",68.64522334306325
4363,"(29, 43, 45)",68.07596278887743
4364,"(9, 15, 39)",68.7496774298075
4365,"(32, 58, 69)",68.50960522949975
4366,"(5, 6, 12)",68.60128786220399
4367,"(14, 21, 35)",68.68822261198805
4368,"(18, 20, 45)",68.28841797309966
4369,"(11, 51, 62)",68.67828981483333
4370,"(41, 48, 67)",68.66618738613401
4371,"(21, 38, 55)",68.54599849645834
4372,"(59, 63, 66)",68.6793160191781
4373,"(33, 69, 74)",68.75502798767401
4374,"(3, 9, 54)",68.52978434504784
4375,"(13, 36, 50)",68.68765571317404
4376,"(24, 44, 65)",68.58043451020032
4377,"(29, 52, 67)",68.67208471175796
4378,"(30, 55, 58)",68.39684815711323
4379,"(22, 57, 68)",68.69979765344725
4380,"(22, 38, 48)",68.53218702044155
4381,"(14, 25, 65)",68.46426181776282
4382,"(13, 35, 47)",68.61197578095926
4383,"(11, 13, 62)",68.74847020853656
4384,"(4, 32, 66)",68.68954418292999
4385,"(9, 35, 54)",68.6802508806561
4386,"(23, 55, 58)",68.51398505993853
4387,"(3, 24, 33)",68.54896572574617
4388,"(33, 58, 62)",68.46075746446128
4389,"(25, 46, 56)",68.48554766006359
4390,"(2, 11, 32)",68.86424220149713
4391,"(7, 17, 41)",68.75947655794754
4392,"(0, 19, 56)",68.67772337709822
4393,"(6, 47, 62)",68.4877049875072
4394,"(24, 31, 50)",68.73042083377983
4395,"(1, 11, 30)",68.63798698648564
4396,"(14, 37, 66)",68.60172522229352
4397,"(8, 63, 73)",68.70689481284967
4398,"(6, 44, 73)",68.42407469325546
4399,"(5, 16, 55)",68.77722914590598
4400,"(5, 35, 63)",68.74490092434012
4401,"(7, 43, 58)",68.40602512351964
4402,"(7, 34, 73)",68.7910626451786
4403,"(50, 52, 62)",68.58201759716233
4404,"(16, 24, 57)",68.73986712484655
4405,"(6, 29, 39)",68.62369249775952
4406,"(25, 39, 50)",68.52690441713139
4407,"(24, 47, 59)",68.63194256863487
4408,"(17, 36, 52)",68.76985065691487
4409,"(16, 57, 58)",68.55457552848927
4410,"(41, 50, 62)",68.59104797048553
4411,"(7, 8, 42)",68.57502114596504
4412,"(13, 16, 73)",68.73507927690048
4413,"(14, 32, 33)",68.67940710018254
4414,"(34, 44, 59)",68.47365664399778
4415,"(0, 29, 42)",68.5559010781841
4416,"(32, 56, 71)",68.6206651165499
4417,"(26, 45, 46)",68.21686498106227
4418,"(2, 33, 42)",68.63569523113618
4419,"(52, 58, 66)",68.37434110152381
4420,"(11, 19, 52)",68.82005514033723
4421,"(15, 40, 71)",68.47208362015708
4422,"(19, 30, 46)",68.46067176176753
4423,"(19, 39, 64)",68.75470554939254
4424,"(1, 47, 53)",68.60537433888874
4425,"(12, 44, 62)",68.5003682226122
4426,"(15, 26, 73)",68.67343436120962
4427,"(45, 69, 70)",68.29768640674898
4428,"(27, 32, 55)",68.82748057994267
4429,"(7, 30, 44)",68.50038699822207
4430,"(27, 53, 56)",68.70709416231378
4431,"(7, 20, 49)",68.90265852087028
4432,"(4, 6, 52)",68.70693383578354
4433,"(16, 23, 59)",68.68889460237956
4434,"(2, 12, 15)",68.85343311927079
4435,"(30, 33, 39)",68.55643876323259
4436,"(22, 36, 53)",68.77307010544212
4437,"(43, 67, 70)",68.54139375910458
4438,"(30, 35, 41)",68.51962611106207
4439,"(20, 21, 25)",68.49164626452554
4440,"(1, 31, 67)",68.65350275842847
4441,"(24, 31, 49)",68.78756577968615
4442,"(15, 39, 57)",68.81339217007907
4443,"(55, 65, 68)",68.6909084489634
4444,"(15, 50, 70)",68.69202131644266
4445,"(3, 28, 48)",68.46935840731592
4446,"(65, 66, 69)",68.64790086164372
4447,"(44, 57, 63)",68.63540906115132
4448,"(18, 56, 70)",68.71037710713617
4449,"(2, 56, 68)",68.73875916604712
4450,"(29, 38, 65)",68.56234550628905
4451,"(33, 44, 54)",68.58393155374884
4452,"(1, 59, 68)",68.60835720470394
4453,"(6, 18, 28)",68.40507060518235
4454,"(4, 14, 31)",68.74457657376459
4455,"(16, 30, 33)",68.63895246511025
4456,"(3, 44, 72)",68.23424498073383
4457,"(11, 15, 22)",68.76097241773238
4458,"(16, 21, 56)",68.55628278904649
4459,"(44, 63, 65)",68.45239398926599
4460,"(30, 46, 65)",68.41285423924275
4461,"(6, 46, 60)",68.58566434482938
4462,"(12, 22, 42)",68.62275293653587
4463,"(0, 34, 73)",68.62725012709019
4464,"(5, 64, 74)",68.61862806905751
4465,"(30, 38, 55)",68.49655929726083
4466,"(33, 68, 71)",68.71885023650374
4467,"(13, 64, 71)",68.53866606825562
4468,"(45, 47, 71)",68.10126084422225
4469,"(4, 19, 67)",68.71313949637853
4470,"(18, 30, 44)",68.39513500644951
4471,"(14, 24, 31)",68.79580450519641
4472,"(26, 41, 44)",68.46914946577998
4473,"(2, 34, 40)",68.50167249506345
4474,"(3, 43, 60)",68.39741689869938
4475,"(19, 21, 43)",68.62735964000508
4476,"(1, 41, 61)",68.63593704120903
4477,"(13, 35, 63)",68.66468661371337
4478,"(31, 41, 63)",68.71289161515153
4479,"(12, 17, 64)",68.79641617725773
4480,"(1, 30, 72)",68.54107950965489
4481,"(12, 37, 69)",68.75217401236142
4482,"(7, 14, 29)",68.80166940797343
4483,"(0, 21, 36)",68.58983307694977
4484,"(10, 11, 64)",68.71131500636704
4485,"(37, 47, 53)",68.61826136393027
4486,"(5, 11, 19)",68.71875965944663
4487,"(35, 46, 50)",68.65834121197086
4488,"(39, 47, 68)",68.61020411927751
4489,"(5, 16, 69)",68.76349614538891
4490,"(10, 29, 46)",68.6831928109837
4491,"(43, 61, 66)",68.47892311153096
4492,"(27, 40, 64)",68.52111281844176
4493,"(31, 48, 67)",68.70508774709921
4494,"(58, 66, 74)",68.51668692759677
4495,"(14, 47, 66)",68.4787815286174
4496,"(22, 37, 47)",68.58925208180992
4497,"(10, 14, 65)",68.73801749630611
4498,"(17, 44, 74)",68.59310408550098
4499,"(16, 31, 37)",68.72616830009356
4500,"(8, 45, 59)",68.30962116547641
4501,"(40, 59, 72)",68.45013731262145
4502,"(32, 51, 64)",68.66218237993739
4503,"(19, 34, 35)",68.65576948049656
4504,"(7, 28, 56)",68.50509016728115
4505,"(9, 16, 42)",68.5935851380806
4506,"(14, 40, 45)",68.16545171975952
4507,"(9, 45, 57)",68.37395005001781
4508,"(7, 38, 58)",68.4385107096645
4509,"(17, 34, 54)",68.84860764513911
4510,"(8, 16, 55)",68.61869987270445
4511,"(5, 30, 33)",68.53349411348913
4512,"(10, 31, 35)",68.69981814038108
4513,"(11, 28, 38)",68.48263030153166
4514,"(52, 68, 70)",68.72808329621112
4515,"(2, 23, 70)",68.7083933771498
4516,"(12, 16, 73)",68.6923515893162
4517,"(26, 48, 67)",68.6905801025037
4518,"(60, 66, 71)",68.6888670715182
4519,"(1, 23, 42)",68.6031482260736
4520,"(38, 49, 67)",68.68546657366348
4521,"(29, 42, 73)",68.5459606651496
4522,"(3, 16, 21)",68.53913468891226
4523,"(35, 39, 43)",68.48740971622725
4524,"(24, 32, 74)",68.66487919916064
4525,"(5, 17, 30)",68.49868898619292
4526,"(15, 35, 38)",68.55244819091075
4527,"(19, 34, 50)",68.70574125587845
4528,"(14, 54, 57)",68.83349984779846
4529,"(19, 32, 45)",68.39710356734457
4530,"(3, 45, 50)",68.29436516330315
4531,"(0, 26, 53)",68.80214720779776
4532,"(20, 31, 69)",68.72807539966365
4533,"(11, 35, 45)",68.23470547010162
4534,"(10, 16, 33)",68.77851158168086
4535,"(1, 58, 72)",68.44377984729523
4536,"(31, 43, 68)",68.60685352136372
4537,"(43, 61, 64)",68.50681413994272
4538,"(3, 6, 67)",68.45623041027909
4539,"(11, 24, 45)",68.24773421781131
4540,"(47, 50, 55)",68.71040972152885
4541,"(10, 31, 43)",68.72126651041029
4542,"(6, 50, 61)",68.6816143601197
4543,"(27, 41, 43)",68.65191343095287
4544,"(20, 27, 68)",68.68635700168831
4545,"(1, 32, 64)",68.67667983991394
4546,"(1, 7, 66)",68.60913675277025
4547,"(31, 66, 72)",68.6268992499326
4548,"(61, 72, 73)",68.74096393924764
4549,"(25, 36, 63)",68.47397515781803
4550,"(28, 55, 65)",68.60205533017894
4551,"(7, 49, 65)",68.91605316884409
4552,"(22, 64, 71)",68.63296525818049
4553,"(9, 50, 65)",68.5999094098505
4554,"(1, 26, 44)",68.45650214699917
4555,"(6, 47, 63)",68.57296768684988
4556,"(38, 52, 66)",68.59298226299259
4557,"(24, 25, 51)",68.4999853597043
4558,"(4, 13, 28)",68.57861711397545
4559,"(3, 29, 67)",68.44911075912037
4560,"(1, 18, 69)",68.6500569469516
4561,"(30, 32, 66)",68.5068617552667
4562,"(13, 58, 68)",68.67769935209293
4563,"(16, 36, 40)",68.43018429524437
4564,"(1, 9, 40)",68.5041122788339
4565,"(0, 23, 72)",68.709101994293
4566,"(0, 20, 49)",68.72819141942304
4567,"(47, 55, 68)",68.62125140197175
4568,"(21, 27, 35)",68.72996219491458
4569,"(2, 13, 24)",68.83804731015945
4570,"(23, 27, 65)",68.82414143131837
4571,"(46, 63, 65)",68.6148693030616
4572,"(1, 36, 39)",68.5766999751277
4573,"(26, 29, 72)",68.57833730820396
4574,"(40, 70, 72)",68.53681150997481
4575,"(59, 61, 65)",68.71282977415561
4576,"(1, 17, 70)",68.63416465351911
4577,"(33, 40, 59)",68.52513636631076
4578,"(10, 11, 14)",68.75169260268108
4579,"(40, 41, 50)",68.428668623121
4580,"(0, 14, 44)",68.45944006337838
4581,"(41, 70, 74)",68.72935175157482
4582,"(12, 36, 67)",68.71837933260261
4583,"(18, 26, 44)",68.53821568437985
4584,"(13, 30, 59)",68.70303888887325
4585,"(4, 35, 55)",68.72287344156163
4586,"(20, 50, 53)",68.64590047771817
4587,"(0, 8, 55)",68.70712086018831
4588,"(10, 26, 44)",68.48721517345797
4589,"(17, 61, 62)",68.65540401066244
4590,"(16, 47, 60)",68.65448169679074
4591,"(7, 31, 49)",68.94689731112919
4592,"(36, 51, 73)",68.80260314981037
4593,"(39, 52, 61)",68.78349965748258
4594,"(1, 21, 48)",68.75125011468188
4595,"(26, 59, 66)",68.59127642642352
4596,"(42, 56, 73)",68.51483345778131
4597,"(22, 42, 58)",68.33506991916757
4598,"(34, 42, 47)",68.59822324566156
4599,"(52, 55, 67)",68.69635907058587
4600,"(8, 12, 74)",68.63208919913917
4601,"(9, 46, 53)",68.61014759612429
4602,"(1, 21, 52)",68.71664295140882
4603,"(7, 15, 37)",68.7862745076311
4604,"(5, 42, 50)",68.515238071592
4605,"(15, 44, 59)",68.66278389103708
4606,"(20, 23, 40)",68.43649768738717
4607,"(38, 40, 60)",68.35145696943799
4608,"(16, 51, 62)",68.64074430598149
4609,"(22, 24, 34)",68.57321912020247
4610,"(34, 35, 72)",68.54522287217938
4611,"(5, 66, 67)",68.66207889896202
4612,"(10, 40, 68)",68.4988771329326
4613,"(17, 31, 72)",68.74230116721633
4614,"(3, 60, 63)",68.46638022405749
4615,"(17, 37, 50)",68.68927010056015
4616,"(13, 31, 37)",68.70727022387
4617,"(5, 22, 67)",68.68304976473775
4618,"(33, 35, 70)",68.71012918302843
4619,"(6, 15, 41)",68.65653791867837
4620,"(13, 16, 59)",68.75814734444754
4621,"(4, 27, 57)",68.81944928236068
4622,"(22, 38, 59)",68.5580108928991
4623,"(19, 21, 40)",68.49741210210263
4624,"(22, 29, 71)",68.76626533942868
4625,"(8, 27, 35)",68.67804907861115
4626,"(10, 20, 34)",68.69907233313462
4627,"(18, 23, 66)",68.67756617273506
4628,"(2, 25, 67)",68.57811084567003
4629,"(11, 15, 20)",68.77954256584144
4630,"(1, 25, 61)",68.48121144204377
4631,"(31, 61, 65)",68.77593892871398
4632,"(25, 54, 69)",68.52222010974188
4633,"(8, 37, 70)",68.63952899811426
4634,"(15, 26, 65)",68.71998510112431
4635,"(15, 16, 62)",68.65626218193144
4636,"(6, 11, 33)",68.65864884345598
4637,"(60, 68, 70)",68.76549102391317
4638,"(31, 54, 63)",68.70307509183647
4639,"(24, 35, 59)",68.71043590023707
4640,"(18, 65, 67)",68.68994699773329
4641,"(39, 47, 73)",68.44508896630994
4642,"(20, 47, 68)",68.54663384734454
4643,"(10, 28, 55)",68.56838776445706
4644,"(14, 30, 60)",68.57971347908249
4645,"(4, 6, 53)",68.74303612229808
4646,"(4, 28, 67)",68.63373119039082
4647,"(4, 49, 52)",68.767259563353
4648,"(21, 57, 60)",68.84215489053219
4649,"(29, 30, 67)",68.54907731721755
4650,"(6, 17, 57)",68.78575571435326
4651,"(16, 33, 42)",68.61853840144457
4652,"(21, 39, 68)",68.78740528498143
4653,"(6, 8, 73)",68.60443062507426
4654,"(7, 52, 64)",68.7515209028575
4655,"(52, 53, 73)",68.63363859004505
4656,"(0, 16, 31)",68.7225831094421
4657,"(21, 39, 44)",68.51185102488465
4658,"(40, 46, 68)",68.46881192750074
4659,"(12, 19, 25)",68.56808597424433
4660,"(15, 30, 45)",68.27804193119069
4661,"(17, 23, 36)",68.65188355300747
4662,"(10, 17, 41)",68.85539729405942
4663,"(29, 36, 44)",68.48324610748458
4664,"(13, 18, 39)",68.75154042470436
4665,"(15, 52, 69)",68.78706057735091
4666,"(37, 52, 59)",68.7584650710106
4667,"(30, 32, 44)",68.42098422772813
4668,"(26, 30, 74)",68.71467754181066
4669,"(36, 47, 64)",68.6187378317314
4670,"(36, 47, 69)",68.58002222250916
4671,"(10, 61, 68)",68.74526257150268
4672,"(5, 38, 69)",68.49029608985857
4673,"(26, 32, 74)",68.63812452822098
4674,"(4, 33, 50)",68.74786411330396
4675,"(17, 48, 52)",68.68632014966387
4676,"(33, 41, 66)",68.68626877927119
4677,"(31, 45, 54)",68.44861450201567
4678,"(15, 40, 44)",68.40562221801541
4679,"(11, 36, 44)",68.56106628665013
4680,"(3, 15, 23)",68.5272657554602
4681,"(21, 22, 67)",68.70494866474097
4682,"(45, 52, 66)",68.30421573302061
4683,"(23, 39, 49)",68.83353177391012
4684,"(2, 27, 42)",68.69314477864987
4685,"(23, 56, 68)",68.62846938212968
4686,"(6, 54, 71)",68.64122069423944
4687,"(5, 26, 30)",68.67080265084422
4688,"(1, 43, 52)",68.56084188596537
4689,"(17, 28, 59)",68.63006452838938
4690,"(4, 29, 45)",68.38859769170634
4691,"(9, 32, 35)",68.59775755826941
4692,"(3, 23, 43)",68.40266451692611
4693,"(7, 8, 53)",68.74241264861091
4694,"(42, 52, 54)",68.7103183147206
4695,"(13, 26, 55)",68.72482319140389
4696,"(20, 56, 72)",68.57005422703281
4697,"(4, 44, 47)",68.50927032516752
4698,"(0, 39, 58)",68.49155338388059
4699,"(10, 37, 57)",68.81075540647879
4700,"(1, 37, 43)",68.54938201619491
4701,"(26, 33, 52)",68.66765636960149
4702,"(23, 42, 64)",68.51812744207876
4703,"(2, 25, 69)",68.59678117971028
4704,"(7, 15, 68)",68.80219357668996
4705,"(4, 7, 48)",68.7695061227864
4706,"(22, 39, 48)",68.66159407868413
4707,"(30, 36, 52)",68.66142186842005
4708,"(9, 27, 60)",68.66552445189582
4709,"(23, 51, 68)",68.75936799053106
4710,"(10, 36, 54)",68.78106681453444
4711,"(41, 47, 58)",68.47981740589523
4712,"(17, 34, 42)",68.69218495075675
4713,"(0, 30, 45)",68.2854474191092
4714,"(9, 27, 34)",68.58669451034216
4715,"(32, 61, 68)",68.70792897714112
4716,"(5, 49, 57)",68.84898454610946
4717,"(3, 39, 72)",68.44898544487053
4718,"(37, 54, 57)",68.80206901044834
4719,"(15, 34, 36)",68.69805284679825
4720,"(14, 56, 71)",68.61958298690276
4721,"(31, 46, 73)",68.67401281086245
4722,"(5, 12, 20)",68.7155598778161
4723,"(10, 51, 57)",68.80249532897584
4724,"(38, 47, 60)",68.52235951350447
4725,"(38, 51, 59)",68.6377504959525
4726,"(26, 48, 51)",68.70181704001091
4727,"(3, 25, 56)",68.38461675118587
4728,"(15, 20, 58)",68.52626673323468
4729,"(4, 33, 61)",68.73957384911604
4730,"(33, 34, 35)",68.73695167140804
4731,"(1, 29, 58)",68.49169154737218
4732,"(16, 37, 55)",68.76220524480165
4733,"(9, 50, 71)",68.66847093935168
4734,"(2, 19, 73)",68.77521753136182
4735,"(14, 36, 60)",68.74549731426045
4736,"(0, 9, 55)",68.77667661828096
4737,"(6, 7, 57)",68.7079443883402
4738,"(17, 43, 59)",68.57963320209602
4739,"(50, 57, 60)",68.74491043068208
4740,"(13, 36, 46)",68.7411952077033
4741,"(21, 31, 69)",68.74853845264501
4742,"(23, 29, 74)",68.74066528574063
4743,"(25, 70, 73)",68.44615010261192
4744,"(41, 63, 66)",68.6443904106072
4745,"(34, 43, 73)",68.45872753996555
4746,"(13, 14, 42)",68.55203485108665
4747,"(12, 25, 61)",68.62952660058656
4748,"(6, 32, 45)",68.39117816277877
4749,"(30, 31, 65)",68.61119349966611
4750,"(2, 6, 51)",68.69698080030663
4751,"(7, 23, 51)",68.78853161850593
4752,"(8, 27, 29)",68.70195761545729
4753,"(12, 57, 63)",68.80522416303984
4754,"(0, 49, 64)",68.69649042373405
4755,"(6, 39, 63)",68.67384653992448
4756,"(24, 48, 54)",68.75576389650155
4757,"(20, 69, 73)",68.64206695733431
4758,"(34, 39, 42)",68.5099069520407
4759,"(9, 17, 29)",68.69877168584203
4760,"(39, 49, 65)",68.72215297922317
4761,"(31, 35, 39)",68.69062492491737
4762,"(25, 52, 66)",68.47338716676144
4763,"(11, 34, 46)",68.66730997857553
4764,"(25, 36, 39)",68.53786992756827
4765,"(35, 55, 64)",68.62915209071427
4766,"(10, 26, 40)",68.50097311225524
4767,"(5, 12, 66)",68.63550582597789
4768,"(8, 30, 51)",68.58863935688785
4769,"(25, 28, 58)",68.29234937573959
4770,"(2, 8, 66)",68.6570900868029
4771,"(3, 8, 63)",68.50269176434298
4772,"(32, 40, 52)",68.47345185498284
4773,"(2, 59, 72)",68.79224311195242
4774,"(7, 69, 70)",68.76763588798987
4775,"(31, 41, 64)",68.68944261745986
4776,"(21, 46, 50)",68.57088613174709
4777,"(7, 55, 73)",68.73092833175399
4778,"(32, 36, 66)",68.63701559503022
4779,"(7, 23, 31)",68.73393293569482
4780,"(23, 32, 43)",68.57032273990345
4781,"(30, 44, 69)",68.44338496457354
4782,"(13, 21, 23)",68.74584820400494
4783,"(8, 22, 61)",68.56242467328478
4784,"(32, 67, 68)",68.71863677223864
4785,"(26, 34, 37)",68.62960631271784
4786,"(2, 15, 45)",68.3823321098266
4787,"(2, 20, 42)",68.6345162833068
4788,"(22, 27, 56)",68.55873353145651
4789,"(23, 28, 53)",68.72568799808127
4790,"(8, 28, 38)",68.37518747888667
4791,"(4, 48, 54)",68.78517761464258
4792,"(13, 41, 60)",68.77017505117952
4793,"(13, 25, 40)",68.39685810098072
4794,"(30, 39, 58)",68.35867575209676
4795,"(2, 43, 54)",68.73416943045913
4796,"(0, 34, 38)",68.59597519856544
4797,"(39, 52, 65)",68.70843449097367
4798,"(25, 35, 49)",68.62342764752476
4799,"(49, 60, 61)",68.84106840976881
4800,"(2, 25, 49)",68.64802004219189
4801,"(33, 40, 61)",68.50371980207946
4802,"(0, 34, 49)",68.6786159941507
4803,"(21, 26, 51)",68.5844164763023
4804,"(34, 56, 71)",68.6010999915658
4805,"(0, 18, 54)",68.70947530763145
4806,"(11, 29, 65)",68.6986078720052
4807,"(5, 22, 65)",68.63037697795036
4808,"(10, 23, 30)",68.59429138445442
4809,"(46, 61, 65)",68.73738427244389
4810,"(15, 32, 40)",68.50260584463933
4811,"(11, 14, 63)",68.76596100100579
4812,"(40, 52, 55)",68.51435313733344
4813,"(44, 54, 63)",68.55460352817929
4814,"(20, 32, 63)",68.64206638988034
4815,"(22, 37, 52)",68.71325718839279
4816,"(9, 46, 66)",68.53794401287452
4817,"(24, 56, 73)",68.57745094979929
4818,"(8, 13, 41)",68.67302021442325
4819,"(38, 47, 59)",68.58593596790324
4820,"(23, 36, 73)",68.69588519620066
4821,"(9, 50, 69)",68.68745209510718
4822,"(6, 20, 21)",68.62530056718315
4823,"(55, 61, 63)",68.79935898126742
4824,"(29, 50, 58)",68.41897992826485
4825,"(23, 42, 57)",68.60559664469362
4826,"(0, 28, 67)",68.46362196143802
4827,"(8, 39, 50)",68.5839296648353
4828,"(23, 29, 45)",68.40480483876388
4829,"(18, 28, 37)",68.59606585559567
4830,"(27, 51, 74)",68.81312338387102
4831,"(20, 22, 72)",68.70694430949891
4832,"(1, 40, 47)",68.3044771058461
4833,"(13, 47, 68)",68.7460013068345
4834,"(20, 52, 60)",68.73312288786538
4835,"(32, 69, 71)",68.6683913637587
4836,"(2, 33, 70)",68.77791200472092
4837,"(14, 19, 24)",68.79070311785384
4838,"(46, 54, 72)",68.77340537033875
4839,"(8, 10, 26)",68.56786095394017
4840,"(35, 51, 58)",68.56347082216764
4841,"(27, 36, 63)",68.68913743591672
4842,"(36, 52, 58)",68.43399102459668
4843,"(27, 41, 55)",68.73325906620703
4844,"(1, 35, 57)",68.68456537983886
4845,"(22, 25, 64)",68.59921608395861
4846,"(47, 63, 68)",68.5734858084498
4847,"(1, 9, 10)",68.65686559783487
4848,"(33, 34, 45)",68.23474148560929
4849,"(41, 46, 66)",68.66921900780605
4850,"(0, 23, 29)",68.69422718592564
4851,"(28, 40, 71)",68.32857402317657
4852,"(11, 23, 59)",68.80032217665327
4853,"(13, 21, 30)",68.62212752225257
4854,"(14, 58, 63)",68.53814309589724
4855,"(24, 28, 33)",68.51440509908598
4856,"(46, 47, 57)",68.59407509029897
4857,"(29, 52, 72)",68.72408179221023
4858,"(10, 39, 65)",68.68470276998386
4859,"(21, 66, 67)",68.62223411807359
4860,"(20, 32, 50)",68.62321447610317
4861,"(3, 20, 25)",68.36630406460613
4862,"(49, 52, 67)",68.8895505394512
4863,"(5, 26, 32)",68.62894231404495
4864,"(3, 16, 25)",68.45937227047465
4865,"(2, 7, 66)",68.82836824270748
4866,"(19, 23, 34)",68.63692630535152
4867,"(12, 37, 51)",68.85068690252079
4868,"(2, 53, 70)",68.76849531585178
4869,"(18, 22, 66)",68.6384925876789
4870,"(34, 37, 47)",68.56575593035011
4871,"(13, 34, 52)",68.76404998154982
4872,"(31, 36, 65)",68.77140809430642
4873,"(16, 19, 48)",68.73259490448882
4874,"(14, 51, 74)",68.84746634160464
4875,"(22, 53, 63)",68.732896670043
4876,"(7, 33, 50)",68.7989729373491
4877,"(8, 68, 74)",68.65867951953909
4878,"(17, 28, 63)",68.60125242914759
4879,"(12, 27, 61)",68.81064252562514
4880,"(2, 18, 67)",68.7367277883254
4881,"(11, 58, 72)",68.57102455075828
4882,"(49, 67, 69)",68.87933777902329
4883,"(13, 23, 35)",68.69609100579098
4884,"(11, 62, 70)",68.678882057756
4885,"(32, 46, 57)",68.7248482502338
4886,"(39, 58, 65)",68.45100173352202
4887,"(25, 35, 71)",68.4757231194926
4888,"(0, 24, 50)",68.66479128337039
4889,"(7, 43, 62)",68.55715495614842
4890,"(14, 29, 40)",68.48946558122998
4891,"(37, 51, 58)",68.56479164618504
4892,"(6, 7, 36)",68.6253648506838
4893,"(43, 49, 54)",68.60087588491157
4894,"(37, 59, 64)",68.80581447086259
4895,"(13, 25, 34)",68.57927377608767
4896,"(66, 68, 72)",68.67168812359817
4897,"(12, 22, 51)",68.75635872224267
4898,"(5, 8, 57)",68.80805949117675
4899,"(3, 6, 60)",68.48351725725121
4900,"(7, 32, 55)",68.83050438321888
4901,"(11, 50, 51)",68.80532795064039
4902,"(0, 33, 66)",68.68800944182493
4903,"(8, 32, 52)",68.72187322179741
4904,"(16, 20, 60)",68.75528299685814
4905,"(18, 33, 54)",68.77315036970579
4906,"(28, 50, 64)",68.62195472159726
4907,"(25, 30, 68)",68.34902600363007
4908,"(11, 34, 43)",68.53704897160087
4909,"(15, 63, 74)",68.81807434022305
4910,"(63, 64, 70)",68.72898402663189
4911,"(32, 44, 64)",68.45929740371183
4912,"(9, 38, 52)",68.59476728432602
4913,"(11, 40, 57)",68.60718534538398
4914,"(3, 45, 70)",68.25775650888953
4915,"(51, 70, 71)",68.712146311085
4916,"(45, 53, 56)",68.26826347207395
4917,"(10, 20, 27)",68.74571538135883
4918,"(4, 10, 16)",68.80041192207072
4919,"(5, 6, 58)",68.36354954954398
4920,"(13, 58, 67)",68.60692165120432
4921,"(1, 17, 53)",68.64100470386529
4922,"(11, 17, 34)",68.76154342702152
4923,"(9, 34, 50)",68.74161475936096
4924,"(36, 49, 56)",68.6853350169638
4925,"(10, 49, 65)",68.80634195824258
4926,"(2, 48, 56)",68.72974392142773
4927,"(34, 48, 62)",68.59507083773406
4928,"(6, 22, 51)",68.60053204733627
4929,"(10, 21, 27)",68.76115297476798
4930,"(24, 38, 55)",68.62160486550694
4931,"(4, 8, 17)",68.68395640623216
4932,"(17, 32, 73)",68.60247507520405
4933,"(29, 42, 52)",68.66631307382075
4934,"(13, 57, 59)",68.88136152333833
4935,"(1, 61, 62)",68.55020360066842
4936,"(0, 57, 68)",68.75066615643422
4937,"(3, 4, 51)",68.5019182384399
4938,"(17, 39, 47)",68.6550698788028
4939,"(14, 29, 31)",68.76849510517107
4940,"(40, 64, 72)",68.32119772756083
4941,"(16, 41, 48)",68.7358889044144
4942,"(2, 56, 70)",68.73944279127404
4943,"(15, 36, 64)",68.7184418024057
4944,"(13, 31, 65)",68.8167884207164
4945,"(5, 17, 46)",68.75532526153172
4946,"(1, 33, 61)",68.65426653898086
4947,"(39, 45, 70)",68.38978500248068
4948,"(23, 33, 46)",68.59223325479743
4949,"(28, 49, 64)",68.58751697722735
4950,"(33, 51, 68)",68.80974509992217
4951,"(14, 21, 68)",68.77105756964495
4952,"(28, 59, 66)",68.45798105439309
4953,"(1, 12, 41)",68.60705162377998
4954,"(4, 52, 67)",68.80312897942844
4955,"(23, 26, 32)",68.67458497435514
4956,"(23, 31, 73)",68.69039991254978
4957,"(18, 31, 49)",68.6986840207634
4958,"(20, 49, 59)",68.7793990981763
4959,"(4, 30, 41)",68.5746886738713
4960,"(4, 17, 50)",68.8194908638499
4961,"(2, 14, 15)",68.83371015474627
4962,"(6, 15, 57)",68.80271001912597
4963,"(36, 58, 60)",68.47103689969494
4964,"(0, 29, 47)",68.71449479466601
4965,"(4, 59, 72)",68.74392184836886
4966,"(10, 24, 26)",68.68241714832678
4967,"(1, 49, 62)",68.66971388127276
4968,"(0, 23, 68)",68.73889660330398
4969,"(42, 55, 67)",68.60419738649061
4970,"(25, 47, 66)",68.30656999077942
4971,"(27, 28, 68)",68.60197160643877
4972,"(16, 17, 71)",68.7926809471627
4973,"(24, 56, 69)",68.62334899219053
4974,"(45, 46, 51)",68.11891229504157
4975,"(3, 6, 18)",68.40488373169096
4976,"(10, 37, 67)",68.73637077637011
4977,"(20, 37, 47)",68.65786418538507
4978,"(9, 71, 72)",68.58207223039791
4979,"(18, 47, 58)",68.44233724010782
4980,"(31, 73, 74)",68.68366072887294
4981,"(36, 59, 65)",68.77772269093538
4982,"(48, 64, 70)",68.79987154548199
4983,"(21, 41, 44)",68.56698907455609
4984,"(46, 50, 60)",68.65535922763952
4985,"(39, 43, 60)",68.52462718708787
4986,"(2, 13, 36)",68.76092746982343
4987,"(2, 21, 74)",68.78057736466077
4988,"(40, 44, 72)",68.26662261514443
4989,"(6, 36, 49)",68.82778483687542
4990,"(36, 41, 52)",68.68490991684648
4991,"(26, 31, 42)",68.4271859165341
4992,"(14, 18, 55)",68.71090951262528
4993,"(27, 28, 42)",68.49800310698501
4994,"(0, 8, 49)",68.75996192566784
4995,"(26, 47, 73)",68.5284939219206
4996,"(5, 16, 32)",68.68153932634644
4997,"(16, 30, 63)",68.5761087205654
4998,"(7, 8, 57)",68.8503332413928
4999,"(17, 29, 68)",68.77168111139284
5000,"(17, 24, 68)",68.78632324729207
5001,"(41, 53, 58)",68.56390700371638
5002,"(5, 28, 38)",68.4657105632602
5003,"(22, 30, 59)",68.6200177056862
5004,"(19, 40, 44)",68.31127341198389
5005,"(49, 61, 63)",68.83922260299296
5006,"(2, 10, 65)",68.7023738400007
5007,"(7, 26, 53)",68.76304469897325
5008,"(32, 38, 70)",68.51815724652994
5009,"(3, 42, 54)",68.50537112000697
5010,"(46, 52, 60)",68.69277376365237
5011,"(0, 40, 52)",68.47872036652251
5012,"(11, 25, 66)",68.50710208698689
5013,"(57, 60, 73)",68.79364196372572
5014,"(41, 71, 74)",68.72411201718283
5015,"(10, 22, 49)",68.72788138445145
5016,"(18, 20, 28)",68.57591629736525
5017,"(10, 41, 48)",68.79165447975757
5018,"(50, 65, 66)",68.64083138875408
5019,"(54, 64, 70)",68.72775668617238
5020,"(12, 24, 38)",68.5241894463365
5021,"(47, 48, 70)",68.5854221701485
5022,"(23, 39, 73)",68.63250381721497
5023,"(1, 57, 74)",68.74090107941456
5024,"(6, 23, 62)",68.51510229636602
5025,"(20, 53, 62)",68.71793992287255
5026,"(16, 38, 68)",68.6150471248013
5027,"(11, 22, 26)",68.77026159881117
5028,"(1, 21, 39)",68.72352457790771
5029,"(3, 17, 72)",68.44446638997927
5030,"(1, 12, 43)",68.59279171435888
5031,"(1, 54, 65)",68.75243095354257
5032,"(8, 11, 63)",68.6146905100608
5033,"(0, 27, 31)",68.74854447084053
5034,"(2, 14, 34)",68.6827601370715
5035,"(22, 28, 59)",68.54274159904922
5036,"(6, 38, 54)",68.52668831023736
5037,"(18, 38, 59)",68.5675738266908
5038,"(1, 35, 68)",68.57377297619979
5039,"(2, 13, 57)",68.92477460987486
5040,"(0, 5, 19)",68.73231520343813
5041,"(24, 28, 47)",68.52315044762827
5042,"(19, 30, 67)",68.6190207954419
5043,"(35, 46, 51)",68.61429090454523
5044,"(44, 48, 61)",68.55001584187839
5045,"(25, 40, 44)",68.00423599970586
5046,"(8, 55, 72)",68.60434739553368
5047,"(0, 7, 69)",68.70787242659937
5048,"(20, 68, 74)",68.72041911496979
5049,"(8, 29, 48)",68.60509669225601
5050,"(30, 57, 72)",68.62374872794764
5051,"(13, 30, 40)",68.3745487076681
5052,"(15, 23, 53)",68.80122212246404
5053,"(22, 47, 55)",68.61578680095852
5054,"(12, 58, 72)",68.54051879990386
5055,"(29, 35, 69)",68.74731029229235
5056,"(36, 46, 49)",68.72487867453334
5057,"(29, 38, 52)",68.59854106843898
5058,"(30, 59, 72)",68.4993015276982
5059,"(23, 63, 72)",68.73742245075117
5060,"(48, 49, 50)",68.85106870914458
5061,"(18, 69, 73)",68.65493749337523
5062,"(5, 55, 67)",68.72484467890934
5063,"(12, 16, 35)",68.73683289858185
5064,"(7, 26, 63)",68.70770706716156
5065,"(8, 42, 71)",68.51010985336718
5066,"(0, 45, 50)",68.32085022563774
5067,"(5, 52, 62)",68.71955480314391
5068,"(46, 53, 64)",68.59563443150472
5069,"(13, 49, 54)",68.83708936089994
5070,"(0, 51, 68)",68.7483143237357
5071,"(12, 36, 63)",68.66982782261822
5072,"(33, 35, 67)",68.67374827333607
5073,"(1, 7, 24)",68.63022877297436
5074,"(35, 48, 63)",68.69035549534301
5075,"(31, 34, 63)",68.7698385806805
5076,"(2, 3, 20)",68.49962070356725
5077,"(48, 53, 73)",68.63270928710928
5078,"(14, 43, 61)",68.61980128482388
5079,"(29, 37, 60)",68.7678302497579
5080,"(15, 20, 67)",68.70325143416592
5081,"(3, 8, 47)",68.51973041729072
5082,"(0, 26, 61)",68.88171235263822
5083,"(5, 34, 66)",68.58311308654173
5084,"(44, 68, 69)",68.45622982135073
5085,"(32, 59, 66)",68.58458640287095
5086,"(23, 49, 66)",68.86375286506114
5087,"(5, 34, 51)",68.78254671982371
5088,"(13, 38, 70)",68.61854307941158
5089,"(58, 61, 68)",68.60889143741599
5090,"(13, 15, 63)",68.78517667381708
5091,"(11, 20, 56)",68.68955626030052
5092,"(15, 21, 33)",68.8274671831422
5093,"(30, 41, 71)",68.51656722824688
5094,"(16, 45, 66)",68.30959770375404
5095,"(36, 38, 53)",68.555502810337
5096,"(43, 47, 57)",68.59815137530052
5097,"(8, 21, 40)",68.34293435887345
5098,"(17, 28, 55)",68.6642110391131
5099,"(40, 48, 53)",68.43714276266101
5100,"(19, 43, 56)",68.59105577394942
5101,"(1, 20, 24)",68.66083435092204
5102,"(13, 34, 67)",68.70060901788509
5103,"(12, 36, 60)",68.77345715212356
5104,"(18, 34, 60)",68.62315457289886
5105,"(12, 13, 20)",68.76953441912242
5106,"(25, 30, 40)",68.20783981524127
5107,"(0, 34, 53)",68.70385635279436
5108,"(1, 10, 32)",68.64604548392886
5109,"(18, 19, 25)",68.57932182259681
5110,"(56, 69, 70)",68.65790818127134
5111,"(35, 62, 69)",68.57885742140324
5112,"(10, 11, 12)",68.70853806685317
5113,"(4, 57, 72)",68.85298386786502
5114,"(3, 5, 59)",68.49751257462549
5115,"(14, 22, 27)",68.73487018415832
5116,"(0, 3, 33)",68.70455982689641
5117,"(17, 28, 33)",68.64951797641332
5118,"(0, 1, 14)",68.7411750577532
5119,"(3, 59, 64)",68.47538281577494
5120,"(17, 34, 37)",68.80959717168614
5121,"(10, 37, 55)",68.75798851371108
5122,"(11, 28, 29)",68.62032624175187
5123,"(18, 24, 68)",68.725463521763
5124,"(12, 59, 69)",68.71680963291799
5125,"(3, 25, 44)",68.20504625793615
5126,"(42, 68, 73)",68.53294818247701
5127,"(24, 66, 68)",68.65268275450089
5128,"(58, 61, 70)",68.58620519967232
5129,"(2, 41, 69)",68.87217667482682
5130,"(23, 49, 57)",68.88448083129293
5131,"(12, 37, 74)",68.75433183653443
5132,"(55, 57, 58)",68.53365614624862
5133,"(61, 62, 69)",68.72267723245128
5134,"(10, 45, 59)",68.34843168673807
5135,"(25, 41, 54)",68.59073870495548
5136,"(11, 50, 57)",68.74997273016584
5137,"(26, 40, 60)",68.44004779563303
5138,"(49, 53, 67)",68.83373418092418
5139,"(13, 29, 52)",68.75722328636058
5140,"(15, 21, 68)",68.78860627479116
5141,"(56, 60, 65)",68.72065744595048
5142,"(43, 46, 52)",68.5143962926565
5143,"(5, 9, 26)",68.74911317586825
5144,"(14, 15, 66)",68.6868689989191
5145,"(8, 37, 71)",68.58127012709632
5146,"(34, 60, 65)",68.74094479326372
5147,"(18, 42, 54)",68.67919667677556
5148,"(33, 48, 74)",68.76730295311668
5149,"(57, 69, 70)",68.82421100700411
5150,"(8, 18, 37)",68.68044367040432
5151,"(14, 34, 45)",68.26133448998696
5152,"(22, 38, 56)",68.46527385588517
5153,"(21, 38, 39)",68.51101710284647
5154,"(1, 6, 68)",68.69948282568703
5155,"(43, 47, 54)",68.53332393493889
5156,"(5, 12, 74)",68.71623403822312
5157,"(18, 43, 73)",68.46303232118433
5158,"(39, 53, 55)",68.74015441314685
5159,"(45, 71, 72)",68.22753344783862
5160,"(5, 35, 61)",68.74183873355591
5161,"(24, 32, 66)",68.6445827829752
5162,"(2, 18, 27)",68.79804208199096
5163,"(28, 35, 66)",68.43902409802244
5164,"(16, 39, 66)",68.61527793045758
5165,"(14, 26, 57)",68.73585642741583
5166,"(9, 36, 65)",68.56996311868761
5167,"(23, 26, 34)",68.65205898894675
5168,"(1, 19, 66)",68.61151699262004
5169,"(0, 63, 64)",68.77631381302957
5170,"(19, 37, 47)",68.65387076124347
5171,"(1, 7, 51)",68.74542388472416
5172,"(17, 48, 72)",68.69479477176735
5173,"(23, 41, 59)",68.75910989122687
5174,"(7, 35, 47)",68.67293203521905
5175,"(29, 41, 56)",68.64511481470213
5176,"(0, 54, 60)",68.76448051667352
5177,"(33, 45, 67)",68.33000439652875
5178,"(0, 45, 63)",68.32862595310459
5179,"(36, 57, 63)",68.72113166328637
5180,"(11, 50, 72)",68.72072411337086
5181,"(0, 11, 68)",68.7212896524035
5182,"(6, 15, 70)",68.78563706798307
5183,"(16, 46, 67)",68.63732260361594
5184,"(5, 38, 54)",68.5802897327899
5185,"(21, 48, 51)",68.77954401160801
5186,"(0, 45, 66)",68.22825303932245
5187,"(53, 54, 72)",68.74905907351281
5188,"(10, 43, 54)",68.62769731310907
5189,"(25, 40, 45)",67.98693034814933
5190,"(14, 21, 47)",68.67992061336811
5191,"(4, 20, 48)",68.71821949814148
5192,"(24, 54, 56)",68.59836938750388
5193,"(18, 21, 27)",68.74867482892772
5194,"(15, 56, 61)",68.66997951977811
5195,"(13, 17, 57)",68.85155331109861
5196,"(22, 25, 29)",68.6065375368873
5197,"(9, 38, 57)",68.639745959558
5198,"(25, 61, 64)",68.53653596842844
5199,"(18, 43, 55)",68.56051271940552
5200,"(1, 38, 69)",68.58327554063142
5201,"(16, 30, 53)",68.61949691075604
5202,"(15, 17, 48)",68.741689015822
5203,"(38, 46, 68)",68.51240238367407
5204,"(54, 71, 74)",68.77309176611784
5205,"(2, 42, 62)",68.59043185253749
5206,"(16, 42, 54)",68.73945044801204
5207,"(8, 24, 50)",68.77137893643548
5208,"(6, 57, 65)",68.61603465492789
5209,"(27, 60, 69)",68.78458686057056
5210,"(7, 34, 65)",68.80813383437999
5211,"(35, 40, 59)",68.44444071027424
5212,"(46, 71, 72)",68.60786516622926
5213,"(55, 64, 70)",68.81307534150918
5214,"(26, 51, 71)",68.57579768237862
5215,"(5, 38, 52)",68.70780347925614
5216,"(3, 50, 58)",68.34776784424214
5217,"(17, 21, 66)",68.72988316326155
5218,"(2, 25, 30)",68.48710171680369
5219,"(12, 33, 43)",68.61863942278418
5220,"(5, 7, 45)",68.37478634235282
5221,"(19, 62, 72)",68.75037307382156
5222,"(53, 62, 63)",68.7714394005925
5223,"(19, 44, 71)",68.58127957457489
5224,"(31, 70, 72)",68.72041912724332
5225,"(14, 15, 57)",68.77689099615819
5226,"(18, 43, 56)",68.43693498238372
5227,"(39, 52, 56)",68.64379976561368
5228,"(21, 27, 52)",68.75255936083772
5229,"(2, 13, 17)",68.91070717334571
5230,"(57, 58, 64)",68.60521886691211
5231,"(18, 50, 69)",68.70318760068302
5232,"(8, 35, 59)",68.63859381900832
5233,"(42, 48, 64)",68.48750270027737
5234,"(19, 55, 61)",68.84714537437088
5235,"(5, 7, 20)",68.73610995715363
5236,"(1, 31, 48)",68.70529015166815
5237,"(10, 15, 37)",68.7591361419005
5238,"(37, 41, 42)",68.56833685776827
5239,"(10, 23, 38)",68.66874593232673
5240,"(10, 34, 73)",68.62333467573241
5241,"(18, 19, 28)",68.62614471819306
5242,"(8, 53, 63)",68.76361997856077
5243,"(12, 21, 38)",68.54645023678962
5244,"(14, 35, 70)",68.6510350921647
5245,"(46, 62, 67)",68.56319667634445
5246,"(2, 26, 71)",68.71069701132491
5247,"(2, 8, 48)",68.74385174455237
5248,"(18, 24, 51)",68.78206209844826
5249,"(19, 21, 35)",68.79395759993197
5250,"(6, 11, 56)",68.50640509799739
5251,"(21, 22, 52)",68.66695739197878
5252,"(6, 21, 46)",68.5361395002053
5253,"(51, 54, 69)",68.84897916337812
5254,"(19, 32, 38)",68.55142271815163
5255,"(22, 48, 74)",68.72902390924523
5256,"(27, 62, 74)",68.73308702526096
5257,"(6, 49, 72)",68.83276508871383
5258,"(1, 35, 41)",68.62864770734562
5259,"(43, 45, 51)",68.19579116643466
5260,"(32, 48, 61)",68.66334119655535
5261,"(16, 62, 63)",68.65532789604974
5262,"(31, 32, 70)",68.76809398643135
5263,"(3, 42, 50)",68.48258543800594
5264,"(14, 52, 57)",68.76598472838053
5265,"(10, 22, 63)",68.80562987853833
5266,"(31, 40, 54)",68.58845512574891
5267,"(3, 8, 19)",68.48522140551776
5268,"(6, 44, 56)",68.41849823855547
5269,"(6, 23, 68)",68.66618113362506
5270,"(2, 5, 21)",68.80560943221829
5271,"(6, 43, 60)",68.48075956242042
5272,"(36, 47, 61)",68.59608486369828
5273,"(42, 53, 58)",68.46296934366245
5274,"(46, 66, 72)",68.61512534384728
5275,"(11, 12, 63)",68.71045233625559
5276,"(34, 37, 72)",68.65881166310774
5277,"(6, 20, 50)",68.56957421209219
5278,"(40, 51, 71)",68.34496400271767
5279,"(4, 45, 60)",68.40923352107622
5280,"(29, 40, 56)",68.29660818314575
5281,"(16, 48, 56)",68.71620705010382
5282,"(13, 53, 64)",68.72211606881488
5283,"(22, 25, 62)",68.51183753769237
5284,"(6, 59, 64)",68.64350147914445
5285,"(21, 26, 35)",68.65499489776961
5286,"(2, 48, 52)",68.81946405162857
5287,"(46, 62, 71)",68.52245022497824
5288,"(6, 21, 38)",68.48842179847875
5289,"(5, 17, 38)",68.7211323727673
5290,"(2, 30, 64)",68.57848533012806
5291,"(4, 14, 67)",68.76121168098703
5292,"(60, 64, 68)",68.77321302189617
5293,"(25, 55, 73)",68.50597809369712
5294,"(36, 42, 72)",68.50315058880474
5295,"(22, 56, 63)",68.66671114019735
5296,"(41, 43, 60)",68.60666468963899
5297,"(1, 53, 54)",68.72611788950621
5298,"(53, 59, 65)",68.72651877779509
5299,"(12, 30, 43)",68.37523681677114
5300,"(42, 46, 66)",68.50846756823104
5301,"(25, 45, 56)",68.00745346640565
5302,"(21, 55, 70)",68.72072256802271
5303,"(38, 40, 74)",68.35319724877289
5304,"(27, 35, 74)",68.724492573518
5305,"(0, 1, 21)",68.67751139284636
5306,"(3, 9, 14)",68.45191987543333
5307,"(57, 68, 74)",68.81795946215112
5308,"(3, 20, 64)",68.39248425305702
5309,"(20, 21, 38)",68.6198104614341
5310,"(6, 17, 68)",68.75383477800078
5311,"(21, 50, 64)",68.67976874453431
5312,"(0, 11, 18)",68.76129583525318
5313,"(0, 4, 69)",68.71763380875873
5314,"(21, 49, 50)",68.72388240887604
5315,"(44, 63, 69)",68.48082419166154
5316,"(13, 14, 26)",68.7693146145573
5317,"(15, 66, 67)",68.58064452724796
5318,"(17, 60, 70)",68.81173905269395
5319,"(7, 24, 37)",68.74290176295779
5320,"(15, 47, 59)",68.63956082843679
5321,"(14, 15, 43)",68.61050222963298
5322,"(8, 13, 38)",68.61493443221134
5323,"(25, 28, 73)",68.52016550529805
5324,"(2, 18, 48)",68.7498350340401
5325,"(35, 56, 57)",68.68521989064287
5326,"(30, 51, 59)",68.63073395587446
5327,"(0, 1, 30)",68.65819825623272
5328,"(22, 32, 55)",68.66282168826403
5329,"(14, 51, 57)",68.81708144109787
5330,"(14, 32, 61)",68.69115728846667
5331,"(4, 19, 30)",68.60371744311199
5332,"(9, 12, 37)",68.6540452408731
5333,"(18, 64, 72)",68.671591432361
5334,"(14, 15, 27)",68.72346881842593
5335,"(3, 27, 36)",68.53386699809684
5336,"(24, 37, 66)",68.6718689337398
5337,"(11, 38, 57)",68.69738908193615
5338,"(44, 57, 64)",68.6300729522986
5339,"(10, 13, 15)",68.77808494157499
5340,"(43, 47, 53)",68.52941745354393
5341,"(11, 24, 57)",68.8058408426586
5342,"(1, 16, 26)",68.72956024320696
5343,"(9, 48, 52)",68.63777534544272
5344,"(24, 45, 53)",68.35879369639443
5345,"(55, 62, 74)",68.64961417546252
5346,"(7, 16, 71)",68.72080531611574
5347,"(14, 22, 57)",68.74078530925696
5348,"(3, 53, 59)",68.51208966624863
5349,"(1, 22, 33)",68.62560764602628
5350,"(13, 47, 71)",68.67423511983742
5351,"(23, 37, 53)",68.79250469011696
5352,"(7, 50, 67)",68.74029904471305
5353,"(23, 42, 52)",68.69803382254422
5354,"(14, 59, 66)",68.6556206703582
5355,"(0, 39, 54)",68.79323843641664
5356,"(20, 33, 37)",68.66386896617718
5357,"(5, 42, 68)",68.59297815586795
5358,"(24, 31, 72)",68.70986991944467
5359,"(5, 35, 48)",68.65352494191025
5360,"(6, 49, 61)",68.8572570049862
5361,"(18, 22, 60)",68.7237958248846
5362,"(13, 27, 71)",68.70638871474698
5363,"(19, 47, 55)",68.65095895030299
5364,"(0, 36, 74)",68.7102107802098
5365,"(20, 45, 69)",68.38896831359634
5366,"(49, 55, 61)",68.77213976849264
5367,"(9, 53, 60)",68.71662444594622
5368,"(26, 45, 54)",68.35219217647311
5369,"(12, 16, 53)",68.70589010508077
5370,"(20, 25, 36)",68.50459822671057
5371,"(49, 54, 67)",68.8161924135406
5372,"(8, 48, 51)",68.7148884755679
5373,"(30, 39, 40)",68.32141815177717
5374,"(15, 39, 51)",68.69470793829336
5375,"(8, 14, 39)",68.70456736664113
5376,"(2, 25, 53)",68.66144247891206
5377,"(8, 28, 37)",68.53428335685638
5378,"(50, 52, 57)",68.70747241788155
5379,"(19, 70, 71)",68.74755622576664
5380,"(36, 45, 52)",68.40609344944421
5381,"(4, 41, 66)",68.69709598115111
5382,"(46, 54, 65)",68.62848748755738
5383,"(34, 49, 55)",68.83699452367678
5384,"(30, 33, 74)",68.58734333180824
5385,"(13, 63, 67)",68.74965056728139
5386,"(6, 28, 59)",68.47530466658161
5387,"(8, 49, 66)",68.6457925185656
5388,"(8, 38, 43)",68.3806074653541
5389,"(29, 51, 57)",68.81663226758522
5390,"(28, 39, 57)",68.58194253411897
5391,"(0, 7, 41)",68.73235593247583
5392,"(14, 32, 56)",68.55495658873775
5393,"(27, 49, 64)",68.85260352689644
5394,"(2, 31, 52)",68.8333431127347
5395,"(38, 39, 71)",68.51752428490016
5396,"(2, 7, 53)",68.9852919579361
5397,"(8, 51, 65)",68.60921701555559
5398,"(23, 24, 71)",68.75426728608724
5399,"(4, 27, 54)",68.76204380658876
5400,"(24, 54, 57)",68.71375342450321
5401,"(45, 67, 72)",68.2260216958196
5402,"(13, 15, 73)",68.7660009544294
5403,"(21, 30, 72)",68.51595289153151
5404,"(24, 27, 41)",68.74638388249124
5405,"(16, 37, 49)",68.83516826379068
5406,"(1, 57, 62)",68.59828170233727
5407,"(7, 50, 71)",68.73729109568723
5408,"(20, 43, 61)",68.60517916721864
5409,"(2, 62, 64)",68.61559342919031
5410,"(5, 31, 47)",68.5571413150403
5411,"(12, 17, 54)",68.81973806032708
5412,"(1, 15, 37)",68.6304432288845
5413,"(24, 30, 59)",68.58797541740275
5414,"(23, 31, 49)",68.77549415507293
5415,"(20, 23, 24)",68.72501623641635
5416,"(46, 52, 57)",68.82495561486583
5417,"(32, 60, 63)",68.790602332967
5418,"(42, 44, 49)",68.61613929688014
5419,"(0, 34, 58)",68.50005720833563
5420,"(11, 42, 64)",68.56543590288543
5421,"(8, 12, 40)",68.35460304658942
5422,"(11, 35, 69)",68.78107780177295
5423,"(1, 21, 70)",68.79110242504626
5424,"(25, 34, 60)",68.54907166408377
5425,"(3, 62, 64)",68.40972228492345
5426,"(4, 54, 68)",68.78706288225922
5427,"(3, 5, 15)",68.53295448727086
5428,"(26, 38, 44)",68.47040284449788
5429,"(24, 52, 56)",68.5103811784226
5430,"(0, 8, 12)",68.68540079389213
5431,"(32, 45, 73)",68.17963934107173
5432,"(38, 61, 71)",68.61175218441713
5433,"(23, 28, 49)",68.70120338630275
5434,"(30, 38, 72)",68.52401182049603
5435,"(5, 21, 71)",68.6892191366919
5436,"(2, 28, 42)",68.54727320924738
5437,"(8, 27, 37)",68.66350963326052
5438,"(0, 7, 45)",68.30320733502893
5439,"(11, 12, 65)",68.6695978742693
5440,"(0, 7, 70)",68.70876651764132
5441,"(57, 63, 69)",68.77087523872379
5442,"(14, 17, 50)",68.78152375473175
5443,"(3, 67, 72)",68.38020191707392
5444,"(48, 65, 74)",68.74602089346948
5445,"(7, 60, 71)",68.7983521917768
5446,"(21, 22, 46)",68.68283777976869
5447,"(10, 60, 65)",68.78559550285848
5448,"(3, 56, 61)",68.45505577519447
5449,"(17, 32, 54)",68.75699881068908
5450,"(36, 46, 50)",68.61199744554612
5451,"(16, 20, 26)",68.76218176351122
5452,"(21, 30, 38)",68.44497000590796
5453,"(15, 66, 72)",68.63936586881883
5454,"(7, 17, 58)",68.54162517252622
5455,"(7, 20, 39)",68.71614702210972
5456,"(0, 10, 71)",68.65708926813167
5457,"(11, 26, 59)",68.77409471072677
5458,"(36, 39, 50)",68.69416267451969
5459,"(10, 43, 66)",68.54328018906918
5460,"(46, 57, 73)",68.69455049687578
5461,"(3, 68, 73)",68.37160636980275
5462,"(9, 26, 37)",68.65680960050712
5463,"(18, 34, 39)",68.69041355544384
5464,"(14, 20, 23)",68.70470100986792
5465,"(5, 22, 48)",68.58488309785959
5466,"(19, 65, 74)",68.76915763000602
5467,"(6, 24, 58)",68.38977370865022
5468,"(7, 15, 23)",68.80209825817978
5469,"(8, 18, 53)",68.64785008251985
5470,"(25, 36, 62)",68.47258846434366
5471,"(1, 19, 53)",68.69615836173206
5472,"(13, 50, 56)",68.59676790319465
5473,"(8, 32, 54)",68.64988229065206
5474,"(21, 35, 66)",68.63457430917727
5475,"(21, 30, 66)",68.41855342153058
5476,"(25, 33, 69)",68.53487794983809
5477,"(22, 53, 57)",68.80005088728451
5478,"(11, 38, 51)",68.6062280172865
5479,"(14, 19, 43)",68.68557712499017
5480,"(17, 28, 36)",68.6472486185946
5481,"(5, 35, 73)",68.67065847145366
5482,"(9, 39, 52)",68.56719290480898
5483,"(17, 20, 56)",68.65874864380469
5484,"(43, 48, 70)",68.57905768104338
5485,"(5, 17, 27)",68.75210779507528
5486,"(12, 20, 25)",68.57100838619404
5487,"(14, 19, 27)",68.73827751931513
5488,"(1, 45, 58)",67.95479817334666
5489,"(10, 30, 62)",68.4969373557441
5490,"(0, 68, 70)",68.72838797322574
5491,"(38, 58, 74)",68.46902307083467
5492,"(7, 11, 66)",68.75872312954942
5493,"(37, 53, 58)",68.52423975643899
5494,"(16, 34, 67)",68.5674358953746
5495,"(18, 43, 54)",68.5899858190249
5496,"(3, 27, 55)",68.47304680097548
5497,"(2, 11, 22)",68.74389046026643
5498,"(22, 25, 46)",68.5517497012829
5499,"(12, 41, 58)",68.50850053933138
5500,"(18, 27, 70)",68.79152056311287
5501,"(7, 36, 37)",68.79533064906258
5502,"(3, 54, 65)",68.49956816271843
5503,"(40, 54, 58)",68.36605084289323
5504,"(0, 38, 40)",68.35361782147814
5505,"(23, 69, 72)",68.74175822524656
5506,"(42, 48, 73)",68.45195267236541
5507,"(4, 51, 58)",68.4586955717789
5508,"(35, 42, 61)",68.61843912496438
5509,"(10, 59, 60)",68.71002058029651
5510,"(26, 33, 72)",68.6478506674867
5511,"(31, 53, 61)",68.70828361270578
5512,"(0, 10, 39)",68.64929230359165
5513,"(12, 44, 55)",68.52274394442443
5514,"(13, 22, 52)",68.79492643467941
5515,"(45, 47, 54)",68.19319890344843
5516,"(4, 38, 71)",68.44461761169708
5517,"(1, 23, 70)",68.64812334011121
5518,"(8, 35, 48)",68.61099158213715
5519,"(33, 66, 69)",68.61984867115251
5520,"(13, 37, 45)",68.2987179282127
5521,"(20, 39, 51)",68.66700690364821
5522,"(17, 40, 58)",68.30030231352796
5523,"(13, 24, 63)",68.83325377918237
5524,"(44, 63, 74)",68.53433241378207
5525,"(66, 69, 71)",68.63531138292929
5526,"(5, 13, 64)",68.71387439915486
5527,"(12, 38, 71)",68.61932895820931
5528,"(2, 20, 37)",68.77759665168963
5529,"(13, 19, 62)",68.6428430555674
5530,"(9, 22, 46)",68.52796782705448
5531,"(1, 22, 40)",68.4911069936814
5532,"(7, 23, 62)",68.70512494580417
5533,"(27, 28, 36)",68.50051929825548
5534,"(21, 25, 28)",68.51686593403772
5535,"(14, 28, 69)",68.53656095322016
5536,"(4, 58, 73)",68.50392138608588
5537,"(12, 19, 36)",68.79149094780767
5538,"(3, 21, 23)",68.47133118794004
5539,"(3, 5, 44)",68.39706565835395
5540,"(13, 21, 35)",68.77027280876163
5541,"(13, 20, 38)",68.63862474207426
5542,"(43, 46, 51)",68.48404189607432
5543,"(24, 52, 64)",68.75278848380239
5544,"(17, 44, 70)",68.57880722724627
5545,"(41, 57, 66)",68.79184901428789
5546,"(8, 29, 62)",68.70163258154463
5547,"(15, 59, 74)",68.80446136446623
5548,"(12, 27, 58)",68.48255439102282
5549,"(1, 30, 56)",68.53580930391384
5550,"(21, 51, 63)",68.69546847585207
5551,"(6, 30, 56)",68.49071475886359
5552,"(22, 48, 64)",68.77695867848723
5553,"(2, 23, 60)",68.77482087421647
5554,"(10, 29, 30)",68.54901032993533
5555,"(26, 52, 53)",68.76753637768577
5556,"(14, 39, 55)",68.69557312731122
5557,"(35, 37, 63)",68.69262718848321
5558,"(1, 42, 55)",68.68851322639946
5559,"(14, 32, 42)",68.52199890523865
5560,"(57, 59, 68)",68.73454566820946
5561,"(20, 42, 49)",68.72342285915514
5562,"(55, 59, 71)",68.65654362875813
5563,"(28, 30, 50)",68.51772948500363
5564,"(11, 30, 72)",68.58281177188171
5565,"(33, 36, 73)",68.69778992244079
5566,"(5, 15, 26)",68.63139100415634
5567,"(33, 53, 61)",68.67072568815667
5568,"(31, 57, 71)",68.71901371991203
5569,"(11, 15, 64)",68.76896744883585
5570,"(14, 25, 31)",68.57637125176986
5571,"(11, 54, 57)",68.88017989573011
5572,"(16, 18, 57)",68.80053695448713
5573,"(5, 67, 72)",68.69118587210612
5574,"(12, 16, 49)",68.81507033165094
5575,"(13, 30, 57)",68.65826783078452
5576,"(1, 45, 52)",68.02203636631198
5577,"(14, 19, 54)",68.80097572249488
5578,"(3, 41, 48)",68.50972017623548
5579,"(13, 27, 61)",68.80711418438075
5580,"(8, 25, 49)",68.49576227474037
5581,"(10, 13, 48)",68.66946686666935
5582,"(15, 34, 68)",68.69095560294859
5583,"(16, 25, 35)",68.51602753063484
5584,"(8, 11, 39)",68.69622078596547
5585,"(2, 13, 16)",68.79153022540753
5586,"(34, 51, 74)",68.82937935524613
5587,"(17, 63, 71)",68.75405437386623
5588,"(29, 45, 62)",68.27650938046102
5589,"(41, 48, 74)",68.7137404873151
5590,"(0, 26, 32)",68.71338287681392
5591,"(3, 11, 25)",68.46083628000336
5592,"(31, 56, 60)",68.71690119581821
5593,"(33, 51, 73)",68.77931537018918
5594,"(27, 31, 46)",68.73139595317444
5595,"(16, 17, 41)",68.79798934334765
5596,"(45, 50, 68)",68.35480400155006
5597,"(14, 22, 68)",68.7279897891498
5598,"(30, 53, 69)",68.62676603385542
5599,"(35, 40, 56)",68.34359690431799
5600,"(16, 36, 69)",68.70624815301557
5601,"(41, 50, 60)",68.68967865852686
5602,"(50, 54, 74)",68.73055624207252
5603,"(8, 24, 47)",68.5927126870531
5604,"(5, 6, 32)",68.5574086644599
5605,"(40, 49, 73)",68.56475718129073
5606,"(11, 32, 44)",68.63632917443134
5607,"(40, 68, 72)",68.50114903137923
5608,"(4, 10, 60)",68.75712201825169
5609,"(28, 66, 70)",68.49966791890407
5610,"(31, 55, 74)",68.84177844434758
5611,"(5, 30, 51)",68.6546814375803
5612,"(6, 35, 38)",68.52221482462576
5613,"(3, 59, 61)",68.51687607130094
5614,"(9, 60, 73)",68.54826055610016
5615,"(27, 30, 61)",68.65422990667419
5616,"(5, 47, 72)",68.63181784702458
5617,"(31, 55, 70)",68.85427567943977
5618,"(7, 21, 70)",68.78544425877686
5619,"(55, 56, 64)",68.55177446502802
5620,"(31, 38, 65)",68.60963690004475
5621,"(21, 54, 74)",68.7450172686717
5622,"(10, 42, 48)",68.59832763127145
5623,"(47, 51, 58)",68.45984011148364
5624,"(3, 56, 67)",68.38191700561892
5625,"(10, 35, 71)",68.71848748058062
5626,"(3, 34, 51)",68.42434401256745
5627,"(21, 26, 70)",68.71584124553596
5628,"(5, 15, 23)",68.75269838465996
5629,"(6, 71, 72)",68.64847780156751
5630,"(16, 31, 49)",68.85265246320667
5631,"(42, 56, 68)",68.61054841938675
5632,"(44, 54, 61)",68.49048136970313
5633,"(0, 2, 57)",68.80093958519586
5634,"(20, 48, 51)",68.75556033496275
5635,"(28, 30, 51)",68.52288041201489
5636,"(56, 70, 71)",68.62133374921797
5637,"(24, 37, 38)",68.69431138148234
5638,"(16, 33, 37)",68.76691252421571
5639,"(27, 46, 57)",68.7212390076199
5640,"(10, 26, 68)",68.6742871618458
5641,"(5, 38, 49)",68.71115104501347
5642,"(26, 53, 65)",68.72421125503296
5643,"(28, 30, 53)",68.51815524514062
5644,"(54, 55, 65)",68.69040279592818
5645,"(18, 59, 73)",68.68444789254879
5646,"(19, 26, 35)",68.76218879143762
5647,"(6, 37, 47)",68.51265512057012
5648,"(5, 61, 73)",68.66048903875675
5649,"(9, 30, 46)",68.41894013660117
5650,"(0, 15, 27)",68.67803219996287
5651,"(23, 63, 68)",68.7883027783302
5652,"(41, 55, 68)",68.75045885142788
5653,"(62, 66, 74)",68.64965560942117
5654,"(4, 29, 67)",68.71888271384788
5655,"(14, 32, 53)",68.67618262357409
5656,"(26, 31, 73)",68.62315910674087
5657,"(40, 57, 73)",68.54419338641358
5658,"(25, 26, 55)",68.54415369701641
5659,"(15, 45, 53)",68.38904661836516
5660,"(24, 42, 62)",68.58855126005953
5661,"(10, 12, 54)",68.79811374976137
5662,"(7, 11, 44)",68.5720307618167
5663,"(60, 65, 67)",68.70147420214805
5664,"(22, 27, 40)",68.57875225539578
5665,"(7, 17, 52)",68.8871565396471
5666,"(0, 4, 51)",68.68409447444127
5667,"(2, 46, 66)",68.6751865021918
5668,"(4, 49, 61)",68.76260344706854
5669,"(1, 44, 48)",68.49867786457654
5670,"(11, 14, 47)",68.63783269300427
5671,"(22, 24, 58)",68.48516490665806
5672,"(1, 21, 38)",68.60262443175993
5673,"(27, 63, 68)",68.80554424067923
5674,"(2, 23, 67)",68.72526677863752
5675,"(6, 19, 61)",68.68416115400697
5676,"(11, 44, 66)",68.56938193612947
5677,"(3, 23, 42)",68.45453215079458
5678,"(8, 18, 68)",68.63738759028047
5679,"(5, 29, 54)",68.74774746678891
5680,"(20, 45, 71)",68.28538124776897
5681,"(33, 67, 73)",68.65365322460023
5682,"(21, 23, 60)",68.77510258890234
5683,"(10, 51, 71)",68.69224777729929
5684,"(1, 18, 26)",68.68311716484656
5685,"(3, 36, 69)",68.51870282605368
5686,"(10, 18, 59)",68.73616647863395
5687,"(16, 24, 48)",68.64441892867644
5688,"(9, 21, 41)",68.66943039637259
5689,"(1, 6, 45)",68.11786068989704
5690,"(5, 37, 41)",68.65159907447234
5691,"(14, 59, 72)",68.77205482297713
5692,"(24, 28, 46)",68.4779982291946
5693,"(7, 19, 69)",68.74119219348303
5694,"(8, 14, 23)",68.6328960201425
5695,"(14, 18, 38)",68.5827845084365
5696,"(20, 31, 60)",68.78061406292281
5697,"(0, 51, 63)",68.74501362979629
5698,"(10, 52, 55)",68.78121260061882
5699,"(18, 47, 57)",68.59772792040395
5700,"(25, 56, 69)",68.51801994152586
5701,"(7, 69, 73)",68.69406867888202
5702,"(3, 26, 65)",68.53827388920506
5703,"(23, 46, 66)",68.56741016754235
5704,"(19, 20, 74)",68.80671881916909
5705,"(14, 28, 34)",68.44862349547196
5706,"(18, 33, 70)",68.6815202606253
5707,"(27, 34, 69)",68.71500366364477
5708,"(23, 30, 48)",68.58133379989107
5709,"(26, 45, 63)",68.27310019961314
5710,"(0, 12, 51)",68.7324194444918
5711,"(8, 26, 35)",68.61193234182402
5712,"(7, 23, 52)",68.79861930242804
5713,"(50, 68, 72)",68.65191108872153
5714,"(9, 36, 58)",68.42249097851
5715,"(34, 56, 62)",68.58434466127812
5716,"(39, 56, 58)",68.40826799796524
5717,"(42, 56, 58)",68.3931774770634
5718,"(38, 44, 62)",68.33328060395091
5719,"(21, 45, 48)",68.3272897794589
5720,"(22, 49, 56)",68.71663862922975
5721,"(30, 54, 61)",68.61986252359327
5722,"(19, 20, 49)",68.84258132577969
5723,"(1, 20, 64)",68.67065844808498
5724,"(15, 34, 54)",68.71142927991164
5725,"(49, 63, 67)",68.85320057816264
5726,"(4, 31, 42)",68.68146240084691
5727,"(5, 53, 61)",68.71318892875729
5728,"(13, 23, 71)",68.72855996653855
5729,"(1, 7, 69)",68.53681845435607
5730,"(2, 33, 39)",68.7576092860913
5731,"(13, 43, 67)",68.61109446698075
5732,"(5, 50, 51)",68.75297430678422
5733,"(2, 11, 63)",68.81686895441972
5734,"(22, 24, 54)",68.71917422227291
5735,"(26, 63, 66)",68.60305815986175
5736,"(4, 28, 68)",68.57899269693202
5737,"(59, 67, 72)",68.69601728668798
5738,"(11, 20, 54)",68.82111437923591
5739,"(15, 38, 56)",68.59128833395822
5740,"(50, 54, 68)",68.78793228964234
5741,"(33, 35, 50)",68.67884072773786
5742,"(29, 42, 68)",68.67737261890726
5743,"(43, 55, 74)",68.54223480749842
5744,"(26, 36, 53)",68.76448305670569
5745,"(15, 42, 56)",68.57200498825938
5746,"(38, 44, 54)",68.46380013288864
5747,"(0, 5, 34)",68.60319139875173
5748,"(31, 37, 72)",68.71495274628096
5749,"(28, 35, 61)",68.47460067870921
5750,"(4, 10, 15)",68.76155027499587
5751,"(41, 58, 69)",68.52661990532025
5752,"(15, 20, 21)",68.81176642178986
5753,"(42, 65, 73)",68.48245735021136
5754,"(35, 37, 40)",68.51820495337583
5755,"(61, 67, 68)",68.76188632356781
5756,"(13, 19, 59)",68.82081051641666
5757,"(1, 35, 65)",68.57216805602569
5758,"(54, 57, 61)",68.79482208126004
5759,"(15, 52, 66)",68.69153514401388
5760,"(35, 44, 72)",68.40817511871917
5761,"(3, 11, 50)",68.52485593849507
5762,"(28, 42, 67)",68.47376040365101
5763,"(26, 33, 51)",68.66062153060525
5764,"(0, 7, 53)",68.72847402303309
5765,"(1, 53, 56)",68.72223238683262
5766,"(2, 51, 69)",68.7969025444978
5767,"(0, 22, 66)",68.64892318259265
5768,"(9, 46, 65)",68.62782952695927
5769,"(38, 58, 62)",68.31542007332033
5770,"(12, 59, 74)",68.72916108192787
5771,"(16, 28, 55)",68.54064295012276
5772,"(5, 40, 56)",68.38551135833369
5773,"(22, 39, 74)",68.75342622807675
5774,"(12, 51, 67)",68.74337896232568
5775,"(29, 33, 60)",68.72683105625555
5776,"(5, 40, 65)",68.52771042909119
5777,"(11, 50, 66)",68.64445187732368
5778,"(47, 60, 62)",68.51801841088431
5779,"(4, 13, 24)",68.60035094977947
5780,"(9, 27, 36)",68.63235100632474
5781,"(56, 60, 64)",68.63616977580898
5782,"(13, 52, 62)",68.68085545721263
5783,"(38, 55, 60)",68.62422776248718
5784,"(18, 19, 56)",68.67158519228774
5785,"(11, 21, 47)",68.65125046040048
5786,"(3, 10, 41)",68.48937743581725
5787,"(17, 40, 63)",68.556965526121
5788,"(41, 56, 73)",68.60378851087708
5789,"(22, 41, 60)",68.73717486413146
5790,"(6, 38, 43)",68.42181608445688
5791,"(29, 31, 48)",68.71412116769542
5792,"(40, 43, 74)",68.36204802413648
5793,"(9, 40, 73)",68.35441818223606
5794,"(3, 53, 68)",68.48019782315556
5795,"(2, 44, 66)",68.5711699211665
5796,"(8, 56, 67)",68.52505148668409
5797,"(22, 40, 46)",68.45871161948153
5798,"(34, 58, 60)",68.52320304424772
5799,"(1, 12, 73)",68.58671000429915
5800,"(7, 16, 42)",68.64418236940392
5801,"(28, 48, 66)",68.39987683282864
5802,"(30, 31, 56)",68.51713943248153
5803,"(27, 59, 64)",68.76620153717923
5804,"(22, 50, 66)",68.54787618213338
5805,"(5, 46, 49)",68.84550709881559
5806,"(8, 43, 57)",68.6770857190151
5807,"(2, 10, 51)",68.7969863615549
5808,"(51, 58, 66)",68.47349727995187
5809,"(60, 65, 72)",68.70170630392965
5810,"(20, 44, 69)",68.54852912800493
5811,"(32, 41, 56)",68.59306850790531
5812,"(21, 43, 69)",68.66808202517387
5813,"(27, 32, 33)",68.79776930279789
5814,"(1, 8, 49)",68.77761570879791
5815,"(14, 43, 47)",68.48180954006031
5816,"(4, 9, 24)",68.58446631255711
5817,"(12, 29, 62)",68.69687279310929
5818,"(30, 38, 56)",68.3447506176093
5819,"(2, 4, 52)",68.67203442643908
5820,"(5, 18, 52)",68.69305846546419
5821,"(31, 40, 45)",68.16764310664787
5822,"(31, 56, 63)",68.67486463829489
5823,"(1, 29, 42)",68.61223280172439
5824,"(5, 49, 59)",68.89096178643659
5825,"(37, 61, 62)",68.70406196780141
5826,"(9, 17, 30)",68.59417195289528
5827,"(3, 54, 73)",68.41671906810525
5828,"(29, 56, 58)",68.42328584084967
5829,"(10, 14, 17)",68.73913722662986
5830,"(8, 51, 67)",68.61603782951703
5831,"(52, 59, 72)",68.74419868880653
5832,"(13, 66, 72)",68.59396571530509
5833,"(31, 41, 52)",68.78685817070307
5834,"(14, 48, 57)",68.80583648687598
5835,"(3, 14, 68)",68.49678377636702
5836,"(7, 53, 58)",68.56073251593266
5837,"(12, 24, 65)",68.66596404057262
5838,"(28, 37, 74)",68.51340978144366
5839,"(22, 29, 30)",68.51863198974428
5840,"(2, 30, 36)",68.6390582636188
5841,"(58, 60, 73)",68.55102165203732
5842,"(41, 57, 72)",68.82679215658256
5843,"(20, 50, 52)",68.66479731322019
5844,"(29, 41, 57)",68.86210358781781
5845,"(10, 29, 51)",68.8091238327328
5846,"(16, 49, 65)",68.84165262023451
5847,"(3, 32, 63)",68.4019693577967
5848,"(16, 57, 71)",68.7072411473102
5849,"(33, 57, 71)",68.73088382303375
5850,"(7, 17, 23)",68.89226222388992
5851,"(45, 53, 57)",68.41232184603896
5852,"(16, 28, 52)",68.58922198431516
5853,"(26, 31, 69)",68.64474065971685
5854,"(31, 50, 72)",68.71916593412783
5855,"(13, 15, 72)",68.79050809154313
5856,"(54, 59, 66)",68.76658835125593
5857,"(34, 43, 67)",68.47694779237783
5858,"(12, 19, 71)",68.66577199509872
5859,"(28, 59, 60)",68.54472796611712
5860,"(0, 11, 62)",68.66926353032292
5861,"(7, 8, 44)",68.58386939860598
5862,"(15, 19, 58)",68.55839493610159
5863,"(2, 5, 23)",68.71354976555288
5864,"(2, 39, 64)",68.82769573317246
5865,"(13, 17, 56)",68.84965713338292
5866,"(12, 51, 59)",68.80747238108354
5867,"(34, 50, 52)",68.69771272617578
5868,"(38, 46, 58)",68.27353386839691
5869,"(32, 59, 70)",68.72701548353176
5870,"(8, 22, 42)",68.4969867740693
5871,"(50, 64, 74)",68.72226172130095
5872,"(23, 37, 60)",68.77939665454106
5873,"(36, 37, 43)",68.51140293727859
5874,"(53, 54, 61)",68.81285865073595
5875,"(11, 37, 41)",68.81321101651199
5876,"(24, 28, 44)",68.29790005548134
5877,"(6, 9, 73)",68.54437877063104
5878,"(6, 27, 73)",68.5809366631249
5879,"(11, 58, 64)",68.58290386954226
5880,"(25, 32, 40)",68.35160230525521
5881,"(23, 28, 45)",68.26712926232904
5882,"(4, 15, 64)",68.76137691425066
5883,"(1, 57, 72)",68.67842121050029
5884,"(3, 18, 73)",68.4181790492874
5885,"(9, 23, 60)",68.6877542827364
5886,"(48, 52, 57)",68.80982690751381
5887,"(26, 30, 71)",68.68874538869841
5888,"(29, 34, 57)",68.79175158331299
5889,"(37, 40, 55)",68.41464345164626
5890,"(5, 35, 36)",68.7782520534189
5891,"(36, 37, 46)",68.57700546754248
5892,"(15, 18, 27)",68.76071928479347
5893,"(11, 25, 42)",68.36217431275186
5894,"(54, 55, 68)",68.65987961072979
5895,"(7, 10, 25)",68.62152128771697
5896,"(49, 52, 68)",68.9357897073032
5897,"(12, 22, 28)",68.55254775879595
5898,"(38, 50, 70)",68.54660652602298
5899,"(7, 26, 60)",68.73537573278816
5900,"(3, 11, 37)",68.51501369157027
5901,"(13, 15, 65)",68.75128748324326
5902,"(44, 68, 73)",68.39317321887161
5903,"(0, 61, 71)",68.68738742251887
5904,"(4, 45, 71)",68.29135708074253
5905,"(16, 22, 36)",68.74397333551588
5906,"(7, 18, 42)",68.71770016627165
5907,"(11, 34, 57)",68.72468067660387
5908,"(8, 50, 68)",68.64102000598905
5909,"(5, 12, 40)",68.4384446130979
5910,"(0, 63, 73)",68.6580155287855
5911,"(22, 34, 54)",68.63595116322674
5912,"(18, 66, 68)",68.65892500889466
5913,"(7, 17, 50)",68.76984822501826
5914,"(37, 48, 58)",68.43177663552883
5915,"(36, 43, 49)",68.62729518700748
5916,"(34, 43, 44)",68.34450907970495
5917,"(46, 55, 69)",68.67862405045511
5918,"(0, 8, 69)",68.67613023954362
5919,"(16, 46, 60)",68.74081053891345
5920,"(21, 31, 74)",68.76838019605955
5921,"(7, 15, 67)",68.78753510519728
5922,"(1, 14, 48)",68.70718201778207
5923,"(16, 50, 53)",68.66899456536235
5924,"(52, 54, 63)",68.78207017161884
5925,"(17, 23, 38)",68.5169831866423
5926,"(4, 17, 74)",68.78498375486636
5927,"(27, 43, 56)",68.47345183932434
5928,"(27, 40, 42)",68.39339608152069
5929,"(13, 46, 56)",68.70825716829307
5930,"(5, 24, 42)",68.49872955084507
5931,"(3, 15, 20)",68.5582939947573
5932,"(29, 41, 70)",68.74921595365271
5933,"(10, 44, 61)",68.52807121503847
5934,"(34, 53, 71)",68.71730991333138
5935,"(0, 35, 54)",68.7509355227171
5936,"(50, 52, 60)",68.70087446637689
5937,"(1, 42, 72)",68.58647701353269
5938,"(14, 18, 63)",68.7343437407648
5939,"(6, 51, 57)",68.58706420256148
5940,"(3, 6, 53)",68.47816247341399
5941,"(1, 31, 32)",68.72631677299856
5942,"(10, 40, 41)",68.458118531352
5943,"(12, 23, 25)",68.45574318714567
5944,"(14, 55, 72)",68.63979784510526
5945,"(21, 22, 28)",68.58879666759817
5946,"(38, 61, 66)",68.5242371538813
5947,"(3, 27, 71)",68.44752274878242
5948,"(2, 34, 45)",68.2902608061305
5949,"(1, 9, 67)",68.63053057769244
5950,"(5, 42, 56)",68.50618740980521
5951,"(39, 42, 62)",68.5356339342561
5952,"(3, 17, 66)",68.46844309942885
5953,"(21, 39, 47)",68.65098386404608
5954,"(27, 41, 54)",68.76501660472898
5955,"(9, 27, 57)",68.76679889618869
5956,"(1, 53, 57)",68.75082805823311
5957,"(2, 14, 31)",68.80587197108225
5958,"(7, 18, 52)",68.81565956882037
5959,"(53, 61, 71)",68.71909823979348
5960,"(9, 36, 46)",68.6591305367999
5961,"(9, 13, 24)",68.7600851141839
5962,"(9, 21, 26)",68.6256371270885
5963,"(0, 21, 40)",68.39001466271019
5964,"(24, 69, 73)",68.6711620333746
5965,"(34, 59, 73)",68.6223749764579
5966,"(31, 38, 58)",68.38022482021357
5967,"(16, 29, 58)",68.51422507374798
5968,"(16, 37, 42)",68.59418921451442
5969,"(26, 44, 51)",68.58500659153304
5970,"(1, 8, 22)",68.49888953461499
5971,"(6, 22, 57)",68.72878750146904
5972,"(21, 38, 46)",68.47500806052693
5973,"(4, 16, 43)",68.61083744493965
5974,"(12, 17, 21)",68.71517592710532
5975,"(36, 52, 63)",68.61950141978527
5976,"(16, 65, 72)",68.76158366599857
5977,"(17, 42, 67)",68.66910987567563
5978,"(21, 25, 71)",68.48591407071635
5979,"(35, 57, 66)",68.65711654245757
5980,"(19, 37, 48)",68.7346902121164
5981,"(30, 46, 67)",68.4823376410371
5982,"(0, 8, 43)",68.53000367773363
5983,"(14, 31, 45)",68.33443381008014
5984,"(0, 37, 67)",68.70511170375714
5985,"(10, 42, 73)",68.62076712517468
5986,"(23, 57, 71)",68.80421881194955
5987,"(54, 56, 57)",68.70899132420253
5988,"(27, 39, 66)",68.61993765011661
5989,"(13, 39, 60)",68.77514618617494
5990,"(3, 43, 52)",68.47140952677084
5991,"(5, 23, 72)",68.71754052204325
5992,"(25, 31, 54)",68.55954682900463
5993,"(2, 28, 49)",68.66546183936975
5994,"(16, 40, 59)",68.49385784831932
5995,"(23, 40, 46)",68.41038948900417
5996,"(15, 29, 70)",68.780698102635
5997,"(19, 28, 58)",68.30402075984773
5998,"(26, 30, 61)",68.68874373738527
5999,"(36, 58, 61)",68.4747831792164
6000,"(1, 8, 52)",68.46257664824662
6001,"(26, 41, 74)",68.69962079332831
6002,"(22, 56, 57)",68.66191419791119
6003,"(0, 2, 47)",68.53387573254219
6004,"(16, 60, 69)",68.79963449316028
6005,"(31, 49, 61)",68.80578565392005
6006,"(34, 63, 73)",68.6032741401319
6007,"(20, 53, 74)",68.75991315117544
6008,"(40, 53, 68)",68.50386314641293
6009,"(5, 9, 45)",68.3767050476715
6010,"(27, 29, 68)",68.75552927908267
6011,"(16, 34, 63)",68.58590486974401
6012,"(45, 53, 60)",68.3540007384837
6013,"(1, 43, 62)",68.45497070855275
6014,"(3, 59, 74)",68.49191544595516
6015,"(26, 53, 66)",68.71899240882415
6016,"(23, 39, 46)",68.66645890666618
6017,"(12, 13, 16)",68.77690736526702
6018,"(20, 31, 65)",68.71159090024032
6019,"(8, 50, 69)",68.62711575543258
6020,"(12, 24, 61)",68.69418646552839
6021,"(0, 35, 38)",68.53394192665387
6022,"(15, 43, 67)",68.54110677246908
6023,"(27, 60, 74)",68.78557212227886
6024,"(21, 46, 54)",68.67429120469298
6025,"(50, 61, 73)",68.71561116224122
6026,"(4, 5, 21)",68.76585080004071
6027,"(23, 27, 47)",68.6350865690158
6028,"(29, 33, 66)",68.58650342750065
6029,"(4, 40, 42)",68.34947289796682
6030,"(17, 44, 58)",68.41395465456259
6031,"(11, 37, 57)",68.83704951584339
6032,"(4, 18, 20)",68.73076532093198
6033,"(4, 9, 45)",68.34100061561116
6034,"(28, 34, 59)",68.49442550387852
6035,"(46, 53, 58)",68.43164041115367
6036,"(29, 43, 59)",68.64674047841865
6037,"(48, 61, 72)",68.75391656349838
6038,"(26, 31, 68)",68.62554547104855
6039,"(20, 54, 64)",68.69906646488917
6040,"(15, 23, 74)",68.77842231127127
6041,"(30, 67, 68)",68.58090025121088
6042,"(39, 52, 69)",68.691925860303
6043,"(16, 17, 60)",68.78596241212082
6044,"(5, 11, 56)",68.70199766840048
6045,"(2, 26, 49)",68.99789892957862
6046,"(27, 29, 47)",68.55891134629867
6047,"(48, 53, 66)",68.62922001036424
6048,"(33, 64, 67)",68.67354298183854
6049,"(33, 40, 74)",68.49284862335675
6050,"(28, 48, 53)",68.4353739237993
6051,"(14, 44, 60)",68.53499004857414
6052,"(13, 14, 31)",68.72522979253921
6053,"(11, 44, 45)",68.02533532600935
6054,"(23, 57, 66)",68.78501123028623
6055,"(1, 29, 57)",68.72470809131389
6056,"(19, 35, 44)",68.4510894684931
6057,"(12, 32, 65)",68.72726663678598
6058,"(2, 51, 67)",68.82954964625215
6059,"(16, 30, 58)",68.37785817749126
6060,"(10, 30, 52)",68.63078448545149
6061,"(0, 11, 28)",68.61280735173641
6062,"(8, 12, 15)",68.73960464268485
6063,"(28, 49, 54)",68.70271286536163
6064,"(0, 57, 74)",68.77249250191674
6065,"(10, 34, 40)",68.44894700885465
6066,"(0, 24, 43)",68.67310099839517
6067,"(31, 40, 53)",68.50809137034395
6068,"(7, 26, 30)",68.72407898859107
6069,"(22, 26, 36)",68.65020572423876
6070,"(3, 7, 49)",68.60223837462924
6071,"(29, 50, 63)",68.70736013657195
6072,"(43, 45, 63)",68.15391461585506
6073,"(32, 60, 67)",68.73231284413835
6074,"(2, 5, 70)",68.84545014628773
6075,"(32, 58, 72)",68.58097017011582
6076,"(2, 32, 37)",68.67401237189132
6077,"(12, 18, 54)",68.79210696790142
6078,"(9, 49, 68)",68.78766499109034
6079,"(10, 20, 39)",68.71500272341278
6080,"(5, 25, 45)",68.0625161585262
6081,"(2, 7, 55)",68.92259003601663
6082,"(15, 44, 71)",68.5088734773653
6083,"(16, 17, 33)",68.79465445196679
6084,"(47, 55, 66)",68.53920425883429
6085,"(23, 25, 29)",68.36103885378388
6086,"(28, 37, 52)",68.52610514490024
6087,"(51, 58, 60)",68.53544547564162
6088,"(42, 50, 57)",68.61140696868272
6089,"(0, 43, 49)",68.69977193459849
6090,"(11, 43, 49)",68.73847405898046
6091,"(5, 6, 74)",68.63760985715173
6092,"(21, 53, 57)",68.75895930786828
6093,"(30, 54, 66)",68.52273088033944
6094,"(12, 35, 63)",68.74847775943957
6095,"(15, 19, 69)",68.79432599409928
6096,"(14, 30, 59)",68.60897509871899
6097,"(25, 29, 45)",68.00021962303782
6098,"(5, 25, 32)",68.48673085333068
6099,"(63, 64, 67)",68.77631105051097
6100,"(44, 56, 71)",68.498568848211
6101,"(30, 33, 41)",68.54023321046022
6102,"(14, 47, 58)",68.40497685202325
6103,"(30, 37, 66)",68.48264564748614
6104,"(42, 50, 58)",68.3123310498199
6105,"(1, 31, 35)",68.64723385472271
6106,"(41, 56, 57)",68.71136020563866
6107,"(22, 50, 51)",68.65246740685527
6108,"(1, 24, 36)",68.65611938620422
6109,"(23, 42, 49)",68.75876076047852
6110,"(17, 19, 40)",68.52466538698052
6111,"(41, 65, 74)",68.76587349608864
6112,"(33, 46, 59)",68.64133422529014
6113,"(10, 13, 33)",68.79091383626626
6114,"(6, 11, 57)",68.7266760642798
6115,"(35, 47, 56)",68.49369513839842
6116,"(4, 35, 49)",68.8109250138524
6117,"(36, 42, 71)",68.46132574156256
6118,"(38, 41, 53)",68.54192318573442
6119,"(3, 15, 33)",68.51975685674606
6120,"(6, 22, 41)",68.6507310733729
6121,"(0, 10, 16)",68.6953660986912
6122,"(31, 44, 52)",68.5935463148043
6123,"(53, 54, 59)",68.8001794377462
6124,"(2, 7, 16)",68.85108112507923
6125,"(47, 53, 56)",68.49175834418506
6126,"(15, 42, 51)",68.60114768867173
6127,"(3, 27, 42)",68.45420166178093
6128,"(26, 48, 70)",68.64773802562993
6129,"(15, 23, 27)",68.76265109714038
6130,"(9, 44, 47)",68.42682071629274
6131,"(5, 15, 18)",68.74008467172862
6132,"(11, 33, 48)",68.8123411189771
6133,"(3, 46, 74)",68.526585328008
6134,"(37, 40, 73)",68.41505786016366
6135,"(6, 7, 67)",68.59215988163203
6136,"(41, 43, 55)",68.54536267980633
6137,"(29, 39, 62)",68.59719962874256
6138,"(28, 44, 71)",68.41561247314782
6139,"(3, 54, 56)",68.48594324304395
6140,"(10, 46, 52)",68.72501900525997
6141,"(42, 48, 69)",68.50855053247781
6142,"(3, 4, 17)",68.50813042636031
6143,"(16, 25, 27)",68.57534396455753
6144,"(10, 48, 64)",68.72840308748182
6145,"(1, 32, 52)",68.70385595677809
6146,"(25, 27, 44)",68.32213005006871
6147,"(34, 56, 68)",68.60238037431759
6148,"(0, 5, 57)",68.74218115037871
6149,"(18, 47, 56)",68.52040521846331
6150,"(36, 50, 72)",68.65464195329542
6151,"(33, 45, 65)",68.28785677529417
6152,"(4, 10, 23)",68.73898255438955
6153,"(12, 30, 50)",68.60388008453428
6154,"(23, 26, 40)",68.50853807313464
6155,"(2, 3, 54)",68.4804711613128
6156,"(19, 56, 61)",68.66726091091071
6157,"(37, 60, 71)",68.74098988801056
6158,"(9, 10, 21)",68.67234030554118
6159,"(30, 37, 47)",68.54842664400064
6160,"(13, 18, 23)",68.71899315966941
6161,"(35, 55, 62)",68.59221221528473
6162,"(2, 34, 56)",68.58768067164011
6163,"(7, 29, 66)",68.72768994745762
6164,"(10, 58, 71)",68.51494482190728
6165,"(24, 25, 48)",68.60493864266223
6166,"(1, 7, 9)",68.72488148296729
6167,"(1, 9, 66)",68.67770951888097
6168,"(39, 44, 63)",68.51418621790775
6169,"(13, 19, 49)",68.96943717899214
6170,"(8, 24, 73)",68.58302205508176
6171,"(4, 50, 53)",68.79490476743592
6172,"(1, 47, 73)",68.5268921301157
6173,"(28, 40, 60)",68.32812449343467
6174,"(13, 56, 60)",68.7299674215288
6175,"(11, 45, 65)",68.4030307728172
6176,"(52, 64, 68)",68.7690394147165
6177,"(3, 11, 19)",68.43773486967031
6178,"(5, 29, 67)",68.66574432236378
6179,"(17, 42, 65)",68.64963418567926
6180,"(13, 36, 74)",68.79264835261088
6181,"(11, 30, 41)",68.56546338187488
6182,"(19, 33, 34)",68.78060621043886
6183,"(21, 31, 73)",68.70212648976339
6184,"(16, 23, 70)",68.68659034197961
6185,"(2, 22, 47)",68.6563624897345
6186,"(28, 53, 71)",68.55347584800454
6187,"(33, 47, 55)",68.72149555529123
6188,"(3, 24, 26)",68.4712350502674
6189,"(40, 43, 64)",68.24180929657922
6190,"(14, 20, 36)",68.6962739430919
6191,"(27, 39, 64)",68.75658915925709
6192,"(7, 22, 47)",68.68697690269452
6193,"(37, 46, 60)",68.74474350691145
6194,"(36, 46, 61)",68.71117033238039
6195,"(39, 48, 59)",68.66511715160549
6196,"(3, 23, 65)",68.49814970859876
6197,"(31, 47, 50)",68.80442398716512
6198,"(22, 36, 51)",68.7334367210129
6199,"(17, 51, 70)",68.83415231607063
6200,"(20, 51, 56)",68.76624700971138
6201,"(12, 59, 60)",68.75703032394654
6202,"(9, 30, 70)",68.64590866573946
6203,"(0, 1, 42)",68.56437344342145
6204,"(11, 20, 26)",68.81225397983752
6205,"(7, 47, 50)",68.80402345372694
6206,"(23, 51, 54)",68.76983786927082
6207,"(0, 36, 61)",68.72292496954307
6208,"(29, 60, 61)",68.77556434205421
6209,"(6, 22, 36)",68.65423018678077
6210,"(12, 60, 73)",68.6815926418105
6211,"(54, 61, 63)",68.76160035675251
6212,"(52, 62, 67)",68.66034327125472
6213,"(19, 30, 58)",68.37784962964524
6214,"(37, 46, 49)",68.82502920146484
6215,"(8, 37, 69)",68.65249317054726
6216,"(17, 18, 53)",68.82980638556779
6217,"(35, 47, 62)",68.44217670214435
6218,"(61, 65, 73)",68.73635848631717
6219,"(32, 40, 68)",68.43035217963471
6220,"(21, 39, 55)",68.76394791586908
6221,"(14, 63, 69)",68.79591414732403
6222,"(29, 55, 64)",68.71323420366619
6223,"(9, 65, 74)",68.57608162033337
6224,"(1, 21, 44)",68.58289075380812
6225,"(6, 54, 74)",68.67042114235736
6226,"(22, 35, 52)",68.73918329336867
6227,"(5, 28, 57)",68.55055634102905
6228,"(19, 43, 48)",68.59320678451304
6229,"(13, 42, 63)",68.59164614536408
6230,"(11, 27, 62)",68.72983206828447
6231,"(2, 45, 61)",68.37621576176242
6232,"(62, 69, 74)",68.6877153555531
6233,"(7, 36, 67)",68.78808531018569
6234,"(25, 30, 61)",68.42043049156557
6235,"(11, 16, 67)",68.78125488169647
6236,"(44, 66, 69)",68.45903181574617
6237,"(22, 37, 64)",68.66911961442175
6238,"(6, 34, 47)",68.55570996622298
6239,"(8, 10, 68)",68.72294245990732
6240,"(67, 71, 72)",68.68185416446077
6241,"(13, 17, 69)",68.79924225693841
6242,"(11, 12, 60)",68.8013359076445
6243,"(33, 60, 62)",68.62021077391447
6244,"(34, 36, 39)",68.75765651857415
6245,"(10, 39, 48)",68.68448281567048
6246,"(22, 30, 69)",68.60352479365113
6247,"(15, 35, 72)",68.68779710867378
6248,"(16, 61, 74)",68.77495636372359
6249,"(53, 54, 56)",68.71290546910687
6250,"(0, 12, 53)",68.73645966683914
6251,"(17, 22, 52)",68.79506970961114
6252,"(9, 24, 56)",68.52355670678214
6253,"(33, 67, 74)",68.76443516026353
6254,"(6, 33, 69)",68.70541878673929
6255,"(14, 18, 53)",68.74082631559124
6256,"(28, 61, 64)",68.61966916613653
6257,"(0, 6, 31)",68.65656680353977
6258,"(1, 48, 61)",68.71114286390636
6259,"(3, 22, 32)",68.47431122037071
6260,"(5, 24, 57)",68.74903203664576
6261,"(20, 66, 69)",68.71264349244596
6262,"(1, 29, 70)",68.67755070447824
6263,"(41, 52, 54)",68.80844952038964
6264,"(22, 45, 74)",68.35424045048197
6265,"(2, 36, 38)",68.69652329277957
6266,"(28, 37, 62)",68.39589108519586
6267,"(14, 59, 61)",68.73354498658186
6268,"(54, 59, 70)",68.79106465163144
6269,"(24, 41, 46)",68.69202742489418
6270,"(53, 61, 70)",68.78316410005804
6271,"(20, 42, 46)",68.5785683005789
6272,"(3, 13, 32)",68.52317068712735
6273,"(11, 26, 44)",68.45530661773421
6274,"(11, 28, 51)",68.54776013011664
6275,"(33, 50, 71)",68.70592907810095
6276,"(13, 24, 74)",68.85699445342907
6277,"(12, 36, 55)",68.74658401707731
6278,"(1, 4, 9)",68.75392722959121
6279,"(15, 58, 71)",68.48830526801792
6280,"(16, 24, 41)",68.71021319536167
6281,"(1, 35, 70)",68.62417774008028
6282,"(8, 27, 30)",68.51758992424571
6283,"(24, 28, 34)",68.498956266746
6284,"(6, 26, 61)",68.58336086511126
6285,"(48, 60, 63)",68.72182702679692
6286,"(7, 22, 63)",68.80077174952386
6287,"(6, 19, 63)",68.77289980713861
6288,"(7, 62, 70)",68.66776264548356
6289,"(2, 17, 33)",68.77309622051581
6290,"(6, 10, 56)",68.46481048972362
6291,"(0, 21, 59)",68.67159765109007
6292,"(22, 27, 74)",68.7395204635495
6293,"(15, 46, 65)",68.67772509486532
6294,"(16, 26, 33)",68.74427307712878
6295,"(44, 50, 67)",68.45460876279617
6296,"(1, 39, 62)",68.52769443626417
6297,"(12, 22, 71)",68.67107401179734
6298,"(1, 34, 52)",68.67691663391166
6299,"(16, 38, 58)",68.42876587302113
6300,"(17, 44, 64)",68.54331253047862
6301,"(28, 63, 68)",68.47459041637693
6302,"(3, 23, 35)",68.44960252394355
6303,"(0, 23, 36)",68.77058198743396
6304,"(20, 33, 66)",68.53130267389977
6305,"(0, 2, 35)",68.71227115562155
6306,"(0, 32, 59)",68.58940666833237
6307,"(17, 45, 69)",68.28066031168964
6308,"(64, 73, 74)",68.64487359249426
6309,"(15, 59, 62)",68.6926155804326
6310,"(12, 20, 44)",68.51575014420135
6311,"(29, 48, 69)",68.64622919335079
6312,"(11, 28, 67)",68.65199708333061
6313,"(43, 60, 65)",68.47626839903349
6314,"(19, 43, 55)",68.61126104831811
6315,"(39, 64, 70)",68.6561456008691
6316,"(18, 23, 67)",68.76072516807797
6317,"(38, 44, 47)",68.25549882095557
6318,"(14, 33, 43)",68.53136291142594
6319,"(3, 65, 74)",68.48804189950678
6320,"(14, 43, 53)",68.60873783851605
6321,"(8, 49, 67)",68.76346811692089
6322,"(29, 52, 55)",68.66130710550499
6323,"(8, 69, 71)",68.65330294224616
6324,"(28, 36, 72)",68.4792828623037
6325,"(42, 53, 71)",68.562856075794
6326,"(5, 53, 73)",68.6535993998477
6327,"(43, 63, 69)",68.57258845377956
6328,"(36, 49, 73)",68.73711507409048
6329,"(16, 18, 19)",68.78697164415047
6330,"(29, 37, 42)",68.6898347212487
6331,"(13, 16, 42)",68.54761022392547
6332,"(19, 20, 65)",68.74203756298559
6333,"(10, 11, 22)",68.68518731758935
6334,"(4, 39, 48)",68.78083298109638
6335,"(2, 4, 49)",68.77262858531074
6336,"(8, 9, 60)",68.57427182430051
6337,"(34, 35, 37)",68.65081895388758
6338,"(52, 68, 74)",68.75092659105056
6339,"(14, 24, 57)",68.7610830755124
6340,"(3, 57, 68)",68.51755424693134
6341,"(26, 34, 44)",68.43708572535114
6342,"(19, 44, 70)",68.60713412123162
6343,"(37, 41, 55)",68.84849467633579
6344,"(23, 30, 66)",68.49061548745908
6345,"(28, 55, 70)",68.63181449533582
6346,"(10, 44, 68)",68.51057653777305
6347,"(25, 73, 74)",68.47022180150842
6348,"(19, 27, 70)",68.82785344540679
6349,"(12, 21, 57)",68.75388291823319
6350,"(34, 61, 67)",68.67561006969451
6351,"(15, 58, 61)",68.57411711964055
6352,"(18, 51, 61)",68.75603584827333
6353,"(0, 17, 30)",68.66418110187693
6354,"(48, 50, 73)",68.59544582625368
6355,"(41, 51, 72)",68.69334232151496
6356,"(27, 35, 72)",68.7132940213269
6357,"(41, 48, 73)",68.59245994443408
6358,"(12, 14, 22)",68.74118655535743
6359,"(22, 30, 42)",68.43616904193598
6360,"(40, 41, 58)",68.29345859281501
6361,"(27, 49, 56)",68.83040199160988
6362,"(17, 28, 53)",68.68009302786204
6363,"(25, 28, 42)",68.34819315804819
6364,"(7, 30, 72)",68.65490828612651
6365,"(8, 43, 74)",68.60045863737929
6366,"(25, 60, 70)",68.50104732674949
6367,"(25, 36, 71)",68.5330764540084
6368,"(25, 52, 53)",68.55899909358718
6369,"(4, 24, 52)",68.6983957476577
6370,"(30, 34, 55)",68.55928530191841
6371,"(34, 47, 68)",68.6149568054469
6372,"(19, 66, 72)",68.69022080175743
6373,"(19, 42, 70)",68.64278508198869
6374,"(38, 45, 47)",68.02271041275358
6375,"(13, 23, 72)",68.74015555365298
6376,"(25, 28, 57)",68.51565826854765
6377,"(31, 46, 72)",68.72581416945378
6378,"(1, 6, 70)",68.6447622687645
6379,"(3, 22, 60)",68.44819636102234
6380,"(29, 47, 69)",68.58598038242788
6381,"(2, 20, 39)",68.7453850943449
6382,"(3, 4, 25)",68.4126276430099
6383,"(13, 34, 56)",68.6210215435013
6384,"(5, 73, 74)",68.68971471337437
6385,"(6, 59, 72)",68.71471640589486
6386,"(24, 29, 66)",68.60567655273528
6387,"(9, 49, 58)",68.46823607263852
6388,"(30, 32, 65)",68.57714834710055
6389,"(6, 8, 72)",68.64092890222331
6390,"(9, 12, 57)",68.70903209179363
6391,"(4, 26, 56)",68.71616496079362
6392,"(32, 48, 52)",68.61987897373498
6393,"(18, 26, 37)",68.6357148860013
6394,"(10, 17, 45)",68.35138782900574
6395,"(19, 36, 59)",68.79737298622382
6396,"(30, 49, 58)",68.41381392361419
6397,"(4, 8, 54)",68.70011863011179
6398,"(16, 37, 43)",68.5879123596911
6399,"(18, 44, 57)",68.62110137623218
6400,"(35, 36, 40)",68.32247618269624
6401,"(67, 69, 71)",68.72877739506553
6402,"(12, 29, 42)",68.56513897352787
6403,"(6, 34, 64)",68.62006710302452
6404,"(18, 58, 63)",68.55902084156301
6405,"(57, 68, 70)",68.83742805078967
6406,"(30, 51, 57)",68.7155158203553
6407,"(29, 39, 40)",68.5013325049182
6408,"(0, 30, 58)",68.47204562963366
6409,"(11, 23, 26)",68.77251691319735
6410,"(45, 46, 62)",68.15968053425617
6411,"(27, 28, 66)",68.47013174319324
6412,"(11, 44, 67)",68.57664889838637
6413,"(4, 39, 61)",68.67685241070448
6414,"(17, 61, 72)",68.79580307962682
6415,"(3, 36, 63)",68.48942389509827
6416,"(48, 65, 67)",68.78747309344942
6417,"(30, 35, 65)",68.52427958494249
6418,"(0, 8, 68)",68.7036917176733
6419,"(13, 22, 41)",68.78053551103748
6420,"(14, 22, 41)",68.70093797841055
6421,"(33, 41, 47)",68.64547347420371
6422,"(38, 41, 71)",68.58651641859754
6423,"(27, 34, 59)",68.69268457231821
6424,"(54, 56, 67)",68.60744175843051
6425,"(12, 56, 65)",68.59062416903235
6426,"(1, 60, 66)",68.67554256007608
6427,"(4, 14, 26)",68.71524631484942
6428,"(29, 37, 56)",68.64863912964478
6429,"(27, 65, 71)",68.7469528007718
6430,"(55, 59, 65)",68.67622988992056
6431,"(36, 60, 65)",68.77746734854951
6432,"(24, 30, 54)",68.68101956041657
6433,"(41, 62, 70)",68.70630107610349
6434,"(33, 60, 64)",68.73193479923788
6435,"(18, 26, 34)",68.56220248575082
6436,"(45, 53, 64)",68.31727662669168
6437,"(17, 29, 57)",68.81559431652202
6438,"(9, 22, 51)",68.63960108481375
6439,"(30, 59, 65)",68.4736038210451
6440,"(9, 26, 28)",68.557086266494
6441,"(3, 11, 16)",68.50029442474947
6442,"(39, 41, 45)",68.42146895262388
6443,"(38, 47, 51)",68.63386271301516
6444,"(13, 18, 43)",68.56030208608895
6445,"(10, 19, 42)",68.65210104760999
6446,"(22, 28, 67)",68.5443133610184
6447,"(5, 37, 62)",68.75978888715457
6448,"(6, 23, 50)",68.58698405712617
6449,"(25, 43, 57)",68.42822484911557
6450,"(42, 44, 73)",68.32237893907472
6451,"(29, 36, 54)",68.73011742874903
6452,"(2, 31, 55)",68.9093395319475
6453,"(5, 7, 22)",68.69102465805746
6454,"(2, 4, 43)",68.64446008118486
6455,"(48, 68, 69)",68.74103744921503
6456,"(4, 34, 39)",68.66319046465212
6457,"(18, 32, 65)",68.62741700984681
6458,"(11, 36, 38)",68.58923025586476
6459,"(1, 11, 26)",68.70927368266418
6460,"(26, 44, 50)",68.43995984388354
6461,"(5, 17, 26)",68.78541529675587
6462,"(12, 38, 73)",68.57622572619975
6463,"(9, 11, 41)",68.63071932194212
6464,"(7, 69, 72)",68.76090973462362
6465,"(9, 12, 58)",68.47951209564786
6466,"(5, 19, 74)",68.73503836020957
6467,"(33, 38, 60)",68.63074400123344
6468,"(0, 12, 16)",68.71677496162836
6469,"(18, 19, 73)",68.74797593049044
6470,"(29, 42, 66)",68.5731821607617
6471,"(54, 59, 61)",68.78608223857925
6472,"(7, 19, 41)",68.76900740122049
6473,"(6, 26, 40)",68.39661386768395
6474,"(35, 55, 63)",68.6064671724745
6475,"(24, 45, 70)",68.35559009849494
6476,"(12, 13, 17)",68.80688679777201
6477,"(18, 36, 37)",68.68900209046672
6478,"(38, 54, 69)",68.7144159589604
6479,"(23, 26, 69)",68.69735130197934
6480,"(11, 47, 52)",68.6682099130317
6481,"(4, 6, 32)",68.59788839353095
6482,"(5, 20, 48)",68.6450830421121
6483,"(11, 13, 74)",68.8288996976679
6484,"(6, 18, 48)",68.6206283744876
6485,"(0, 37, 46)",68.61225060401735
6486,"(24, 25, 42)",68.40741499471068
6487,"(5, 23, 33)",68.79301356946195
6488,"(1, 31, 68)",68.676178272741
6489,"(4, 52, 72)",68.81526867356655
6490,"(22, 24, 41)",68.66784734783926
6491,"(10, 23, 45)",68.32798088498059
6492,"(29, 46, 63)",68.59194061677763
6493,"(22, 59, 73)",68.61232068568413
6494,"(1, 22, 59)",68.68452712500142
6495,"(0, 10, 22)",68.72683057963818
6496,"(41, 63, 74)",68.77624824793772
6497,"(8, 51, 69)",68.61870387062969
6498,"(2, 63, 67)",68.79373756389823
6499,"(18, 57, 72)",68.75770360945268
6500,"(15, 54, 62)",68.72026930337428
6501,"(24, 30, 42)",68.43291907849603
6502,"(2, 6, 36)",68.64141947271672
6503,"(36, 39, 46)",68.71576937889198
6504,"(13, 36, 71)",68.75920073615343
6505,"(45, 46, 57)",68.25193998313587
6506,"(15, 38, 53)",68.57394231080202
6507,"(35, 53, 70)",68.70729250444352
6508,"(11, 14, 27)",68.6947317672822
6509,"(0, 39, 69)",68.65039347832081
6510,"(11, 21, 26)",68.80716675615082
6511,"(3, 31, 68)",68.54813515939863
6512,"(1, 12, 24)",68.67243643403576
6513,"(47, 57, 74)",68.61810049874168
6514,"(12, 34, 67)",68.69645628160345
6515,"(48, 51, 54)",68.70568180364414
6516,"(6, 45, 52)",68.36887784236775
6517,"(47, 71, 72)",68.49944630507186
6518,"(1, 14, 67)",68.59156515271174
6519,"(14, 48, 68)",68.74004195039952
6520,"(8, 19, 41)",68.74287972910504
6521,"(3, 28, 74)",68.4707127607232
6522,"(23, 43, 54)",68.62313957722131
6523,"(31, 57, 69)",68.7835920167682
6524,"(29, 38, 59)",68.54116889365334
6525,"(29, 40, 63)",68.44491621525422
6526,"(4, 7, 31)",68.75640834163033
6527,"(5, 13, 30)",68.61146904995195
6528,"(18, 25, 53)",68.64682046783719
6529,"(5, 40, 71)",68.48880116151254
6530,"(15, 27, 33)",68.72280898142712
6531,"(39, 73, 74)",68.67568807897288
6532,"(3, 22, 46)",68.48157334162104
6533,"(20, 22, 45)",68.2825556336953
6534,"(17, 24, 61)",68.70862589901637
6535,"(22, 28, 38)",68.4186894989508
6536,"(15, 23, 42)",68.57738797399028
6537,"(25, 40, 58)",68.10672442560909
6538,"(9, 35, 74)",68.64055447492
6539,"(19, 29, 44)",68.50855682682929
6540,"(22, 32, 62)",68.64996910387
6541,"(41, 50, 72)",68.68149237724784
6542,"(1, 7, 47)",68.61683922774439
6543,"(34, 42, 54)",68.66208957763324
6544,"(44, 47, 57)",68.45848933392644
6545,"(32, 45, 49)",68.37510207314874
6546,"(33, 37, 70)",68.77668922477451
6547,"(3, 40, 51)",68.26327634206376
6548,"(13, 50, 74)",68.71065333965502
6549,"(33, 51, 72)",68.77590710543419
6550,"(2, 38, 53)",68.69082068371235
6551,"(24, 28, 59)",68.50064575766737
6552,"(14, 38, 45)",68.11934231811672
6553,"(24, 31, 44)",68.49513028462289
6554,"(4, 16, 20)",68.78728379261823
6555,"(34, 37, 38)",68.53629254798457
6556,"(15, 18, 59)",68.74937424705594
6557,"(31, 33, 50)",68.78528687703553
6558,"(26, 52, 54)",68.77125603424948
6559,"(2, 3, 16)",68.4204570742702
6560,"(32, 38, 71)",68.50042079630673
6561,"(13, 39, 48)",68.65224073020809
6562,"(4, 37, 43)",68.67122786099509
6563,"(26, 49, 51)",68.72251638995624
6564,"(14, 25, 45)",68.10009350156665
6565,"(14, 16, 63)",68.74484078584278
6566,"(16, 25, 32)",68.48270849484615
6567,"(18, 32, 74)",68.7377980218601
6568,"(17, 23, 53)",68.79887575337882
6569,"(11, 46, 68)",68.76377044694706
6570,"(4, 35, 42)",68.57371205463853
6571,"(6, 21, 35)",68.64024594262315
6572,"(4, 35, 71)",68.67625432006128
6573,"(1, 3, 69)",68.41085484747555
6574,"(51, 53, 54)",68.81424287255065
6575,"(15, 20, 57)",68.80684610105735
6576,"(4, 22, 50)",68.66417453088822
6577,"(27, 43, 67)",68.57905482064429
6578,"(35, 48, 49)",68.74746884719661
6579,"(11, 50, 64)",68.70615384184333
6580,"(17, 60, 74)",68.80947779188763
6581,"(39, 59, 61)",68.74922669102504
6582,"(6, 47, 56)",68.45640266873309
6583,"(49, 56, 73)",68.72637610127958
6584,"(8, 29, 53)",68.70323143010344
6585,"(4, 60, 62)",68.69746498784411
6586,"(9, 18, 55)",68.59630052215027
6587,"(11, 63, 71)",68.70668307368184
6588,"(26, 55, 60)",68.66595677140353
6589,"(27, 32, 35)",68.75130291884008
6590,"(28, 41, 47)",68.51828497256463
6591,"(52, 58, 63)",68.44138727407137
6592,"(0, 4, 47)",68.65439615438372
6593,"(5, 6, 39)",68.57697507598431
6594,"(6, 13, 61)",68.72900115867667
6595,"(30, 41, 69)",68.61594171593437
6596,"(17, 18, 60)",68.77875759907302
6597,"(25, 48, 52)",68.5833568110105
6598,"(55, 63, 65)",68.60512422422399
6599,"(17, 33, 47)",68.73207826975823
6600,"(10, 27, 69)",68.75436212333426
6601,"(19, 25, 29)",68.49939536473292
6602,"(21, 28, 62)",68.5388924136029
6603,"(45, 54, 59)",68.43300164547001
6604,"(5, 72, 73)",68.62876929427792
6605,"(6, 28, 29)",68.48193377737934
6606,"(19, 26, 64)",68.77454885420507
6607,"(1, 11, 55)",68.75011434671661
6608,"(5, 52, 59)",68.74688936558944
6609,"(28, 46, 67)",68.52029107322662
6610,"(4, 32, 53)",68.71382136907623
6611,"(20, 31, 49)",68.88142034265836
6612,"(8, 15, 52)",68.7362576323981
6613,"(44, 56, 61)",68.44715981440001
6614,"(20, 62, 70)",68.67010219943599
6615,"(12, 17, 55)",68.75019895670404
6616,"(9, 43, 58)",68.25718246669624
6617,"(17, 19, 48)",68.80911566974723
6618,"(7, 31, 65)",68.74321391063198
6619,"(33, 52, 71)",68.66762954730926
6620,"(18, 32, 66)",68.62470231574125
6621,"(22, 24, 60)",68.73630832060839
6622,"(49, 64, 74)",68.8312629312086
6623,"(8, 24, 33)",68.60408156151318
6624,"(58, 61, 69)",68.56524324555527
6625,"(5, 20, 40)",68.47050997593762
6626,"(26, 35, 39)",68.62027932324605
6627,"(35, 48, 66)",68.63623184260251
6628,"(23, 36, 59)",68.75799328024922
6629,"(14, 47, 72)",68.58316589821906
6630,"(16, 39, 74)",68.71518451461498
6631,"(36, 60, 73)",68.72344141367083
6632,"(23, 25, 27)",68.36700752286993
6633,"(44, 60, 63)",68.52869061063642
6634,"(25, 31, 38)",68.41634792249349
6635,"(17, 26, 61)",68.73391864575147
6636,"(48, 66, 69)",68.69499890929515
6637,"(7, 40, 43)",68.3878614218149
6638,"(0, 9, 71)",68.68427061422344
6639,"(17, 37, 51)",68.7809780689922
6640,"(23, 24, 35)",68.72925520952691
6641,"(7, 10, 47)",68.73762441449288
6642,"(34, 37, 46)",68.61799325612134
6643,"(45, 55, 69)",68.38201993499308
6644,"(26, 42, 50)",68.51524037628968
6645,"(26, 41, 72)",68.63985838394704
6646,"(29, 48, 54)",68.7281393376736
6647,"(35, 39, 54)",68.74074665157994
6648,"(22, 54, 66)",68.66858279774846
6649,"(41, 44, 47)",68.39172679857073
6650,"(20, 27, 28)",68.6084520447584
6651,"(11, 32, 66)",68.64457410214017
6652,"(14, 21, 27)",68.76324620583908
6653,"(22, 32, 71)",68.5791387938379
6654,"(7, 19, 27)",68.80241113730698
6655,"(22, 27, 43)",68.663161302687
6656,"(13, 27, 72)",68.73874455980157
6657,"(17, 24, 70)",68.80158573689666
6658,"(27, 28, 70)",68.6946762159151
6659,"(2, 4, 58)",68.44992863325515
6660,"(14, 45, 52)",68.39167835772355
6661,"(0, 8, 32)",68.66910815252025
6662,"(17, 35, 60)",68.71690842993766
6663,"(28, 51, 66)",68.39903027439043
6664,"(3, 34, 46)",68.48255900537085
6665,"(6, 12, 18)",68.66748944907724
6666,"(10, 51, 58)",68.54670897289716
6667,"(23, 27, 45)",68.36634576194585
6668,"(3, 30, 74)",68.43492546447825
6669,"(3, 14, 59)",68.49048428920361
6670,"(22, 40, 53)",68.48167841196194
6671,"(34, 42, 61)",68.49361975251712
6672,"(3, 20, 54)",68.56954808820464
6673,"(34, 57, 60)",68.78825402731758
6674,"(1, 15, 61)",68.6711958675983
6675,"(4, 11, 15)",68.73547384451632
6676,"(11, 34, 74)",68.71551274265786
6677,"(54, 60, 72)",68.81697697428277
6678,"(17, 34, 56)",68.75916605497775
6679,"(24, 26, 49)",68.79136482485161
6680,"(3, 23, 54)",68.50927577283318
6681,"(52, 57, 59)",68.8121140999201
6682,"(20, 53, 61)",68.77472032948766
6683,"(8, 41, 64)",68.58960476030906
6684,"(25, 34, 55)",68.56668673687788
6685,"(16, 58, 64)",68.4482379079069
6686,"(36, 48, 69)",68.78714679883615
6687,"(25, 41, 55)",68.59296532880923
6688,"(38, 57, 62)",68.53299371346002
6689,"(0, 40, 64)",68.54962949232812
6690,"(16, 32, 66)",68.67267067151714
6691,"(15, 38, 73)",68.51369781032355
6692,"(20, 37, 42)",68.60109023123987
6693,"(0, 14, 34)",68.6928133518517
6694,"(1, 12, 68)",68.6581021083583
6695,"(22, 41, 53)",68.67787952480012
6696,"(31, 49, 70)",68.844946627204
6697,"(43, 48, 69)",68.5990713004447
6698,"(19, 60, 62)",68.72877358899927
6699,"(2, 41, 45)",68.34313022252985
6700,"(20, 21, 44)",68.45531525656638
6701,"(26, 63, 67)",68.61685823097523
6702,"(4, 11, 23)",68.73161739015187
6703,"(11, 17, 32)",68.83655058217964
6704,"(20, 25, 62)",68.51955044297155
6705,"(2, 7, 62)",68.73501339108518
6706,"(2, 39, 45)",68.36054736198831
6707,"(21, 47, 54)",68.69297997179731
6708,"(17, 28, 64)",68.62636021489101
6709,"(19, 22, 54)",68.78984567983598
6710,"(7, 48, 51)",68.82368568097277
6711,"(31, 54, 65)",68.71572600535593
6712,"(5, 13, 53)",68.7695649259248
6713,"(15, 21, 40)",68.48518921037214
6714,"(10, 12, 31)",68.80491973140465
6715,"(51, 55, 59)",68.82393503113306
6716,"(2, 6, 47)",68.61786989880292
6717,"(25, 36, 38)",68.34884048012484
6718,"(10, 33, 57)",68.80853172359807
6719,"(36, 39, 41)",68.76315726888934
6720,"(5, 39, 71)",68.5666626683629
6721,"(9, 33, 43)",68.51945731950676
6722,"(16, 31, 33)",68.77353252003037
6723,"(36, 40, 60)",68.45557299037061
6724,"(38, 39, 73)",68.52359157893969
6725,"(3, 14, 52)",68.44961316284221
6726,"(40, 67, 73)",68.53292057324526
6727,"(18, 33, 49)",68.87695586188447
6728,"(14, 25, 67)",68.52614403141219
6729,"(40, 54, 63)",68.44793226667892
6730,"(34, 53, 65)",68.70980361925045
6731,"(17, 57, 71)",68.85174327019334
6732,"(25, 45, 50)",68.1154406955798
6733,"(17, 57, 62)",68.77174650855878
6734,"(0, 45, 47)",68.26166541163043
6735,"(15, 34, 55)",68.78581303745428
6736,"(0, 35, 46)",68.66242851125031
6737,"(0, 1, 49)",68.75511445120165
6738,"(11, 25, 46)",68.52853835349894
6739,"(17, 21, 60)",68.759731345796
6740,"(25, 58, 70)",68.28527647756368
6741,"(33, 56, 66)",68.5127100016494
6742,"(8, 21, 58)",68.40261117095946
6743,"(23, 49, 60)",68.85239689387296
6744,"(14, 53, 65)",68.72919785516419
6745,"(14, 30, 67)",68.60902915959777
6746,"(16, 42, 53)",68.64410016810805
6747,"(5, 59, 70)",68.65388156701096
6748,"(16, 54, 71)",68.80663994265382
6749,"(34, 48, 63)",68.6969671408313
6750,"(3, 11, 31)",68.51108392611168
6751,"(2, 45, 68)",68.38329991104045
6752,"(40, 46, 54)",68.43156406202806
6753,"(24, 28, 32)",68.43336854221656
6754,"(0, 7, 37)",68.69071974758333
6755,"(22, 25, 31)",68.58341493062584
6756,"(15, 38, 69)",68.59037095781085
6757,"(1, 2, 19)",68.69152982728045
6758,"(50, 72, 74)",68.70634292913051
6759,"(14, 55, 58)",68.57496572560477
6760,"(3, 32, 52)",68.45896586944978
6761,"(6, 67, 72)",68.65172985853872
6762,"(6, 28, 69)",68.45020767338957
6763,"(22, 50, 67)",68.60310924804745
6764,"(27, 37, 52)",68.69362913736798
6765,"(11, 22, 38)",68.56058537503372
6766,"(2, 54, 62)",68.71999464157399
6767,"(17, 21, 34)",68.74172424650443
6768,"(8, 20, 55)",68.67242390845685
6769,"(7, 65, 72)",68.79837407107962
6770,"(4, 10, 65)",68.67881305740336
6771,"(17, 38, 53)",68.68953317898996
6772,"(38, 59, 72)",68.63665750427776
6773,"(13, 68, 71)",68.70598361984379
6774,"(15, 23, 36)",68.75320250210596
6775,"(28, 38, 68)",68.40072056618058
6776,"(12, 63, 68)",68.85870372273585
6777,"(17, 44, 47)",68.47215852883008
6778,"(20, 27, 72)",68.70629333553498
6779,"(63, 69, 72)",68.71049939596833
6780,"(4, 32, 70)",68.68601510335938
6781,"(6, 56, 67)",68.51449044844473
6782,"(21, 30, 40)",68.35293512631246
6783,"(16, 38, 66)",68.56098811027758
6784,"(5, 6, 55)",68.65024577648171
6785,"(24, 38, 45)",68.12961591269709
6786,"(25, 35, 52)",68.51413863575667
6787,"(13, 19, 38)",68.6367263209322
6788,"(0, 28, 50)",68.47802741313058
6789,"(24, 58, 66)",68.47759913703395
6790,"(2, 17, 20)",68.81921252611458
6791,"(13, 17, 66)",68.75063556321872
6792,"(11, 18, 37)",68.75635961100524
6793,"(14, 25, 44)",68.34343136387798
6794,"(12, 16, 23)",68.75707852616766
6795,"(38, 44, 72)",68.33198914068899
6796,"(0, 52, 54)",68.77792352924557
6797,"(16, 37, 50)",68.66733116393868
6798,"(5, 10, 41)",68.71988111719111
6799,"(32, 43, 44)",68.45196055272635
6800,"(11, 28, 69)",68.59830272680198
6801,"(46, 68, 74)",68.67966340052416
6802,"(8, 45, 62)",68.2588872911197
6803,"(8, 29, 61)",68.68802717582298
6804,"(6, 39, 45)",68.29499658523555
6805,"(14, 35, 47)",68.55058897375554
6806,"(10, 51, 68)",68.75472089329692
6807,"(24, 26, 57)",68.66489705049894
6808,"(3, 11, 21)",68.48071598130645
6809,"(25, 26, 45)",68.02324317145907
6810,"(26, 32, 45)",68.37078732096408
6811,"(27, 40, 71)",68.54023412733014
6812,"(1, 24, 41)",68.60715040443208
6813,"(1, 40, 68)",68.51380389804199
6814,"(49, 64, 70)",68.8516953534662
6815,"(34, 54, 64)",68.7142176067214
6816,"(8, 25, 50)",68.48155238122746
6817,"(16, 24, 25)",68.56051116907148
6818,"(3, 26, 58)",68.39777968896445
6819,"(33, 37, 57)",68.80497714769598
6820,"(9, 56, 69)",68.56065910927954
6821,"(24, 39, 50)",68.6518023834754
6822,"(3, 21, 70)",68.50902833506339
6823,"(5, 17, 37)",68.78742565783864
6824,"(3, 40, 72)",68.22404939678796
6825,"(1, 25, 39)",68.51517833293794
6826,"(22, 47, 72)",68.59095867352775
6827,"(6, 19, 67)",68.70047070408967
6828,"(26, 27, 53)",68.7487865820539
6829,"(0, 22, 34)",68.67934879705126
6830,"(44, 57, 67)",68.61710638333898
6831,"(31, 42, 54)",68.66651947713352
6832,"(28, 33, 40)",68.41986536190299
6833,"(15, 39, 56)",68.61371818289767
6834,"(41, 61, 74)",68.73393054401123
6835,"(21, 32, 48)",68.63468961822187
6836,"(21, 30, 50)",68.55309118676875
6837,"(1, 42, 74)",68.58948380841336
6838,"(22, 58, 74)",68.5348384510469
6839,"(1, 25, 68)",68.51978003369271
6840,"(14, 17, 51)",68.77408186705144
6841,"(1, 16, 50)",68.60258414053284
6842,"(11, 60, 72)",68.7731154748019
6843,"(25, 65, 69)",68.55598673174327
6844,"(4, 46, 56)",68.60825285440968
6845,"(6, 48, 54)",68.63741333619917
6846,"(5, 13, 19)",68.79339458224038
6847,"(8, 37, 54)",68.74655344021336
6848,"(5, 18, 50)",68.64145065850849
6849,"(28, 39, 61)",68.51770494249014
6850,"(53, 57, 60)",68.86401160022295
6851,"(41, 66, 72)",68.710522291102
6852,"(1, 4, 63)",68.71993380373864
6853,"(31, 46, 56)",68.64657438004895
6854,"(1, 4, 48)",68.7279340933852
6855,"(1, 8, 27)",68.56353544522229
6856,"(19, 57, 62)",68.76461118602478
6857,"(37, 67, 72)",68.80032813332676
6858,"(8, 65, 66)",68.62361514683624
6859,"(49, 56, 63)",68.65890528372678
6860,"(4, 40, 73)",68.46794658386229
6861,"(2, 45, 64)",68.2350184732766
6862,"(3, 9, 25)",68.31646091860584
6863,"(3, 34, 59)",68.49866397564762
6864,"(0, 23, 33)",68.67662411083825
6865,"(13, 32, 43)",68.5953330022312
6866,"(2, 3, 58)",68.22328390294385
6867,"(16, 27, 31)",68.7695563887051
6868,"(23, 44, 71)",68.52530022849639
6869,"(41, 63, 67)",68.74923908248778
6870,"(22, 23, 56)",68.66480730567088
6871,"(23, 59, 66)",68.72735343905593
6872,"(4, 5, 28)",68.55597690224454
6873,"(3, 55, 60)",68.44873049556733
6874,"(42, 54, 67)",68.717310120495
6875,"(10, 18, 39)",68.71415628328725
6876,"(2, 48, 54)",68.83141640060572
6877,"(13, 18, 29)",68.80783368783867
6878,"(17, 56, 64)",68.65713780640125
6879,"(8, 9, 51)",68.56152634952531
6880,"(16, 18, 56)",68.68409084758997
6881,"(14, 33, 60)",68.72141811903558
6882,"(6, 42, 62)",68.52081383262475
6883,"(11, 47, 67)",68.67487890934225
6884,"(13, 35, 53)",68.7411993499324
6885,"(16, 36, 64)",68.73821513690659
6886,"(18, 52, 58)",68.55819107924039
6887,"(11, 26, 70)",68.73671092644875
6888,"(35, 47, 60)",68.57108547431234
6889,"(14, 15, 38)",68.70764465656177
6890,"(40, 51, 70)",68.38960732706441
6891,"(27, 36, 74)",68.78987474046995
6892,"(10, 35, 48)",68.7954659511719
6893,"(50, 64, 72)",68.7449974319369
6894,"(1, 42, 67)",68.54069397373284
6895,"(22, 49, 55)",68.58219995814112
6896,"(1, 32, 71)",68.60604728399503
6897,"(25, 62, 64)",68.48141309633255
6898,"(15, 26, 27)",68.77957039163314
6899,"(26, 36, 51)",68.7261668413974
6900,"(17, 21, 28)",68.663422850313
6901,"(15, 61, 65)",68.74291440610702
6902,"(2, 10, 23)",68.73237545344634
6903,"(14, 20, 46)",68.63927901624206
6904,"(6, 12, 57)",68.71238047141937
6905,"(6, 11, 35)",68.6529333222449
6906,"(12, 23, 29)",68.71702648650569
6907,"(0, 11, 72)",68.70759346755405
6908,"(10, 17, 22)",68.79213629257558
6909,"(2, 55, 60)",68.85285132518926
6910,"(18, 50, 63)",68.64796781667597
6911,"(31, 36, 38)",68.59021026764593
6912,"(6, 28, 36)",68.41448065442471
6913,"(6, 49, 63)",68.81382647601282
6914,"(14, 21, 56)",68.63100657593458
6915,"(36, 53, 74)",68.81875353284637
6916,"(38, 55, 70)",68.5725794075401
6917,"(18, 22, 64)",68.66006519663873
6918,"(36, 62, 72)",68.68422889128938
6919,"(28, 32, 55)",68.49913058446327
6920,"(37, 57, 68)",68.80894640957997
6921,"(27, 46, 60)",68.68802968765249
6922,"(53, 70, 74)",68.74671773131169
6923,"(17, 55, 74)",68.81649567147234
6924,"(9, 34, 52)",68.65186599829468
6925,"(1, 36, 57)",68.71116510150104
6926,"(2, 33, 36)",68.82341081133056
6927,"(25, 67, 74)",68.53548216071387
6928,"(38, 47, 53)",68.67789830956188
6929,"(1, 28, 58)",68.32700452981292
6930,"(3, 7, 46)",68.55298509741922
6931,"(16, 52, 72)",68.74685729263355
6932,"(23, 47, 60)",68.61669514938404
6933,"(32, 55, 71)",68.62902131065147
6934,"(11, 48, 62)",68.7831110445297
6935,"(8, 21, 57)",68.78163081308249
6936,"(11, 29, 71)",68.717491464088
6937,"(8, 28, 32)",68.49489854896113
6938,"(42, 66, 67)",68.53010510554232
6939,"(16, 51, 59)",68.75494534482043
6940,"(9, 30, 35)",68.59853883499369
6941,"(6, 38, 66)",68.51913620463182
6942,"(14, 36, 51)",68.76965576143354
6943,"(21, 67, 68)",68.66789716477777
6944,"(13, 33, 65)",68.76671184325104
6945,"(12, 54, 56)",68.67526117287896
6946,"(15, 38, 52)",68.65735151455674
6947,"(5, 10, 20)",68.72572460340743
6948,"(26, 27, 41)",68.68652872338596
6949,"(33, 47, 71)",68.58388057233739
6950,"(13, 19, 53)",68.81265083676716
6951,"(34, 36, 37)",68.63545764061433
6952,"(15, 45, 48)",68.46902765414657
6953,"(5, 9, 57)",68.8061465336023
6954,"(22, 38, 49)",68.53044679956429
6955,"(14, 30, 39)",68.50415006429131
6956,"(24, 67, 71)",68.69753803660058
6957,"(32, 67, 73)",68.60345195258584
6958,"(7, 13, 31)",68.78526269561107
6959,"(4, 54, 65)",68.6784227499241
6960,"(9, 27, 33)",68.67232891465787
6961,"(4, 13, 71)",68.6948318896841
6962,"(28, 32, 38)",68.29857930608063
6963,"(19, 20, 70)",68.83807618637857
6964,"(2, 39, 60)",68.75853109595708
6965,"(10, 22, 52)",68.7643971300406
6966,"(6, 8, 57)",68.57669479885796
6967,"(8, 26, 52)",68.62300640084972
6968,"(7, 9, 44)",68.5738231850429
6969,"(17, 23, 74)",68.80052446707904
6970,"(31, 43, 59)",68.60762895645064
6971,"(1, 44, 66)",68.60454749351291
6972,"(31, 52, 66)",68.72236060421224
6973,"(6, 42, 48)",68.38045874927
6974,"(9, 10, 41)",68.63052037897532
6975,"(8, 69, 70)",68.69081260422038
6976,"(34, 51, 66)",68.66941248820709
6977,"(5, 7, 15)",68.79402132374145
6978,"(14, 22, 65)",68.6887191176273
6979,"(25, 32, 36)",68.45872005902926
6980,"(51, 52, 60)",68.81090777803837
6981,"(33, 59, 66)",68.56862315735337
6982,"(24, 40, 42)",68.32537081917862
6983,"(10, 40, 55)",68.46149357490884
6984,"(22, 34, 58)",68.3732583222479
6985,"(1, 45, 48)",68.14830514678545
6986,"(39, 50, 59)",68.65747519794606
6987,"(8, 28, 52)",68.48740472727518
6988,"(9, 36, 68)",68.64217016862713
6989,"(33, 53, 67)",68.69179270405535
6990,"(16, 44, 69)",68.52671710481528
6991,"(40, 44, 64)",68.24362578980931
6992,"(1, 25, 30)",68.32348576614977
6993,"(10, 42, 54)",68.69760359885711
6994,"(2, 55, 58)",68.63072841045381
6995,"(5, 40, 47)",68.34379771426384
6996,"(0, 7, 28)",68.5458596715998
6997,"(10, 30, 37)",68.58289487222065
6998,"(12, 13, 46)",68.71161293576851
6999,"(46, 52, 53)",68.673022258122
7000,"(56, 67, 68)",68.6181579515208
7001,"(7, 28, 36)",68.55232502921625
7002,"(3, 18, 72)",68.43066190422842
7003,"(3, 33, 37)",68.48246129974954
7004,"(55, 56, 67)",68.59638057344716
7005,"(8, 49, 53)",68.69612082028405
7006,"(15, 55, 64)",68.731019307979
7007,"(23, 33, 59)",68.77685419720817
7008,"(6, 48, 70)",68.56250658955912
7009,"(10, 15, 39)",68.74795723532345
7010,"(7, 46, 69)",68.69811520118591
7011,"(7, 12, 57)",68.85571698177874
7012,"(10, 22, 44)",68.59023879722567
7013,"(29, 47, 60)",68.62728486882519
7014,"(13, 15, 29)",68.74434641572043
7015,"(29, 55, 74)",68.76051847447056
7016,"(29, 59, 72)",68.76862531869612
7017,"(10, 39, 45)",68.29818220780038
7018,"(3, 8, 57)",68.57349029495265
7019,"(27, 44, 55)",68.57869755669175
7020,"(5, 14, 41)",68.71941547531134
7021,"(22, 55, 73)",68.6901027966849
7022,"(8, 33, 42)",68.51952495157552
7023,"(6, 38, 53)",68.54673377382203
7024,"(30, 64, 65)",68.54822145240485
7025,"(17, 64, 73)",68.68159688645372
7026,"(5, 19, 66)",68.64008382427467
7027,"(16, 21, 57)",68.75264990058993
7028,"(14, 25, 29)",68.48280532998446
7029,"(14, 35, 54)",68.73901168646522
7030,"(22, 37, 63)",68.75651888114605
7031,"(1, 26, 65)",68.6940373670606
7032,"(6, 12, 21)",68.6399306516343
7033,"(14, 53, 72)",68.7017001670984
7034,"(25, 34, 50)",68.58075666208688
7035,"(17, 55, 58)",68.60777586177542
7036,"(20, 21, 64)",68.61197744177679
7037,"(11, 24, 60)",68.80373359514367
7038,"(12, 41, 61)",68.74986280122943
7039,"(9, 31, 34)",68.6591786104217
7040,"(3, 37, 50)",68.49842710925034
7041,"(10, 23, 71)",68.70940669509463
7042,"(19, 37, 58)",68.4193759204893
7043,"(6, 40, 50)",68.35146919204199
7044,"(1, 47, 68)",68.57263096383242
7045,"(35, 36, 42)",68.4768308305985
7046,"(37, 41, 53)",68.81007836777535
7047,"(1, 28, 68)",68.45424991727049
7048,"(12, 37, 38)",68.630529988839
7049,"(0, 12, 45)",68.32952218638167
7050,"(27, 33, 56)",68.66422411007011
7051,"(53, 61, 72)",68.79839556022576
7052,"(9, 38, 42)",68.58490226829178
7053,"(45, 52, 74)",68.40143344714009
7054,"(4, 14, 34)",68.67298924428853
7055,"(22, 23, 73)",68.6980122467504
7056,"(27, 45, 53)",68.40030013758894
7057,"(3, 16, 63)",68.43530994145095
7058,"(35, 46, 58)",68.47119371726156
7059,"(34, 42, 74)",68.55927235545023
7060,"(37, 57, 67)",68.81539550505174
7061,"(40, 64, 71)",68.36851999033456
7062,"(9, 24, 47)",68.62038122363731
7063,"(29, 49, 74)",68.88932191758916
7064,"(32, 39, 54)",68.68254868317919
7065,"(30, 32, 68)",68.61216260844641
7066,"(4, 8, 67)",68.66786765380317
7067,"(0, 7, 74)",68.73319212168231
7068,"(23, 33, 39)",68.73968664299021
7069,"(31, 43, 71)",68.55888652029478
7070,"(2, 63, 70)",68.84932335059011
7071,"(32, 53, 60)",68.73606853707653
7072,"(7, 19, 37)",68.80337166801841
7073,"(7, 40, 54)",68.52440835802699
7074,"(0, 22, 57)",68.75109291489943
7075,"(13, 26, 30)",68.68071413502267
7076,"(10, 14, 37)",68.72552256454622
7077,"(18, 47, 55)",68.59213036860689
7078,"(9, 18, 47)",68.56815411156778
7079,"(11, 60, 73)",68.73268197975248
7080,"(32, 65, 67)",68.74910208914294
7081,"(26, 61, 65)",68.63130456825208
7082,"(2, 34, 44)",68.57398340784317
7083,"(45, 64, 70)",68.32732215919262
7084,"(4, 32, 62)",68.62763409598887
7085,"(16, 18, 73)",68.67050585246977
7086,"(5, 39, 55)",68.70409251075729
7087,"(13, 33, 60)",68.82173684351109
7088,"(25, 55, 74)",68.5360534474974
7089,"(5, 31, 38)",68.54610629069681
7090,"(51, 67, 68)",68.7946541036174
7091,"(37, 57, 66)",68.69191132766473
7092,"(22, 32, 35)",68.65435706258425
7093,"(31, 58, 60)",68.49630806071372
7094,"(60, 72, 74)",68.73354620485973
7095,"(63, 71, 74)",68.70520253288204
7096,"(16, 19, 23)",68.79026322756462
7097,"(9, 34, 54)",68.70009324237614
7098,"(20, 22, 56)",68.67288574943792
7099,"(20, 56, 57)",68.72600733809537
7100,"(24, 35, 65)",68.69656506779368
7101,"(7, 30, 39)",68.68056403836914
7102,"(43, 55, 65)",68.53692744547091
7103,"(5, 49, 53)",68.84970277807517
7104,"(12, 30, 60)",68.5707856033276
7105,"(18, 33, 60)",68.76981315045273
7106,"(3, 26, 39)",68.48975120816866
7107,"(0, 9, 15)",68.68743692052706
7108,"(12, 29, 49)",68.79985541636768
7109,"(10, 15, 33)",68.7856245141517
7110,"(11, 42, 67)",68.60921425935246
7111,"(17, 49, 54)",69.00262688094838
7112,"(19, 55, 66)",68.75548877095967
7113,"(57, 63, 68)",68.79426543608832
7114,"(30, 56, 68)",68.49553324543488
7115,"(15, 40, 68)",68.47174223112053
7116,"(18, 27, 73)",68.6942326572179
7117,"(4, 26, 43)",68.69696136848889
7118,"(26, 39, 44)",68.5267217541034
7119,"(3, 10, 44)",68.36409543372241
7120,"(12, 17, 69)",68.74789116502042
7121,"(4, 50, 57)",68.75307976681962
7122,"(6, 44, 74)",68.50280381361415
7123,"(4, 28, 66)",68.50951579668151
7124,"(3, 41, 56)",68.49269453377667
7125,"(23, 51, 57)",68.76205896338008
7126,"(0, 3, 62)",68.52619692211955
7127,"(4, 58, 61)",68.52494452370193
7128,"(0, 34, 59)",68.69321730235681
7129,"(2, 42, 73)",68.50058806202178
7130,"(9, 46, 62)",68.60445485759207
7131,"(27, 45, 62)",68.21811932237493
7132,"(5, 50, 60)",68.73435342230222
7133,"(42, 64, 71)",68.58525866981473
7134,"(8, 40, 48)",68.4165995447249
7135,"(9, 59, 64)",68.57904651518352
7136,"(43, 71, 72)",68.50696700678826
7137,"(44, 56, 72)",68.49024595847969
7138,"(31, 38, 44)",68.39099207903216
7139,"(2, 16, 37)",68.77498041318508
7140,"(0, 17, 41)",68.73671309363172
7141,"(8, 22, 48)",68.62679341075815
7142,"(16, 18, 40)",68.46454061009233
7143,"(0, 19, 28)",68.53101028566023
7144,"(6, 56, 68)",68.50167566104712
7145,"(6, 12, 73)",68.62393195515433
7146,"(11, 14, 64)",68.79259361377265
7147,"(0, 9, 50)",68.74752277249779
7148,"(27, 55, 66)",68.65462455166642
7149,"(15, 41, 47)",68.69027268596054
7150,"(11, 27, 32)",68.69930451914172
7151,"(8, 54, 65)",68.66033807820611
7152,"(21, 41, 50)",68.70364879991004
7153,"(23, 52, 68)",68.67435879604291
7154,"(0, 27, 72)",68.739436055578
7155,"(5, 34, 46)",68.61210631996667
7156,"(3, 43, 70)",68.40153632770426
7157,"(21, 49, 65)",68.8469606207547
7158,"(29, 60, 63)",68.73873697573545
7159,"(24, 45, 54)",68.36092140912557
7160,"(2, 25, 45)",68.05595307034926
7161,"(0, 26, 44)",68.56982061229046
7162,"(29, 60, 66)",68.6773622300364
7163,"(45, 46, 54)",68.26725050195463
7164,"(38, 39, 46)",68.53564245063653
7165,"(19, 21, 36)",68.7942182293934
7166,"(14, 38, 72)",68.66195114860739
7167,"(59, 64, 72)",68.67066817612046
7168,"(63, 66, 72)",68.56304850338056
7169,"(4, 59, 60)",68.68706115173737
7170,"(20, 24, 60)",68.72679343905513
7171,"(0, 19, 37)",68.74550241524092
7172,"(19, 21, 49)",68.81253633427059
7173,"(15, 33, 49)",68.93799300592566
7174,"(8, 60, 64)",68.75457877307586
7175,"(4, 18, 26)",68.76120090225525
7176,"(4, 15, 68)",68.74149390938304
7177,"(12, 39, 48)",68.70486569216017
7178,"(4, 10, 71)",68.6739202751219
7179,"(12, 23, 48)",68.79194208622226
7180,"(11, 53, 61)",68.8033374969179
7181,"(4, 9, 12)",68.7237300994252
7182,"(10, 70, 73)",68.76933026965123
7183,"(9, 14, 32)",68.62219496860108
7184,"(3, 53, 67)",68.4654833614309
7185,"(17, 53, 73)",68.78724359073185
7186,"(1, 48, 66)",68.64681584025419
7187,"(20, 23, 70)",68.76816355498143
7188,"(28, 51, 68)",68.57066159369543
7189,"(4, 26, 53)",68.76568349522813
7190,"(22, 23, 43)",68.51984506598637
7191,"(4, 27, 56)",68.68156317837429
7192,"(20, 38, 73)",68.53570386171116
7193,"(20, 29, 44)",68.53919945092925
7194,"(10, 33, 62)",68.69372332320512
7195,"(25, 44, 46)",68.19535685508865
7196,"(43, 63, 72)",68.53927921139068
7197,"(19, 40, 68)",68.55020244645861
7198,"(31, 52, 70)",68.8186051025411
7199,"(12, 34, 38)",68.54643163294209
7200,"(6, 15, 32)",68.68116760383995
7201,"(29, 60, 73)",68.6954205845024
7202,"(0, 25, 48)",68.61091325580146
7203,"(5, 9, 29)",68.61350663073767
7204,"(0, 28, 60)",68.4692678698321
7205,"(12, 47, 65)",68.55749905911378
7206,"(29, 35, 43)",68.65560158324605
7207,"(3, 35, 61)",68.4076437953229
7208,"(20, 67, 68)",68.7040066186467
7209,"(7, 23, 58)",68.57745838785424
7210,"(5, 14, 59)",68.73350436694811
7211,"(15, 62, 68)",68.64664467714697
7212,"(30, 46, 56)",68.45174077920649
7213,"(12, 23, 74)",68.7463323252834
7214,"(48, 61, 68)",68.78215472613103
7215,"(6, 15, 69)",68.71889098637891
7216,"(40, 55, 57)",68.58167894929235
7217,"(11, 32, 69)",68.74748219208175
7218,"(4, 25, 73)",68.54258563932689
7219,"(7, 31, 45)",68.41960831007347
7220,"(19, 24, 52)",68.8158004488412
7221,"(8, 16, 36)",68.68839178013212
7222,"(27, 28, 46)",68.52647308376214
7223,"(13, 40, 58)",68.31284442541616
7224,"(21, 27, 45)",68.35553725150423
7225,"(1, 6, 66)",68.6738202409667
7226,"(33, 34, 46)",68.72939871689934
7227,"(14, 16, 55)",68.74167144863414
7228,"(13, 65, 70)",68.81843415585045
7229,"(17, 21, 63)",68.7123032446848
7230,"(2, 16, 30)",68.66795092876006
7231,"(6, 35, 58)",68.44147365521944
7232,"(21, 38, 73)",68.4882439234721
7233,"(9, 38, 48)",68.48525291869059
7234,"(27, 32, 72)",68.70856947393946
7235,"(21, 49, 63)",68.82193048062388
7236,"(1, 18, 73)",68.58804236097791
7237,"(25, 44, 71)",68.24311948239324
7238,"(21, 38, 67)",68.5071578525603
7239,"(1, 17, 68)",68.63889344607932
7240,"(4, 7, 33)",68.71858014136771
7241,"(12, 20, 70)",68.68350045523702
7242,"(25, 41, 65)",68.52921291063082
7243,"(9, 21, 49)",68.64655537889531
7244,"(7, 31, 67)",68.77655536745316
7245,"(7, 9, 40)",68.40631093508259
7246,"(14, 30, 74)",68.58037150796504
7247,"(35, 45, 56)",68.26253249036986
7248,"(10, 16, 57)",68.856156052799
7249,"(7, 25, 41)",68.58041229519594
7250,"(11, 26, 69)",68.69745969866705
7251,"(22, 24, 43)",68.43214564582334
7252,"(8, 16, 72)",68.60626299524412
7253,"(18, 32, 41)",68.62566889957907
7254,"(1, 36, 63)",68.63227682228234
7255,"(38, 53, 68)",68.59470144979618
7256,"(18, 61, 71)",68.72767471884873
7257,"(10, 27, 58)",68.59087301127505
7258,"(7, 9, 23)",68.70695822769807
7259,"(27, 28, 61)",68.58118350524617
7260,"(12, 26, 63)",68.68333868378016
7261,"(15, 36, 74)",68.80099534214426
7262,"(24, 39, 46)",68.61538252517926
7263,"(36, 62, 67)",68.62489799051845
7264,"(47, 54, 67)",68.6747481114217
7265,"(14, 24, 54)",68.76873859785648
7266,"(40, 51, 59)",68.42283919010582
7267,"(15, 28, 56)",68.59799555180291
7268,"(6, 9, 27)",68.61030979926235
7269,"(8, 15, 64)",68.70959528979081
7270,"(5, 18, 59)",68.707168663183
7271,"(1, 11, 36)",68.74892216554069
7272,"(1, 28, 45)",68.0621267561003
7273,"(12, 24, 56)",68.58237500250536
7274,"(30, 32, 63)",68.51835727474538
7275,"(14, 24, 69)",68.83565235153154
7276,"(27, 41, 69)",68.7718261789633
7277,"(23, 64, 73)",68.67267968731863
7278,"(16, 57, 61)",68.80503227900942
7279,"(38, 44, 55)",68.41789647736958
7280,"(9, 23, 36)",68.6965029600681
7281,"(7, 13, 27)",68.8427458874451
7282,"(9, 15, 18)",68.68350840115389
7283,"(13, 69, 70)",68.74240436641081
7284,"(28, 43, 68)",68.48994365865597
7285,"(20, 48, 64)",68.68306831017986
7286,"(7, 59, 65)",68.74329616572685
7287,"(6, 19, 28)",68.4623121679896
7288,"(4, 12, 44)",68.52188236055177
7289,"(14, 25, 71)",68.461712266172
7290,"(26, 28, 49)",68.61998432422499
7291,"(6, 32, 36)",68.55632196671907
7292,"(30, 31, 67)",68.56696419799088
7293,"(33, 68, 70)",68.67747181541952
7294,"(20, 37, 38)",68.6051587073775
7295,"(31, 54, 61)",68.78213214214546
7296,"(10, 36, 40)",68.44935087347223
7297,"(41, 44, 59)",68.51819826924832
7298,"(5, 9, 12)",68.65337552298428
7299,"(24, 25, 32)",68.50256979079516
7300,"(2, 59, 60)",68.77102647579798
7301,"(9, 20, 37)",68.60209692270614
7302,"(5, 32, 67)",68.68766152644832
7303,"(3, 8, 66)",68.48617730805067
7304,"(0, 9, 19)",68.7297780492917
7305,"(18, 55, 68)",68.69911427639833
7306,"(4, 45, 63)",68.31904727280146
7307,"(19, 28, 74)",68.56547297369221
7308,"(4, 21, 72)",68.77859992279099
7309,"(35, 53, 64)",68.65807629045632
7310,"(16, 49, 73)",68.77304696333455
7311,"(15, 58, 62)",68.43412405272421
7312,"(0, 9, 18)",68.69279535666898
7313,"(64, 65, 70)",68.71753126890725
7314,"(9, 18, 59)",68.58320943522975
7315,"(4, 11, 41)",68.85794540827082
7316,"(3, 21, 71)",68.49708120252085
7317,"(4, 21, 37)",68.80957364228138
7318,"(7, 20, 30)",68.62054676158039
7319,"(4, 10, 66)",68.67926379671675
7320,"(8, 32, 43)",68.6031933370981
7321,"(14, 27, 58)",68.49853424889136
7322,"(58, 65, 71)",68.46214182863832
7323,"(8, 12, 37)",68.56680409592832
7324,"(6, 26, 42)",68.5270093112822
7325,"(3, 19, 30)",68.36831200602958
7326,"(16, 17, 56)",68.68152215783087
7327,"(19, 39, 67)",68.74491007163283
7328,"(4, 6, 65)",68.61970544885658
7329,"(22, 24, 67)",68.64636904504671
7330,"(10, 16, 58)",68.5776717656577
7331,"(49, 60, 67)",68.88831273355225
7332,"(11, 41, 47)",68.7119455526976
7333,"(8, 31, 37)",68.63206286350093
7334,"(4, 7, 8)",68.6626838158601
7335,"(52, 60, 61)",68.73973287100902
7336,"(4, 52, 70)",68.82460118809753
7337,"(17, 32, 61)",68.7062153570737
7338,"(17, 59, 68)",68.76471121145522
7339,"(10, 36, 63)",68.73055051610831
7340,"(28, 69, 71)",68.4850893279079
7341,"(13, 31, 41)",68.7276236861181
7342,"(12, 52, 60)",68.82386563601501
7343,"(21, 62, 74)",68.66804430302992
7344,"(38, 48, 61)",68.58992489721412
7345,"(27, 42, 70)",68.54400836330917
7346,"(0, 30, 57)",68.71445188251467
7347,"(38, 58, 61)",68.45461285658064
7348,"(4, 10, 21)",68.76879189515594
7349,"(3, 46, 61)",68.50562012640945
7350,"(3, 10, 52)",68.48258927615383
7351,"(8, 13, 67)",68.75922350784975
7352,"(8, 22, 70)",68.56947886823342
7353,"(11, 13, 59)",68.82868474058152
7354,"(24, 40, 68)",68.38983941366028
7355,"(20, 51, 52)",68.754954084069
7356,"(35, 66, 73)",68.60634693385292
7357,"(5, 31, 62)",68.74955366529909
7358,"(14, 51, 66)",68.72999498145522
7359,"(10, 24, 43)",68.52186779128344
7360,"(43, 47, 70)",68.53652767143778
7361,"(15, 21, 64)",68.7626281343438
7362,"(21, 59, 70)",68.72007974126973
7363,"(0, 40, 55)",68.55752542823015
7364,"(13, 20, 61)",68.76257257777002
7365,"(17, 38, 74)",68.69383763568119
7366,"(3, 15, 68)",68.52185323217448
7367,"(27, 35, 71)",68.64769068759644
7368,"(47, 51, 70)",68.62946731662929
7369,"(34, 53, 54)",68.76661458735066
7370,"(7, 50, 61)",68.7228984406278
7371,"(19, 36, 49)",68.91782720814547
7372,"(15, 17, 74)",68.76501322137405
7373,"(4, 27, 43)",68.59131392623081
7374,"(3, 14, 15)",68.50706688423251
7375,"(20, 57, 59)",68.74474996261756
7376,"(5, 17, 63)",68.82986681424464
7377,"(1, 23, 32)",68.62520192254544
7378,"(10, 35, 56)",68.57937697788549
7379,"(42, 46, 49)",68.72799859757446
7380,"(9, 30, 54)",68.59619241432534
7381,"(17, 42, 66)",68.6607027553854
7382,"(44, 49, 72)",68.54149343902729
7383,"(23, 48, 66)",68.76306816944108
7384,"(10, 38, 62)",68.53732032360729
7385,"(43, 57, 70)",68.55274855274767
7386,"(24, 56, 62)",68.62115588303459
7387,"(7, 53, 54)",68.85553846312604
7388,"(18, 72, 73)",68.68042799628053
7389,"(10, 32, 60)",68.7383430327865
7390,"(6, 30, 68)",68.54974672632372
7391,"(0, 53, 65)",68.69768258489127
7392,"(3, 4, 32)",68.50848018389354
7393,"(6, 19, 27)",68.73147997578023
7394,"(31, 44, 68)",68.51282606214407
7395,"(49, 61, 65)",68.78112658845052
7396,"(22, 45, 59)",68.36430537737489
7397,"(3, 45, 55)",68.16918422089151
7398,"(13, 39, 45)",68.31890834414686
7399,"(25, 36, 40)",68.31991000759704
7400,"(15, 22, 48)",68.73015014028577
7401,"(0, 28, 35)",68.46682087388167
7402,"(32, 33, 44)",68.53990117551892
7403,"(11, 32, 35)",68.71914193175603
7404,"(7, 30, 58)",68.51695399541896
7405,"(10, 52, 66)",68.69518083512689
7406,"(36, 45, 56)",68.24120063153137
7407,"(4, 70, 71)",68.7114323500287
7408,"(14, 28, 74)",68.5754235892955
7409,"(8, 22, 65)",68.58904399211647
7410,"(1, 52, 60)",68.699754392415
7411,"(34, 36, 60)",68.72100289955377
7412,"(18, 27, 37)",68.69889685250506
7413,"(0, 26, 35)",68.73741035975655
7414,"(29, 30, 39)",68.52140985735447
7415,"(35, 54, 70)",68.7189609857042
7416,"(21, 46, 47)",68.56816588843535
7417,"(35, 62, 67)",68.58980086702931
7418,"(34, 43, 65)",68.49731152789944
7419,"(2, 55, 69)",68.87852723344304
7420,"(9, 22, 40)",68.4107086250695
7421,"(3, 52, 67)",68.41750890795977
7422,"(7, 27, 69)",68.79837560483958
7423,"(42, 50, 69)",68.51065574427315
7424,"(5, 8, 10)",68.64532968123494
7425,"(12, 15, 44)",68.56693552579232
7426,"(23, 38, 67)",68.51283658404486
7427,"(3, 33, 35)",68.4512595088697
7428,"(31, 44, 53)",68.57638297557226
7429,"(3, 5, 39)",68.4935806236711
7430,"(39, 42, 74)",68.56514975770821
7431,"(16, 49, 53)",68.820278937875
7432,"(0, 16, 52)",68.71959755124945
7433,"(3, 63, 74)",68.47278679879021
7434,"(8, 17, 58)",68.36799291597099
7435,"(6, 35, 46)",68.57929452671492
7436,"(9, 45, 59)",68.3476609402741
7437,"(2, 62, 67)",68.58036351986095
7438,"(1, 6, 39)",68.62697962955515
7439,"(41, 44, 53)",68.51327327822348
7440,"(1, 3, 37)",68.38490543937542
7441,"(2, 17, 48)",68.73406959612406
7442,"(10, 18, 24)",68.81004147170596
7443,"(6, 11, 55)",68.61127324028296
7444,"(2, 58, 59)",68.57460978763272
7445,"(22, 26, 61)",68.67750695073374
7446,"(24, 26, 47)",68.6158886477832
7447,"(18, 26, 32)",68.61393858688366
7448,"(1, 15, 63)",68.69522711609038
7449,"(46, 66, 68)",68.56365063222405
7450,"(5, 26, 58)",68.48855577692792
7451,"(3, 24, 50)",68.5815369718249
7452,"(0, 2, 48)",68.69341928462805
7453,"(1, 7, 14)",68.63714034615585
7454,"(17, 28, 67)",68.59821117012086
7455,"(42, 49, 50)",68.64277262476999
7456,"(26, 72, 74)",68.58335674432894
7457,"(24, 42, 53)",68.58330105334385
7458,"(10, 30, 42)",68.4955788983102
7459,"(29, 30, 40)",68.29706002383786
7460,"(13, 52, 66)",68.69035010914824
7461,"(19, 32, 33)",68.76622823664952
7462,"(6, 54, 61)",68.68625994683411
7463,"(20, 33, 69)",68.73687687996278
7464,"(6, 18, 30)",68.46665540108529
7465,"(5, 18, 30)",68.51027427037484
7466,"(7, 40, 47)",68.37955938892911
7467,"(29, 50, 72)",68.62475873898435
7468,"(42, 59, 61)",68.63872635992894
7469,"(22, 28, 50)",68.58463475882375
7470,"(23, 57, 60)",68.88909254774376
7471,"(2, 57, 69)",68.84700503584791
7472,"(8, 23, 48)",68.71283919687697
7473,"(0, 48, 51)",68.7605674568767
7474,"(1, 17, 49)",68.73781372298413
7475,"(40, 67, 74)",68.50131849233225
7476,"(9, 11, 13)",68.64740481527515
7477,"(29, 32, 46)",68.76083457967792
7478,"(4, 23, 27)",68.66876133023699
7479,"(27, 37, 43)",68.65898490445497
7480,"(27, 57, 58)",68.60135618603167
7481,"(9, 10, 14)",68.65684972716235
7482,"(39, 45, 72)",68.36441572912754
7483,"(0, 20, 69)",68.74442458519938
7484,"(48, 49, 62)",68.82888627596897
7485,"(9, 50, 63)",68.68798080522367
7486,"(54, 57, 69)",68.82069914238966
7487,"(56, 61, 62)",68.50847750643314
7488,"(39, 40, 49)",68.57635179964939
7489,"(45, 60, 74)",68.3302546090811
7490,"(8, 19, 54)",68.73968590128455
7491,"(60, 62, 72)",68.68139726533157
7492,"(11, 44, 58)",68.34705726516772
7493,"(17, 22, 25)",68.56054024185694
7494,"(16, 44, 46)",68.46725419913405
7495,"(2, 15, 67)",68.8075865878708
7496,"(21, 35, 48)",68.65547426147893
7497,"(53, 70, 71)",68.71830141315243
7498,"(15, 18, 25)",68.55673310842427
7499,"(4, 24, 73)",68.63593712238143
7500,"(2, 15, 41)",68.83184836838893
7501,"(7, 12, 21)",68.790857648795
7502,"(5, 8, 58)",68.42968087730227
7503,"(7, 16, 53)",68.76977105596828
7504,"(16, 37, 71)",68.67626437163833
7505,"(16, 47, 74)",68.60103392351083
7506,"(15, 22, 73)",68.64093126020848
7507,"(31, 53, 60)",68.77558712561273
7508,"(1, 11, 29)",68.68954764981257
7509,"(13, 45, 72)",68.26948156645683
7510,"(6, 53, 67)",68.66537717167674
7511,"(39, 51, 59)",68.7864053010769
7512,"(39, 51, 64)",68.61627821423852
7513,"(8, 35, 74)",68.59764071331378
7514,"(42, 48, 54)",68.59475229518013
7515,"(11, 33, 66)",68.66973005541318
7516,"(9, 14, 40)",68.43283035446987
7517,"(44, 50, 70)",68.49743892069138
7518,"(0, 61, 62)",68.59994738221498
7519,"(16, 22, 34)",68.57781622564649
7520,"(4, 46, 66)",68.54634970656053
7521,"(2, 16, 62)",68.65598928343206
7522,"(1, 5, 69)",68.59238364721229
7523,"(11, 53, 72)",68.79468516542099
7524,"(19, 24, 65)",68.73121103113266
7525,"(12, 30, 47)",68.63906855289446
7526,"(13, 27, 68)",68.73826526774332
7527,"(6, 7, 23)",68.56082442752559
7528,"(31, 67, 70)",68.67174284101576
7529,"(14, 65, 69)",68.75204426536227
7530,"(3, 37, 64)",68.49199334183524
7531,"(29, 61, 64)",68.69106384752284
7532,"(21, 31, 59)",68.80479358904513
7533,"(7, 18, 38)",68.66983701591212
7534,"(12, 27, 54)",68.8083110724561
7535,"(24, 61, 62)",68.72054000375631
7536,"(14, 23, 65)",68.75591414201112
7537,"(60, 63, 74)",68.66462978447309
7538,"(18, 29, 66)",68.67759184881044
7539,"(20, 34, 66)",68.60291318298242
7540,"(11, 12, 45)",68.29116342726982
7541,"(27, 61, 70)",68.81946900552562
7542,"(4, 18, 74)",68.77238183530075
7543,"(15, 34, 38)",68.51590487919572
7544,"(8, 18, 40)",68.50885136503145
7545,"(4, 55, 74)",68.7127661393778
7546,"(29, 56, 63)",68.62605939238105
7547,"(12, 46, 55)",68.65923617214096
7548,"(11, 46, 50)",68.69421239993301
7549,"(31, 40, 62)",68.52970514886316
7550,"(29, 34, 68)",68.72781808624825
7551,"(3, 23, 70)",68.50911869536196
7552,"(4, 16, 67)",68.68322980345383
7553,"(3, 5, 20)",68.46587497717135
7554,"(40, 55, 69)",68.54273871290317
7555,"(8, 30, 61)",68.52328448351311
7556,"(25, 41, 71)",68.48326984548268
7557,"(26, 36, 58)",68.52299430044322
7558,"(18, 38, 57)",68.64516955478385
7559,"(21, 61, 68)",68.77163840010476
7560,"(23, 36, 60)",68.7841595176951
7561,"(20, 40, 70)",68.4704720663788
7562,"(13, 26, 49)",68.79667845561458
7563,"(27, 49, 65)",68.76597336288471
7564,"(4, 65, 67)",68.65666994453342
7565,"(42, 55, 70)",68.51189520522898
7566,"(34, 48, 50)",68.71117165350462
7567,"(43, 55, 59)",68.55426755204728
7568,"(9, 26, 46)",68.55768466200757
7569,"(24, 34, 44)",68.58185193042799
7570,"(10, 19, 64)",68.7246722862602
7571,"(31, 49, 52)",68.89299313268367
7572,"(49, 56, 69)",68.77860714834897
7573,"(6, 40, 51)",68.36863135712863
7574,"(3, 36, 60)",68.53642743257751
7575,"(14, 58, 73)",68.48220292975893
7576,"(6, 9, 54)",68.65052301391643
7577,"(6, 18, 66)",68.52344524912539
7578,"(1, 23, 25)",68.40260152210196
7579,"(4, 16, 25)",68.49273489377823
7580,"(42, 64, 66)",68.4550661727979
7581,"(13, 56, 61)",68.69861026680826
7582,"(33, 49, 56)",68.8759324979517
7583,"(44, 55, 71)",68.50879993687275
7584,"(9, 16, 60)",68.64512997330749
7585,"(20, 38, 58)",68.46482831220493
7586,"(20, 50, 56)",68.52040735937054
7587,"(25, 36, 69)",68.56924850882297
7588,"(28, 38, 51)",68.53062004951649
7589,"(23, 25, 52)",68.41626608465299
7590,"(19, 61, 72)",68.79550489312005
7591,"(41, 46, 69)",68.67433081190345
7592,"(25, 26, 48)",68.60900947899545
7593,"(37, 43, 46)",68.49752337296799
7594,"(25, 66, 74)",68.4386442390652
7595,"(16, 59, 60)",68.71834355872568
7596,"(26, 40, 49)",68.52010420029255
7597,"(3, 19, 63)",68.45831509818787
7598,"(19, 47, 67)",68.60689685294889
7599,"(23, 48, 63)",68.82131780110757
7600,"(11, 26, 56)",68.65085678214066
7601,"(45, 47, 49)",68.17620313087048
7602,"(10, 18, 26)",68.66830523238299
7603,"(5, 9, 60)",68.66068105061032
7604,"(11, 12, 70)",68.76554123957688
7605,"(17, 60, 61)",68.8211876696726
7606,"(44, 51, 55)",68.61339924842221
7607,"(42, 46, 61)",68.61511121407085
7608,"(34, 51, 65)",68.79089680199584
7609,"(5, 27, 65)",68.64315755397034
7610,"(4, 58, 72)",68.6303293845196
7611,"(2, 44, 46)",68.46257380888741
7612,"(12, 64, 69)",68.6859597477119
7613,"(21, 55, 59)",68.74267376337106
7614,"(1, 15, 58)",68.55269688690386
7615,"(49, 54, 68)",68.89924075591
7616,"(8, 22, 69)",68.64689187643575
7617,"(45, 56, 59)",68.33348480150686
7618,"(3, 42, 67)",68.4016957198555
7619,"(5, 28, 41)",68.49406291870069
7620,"(0, 12, 19)",68.72837276431319
7621,"(46, 67, 71)",68.66606387586046
7622,"(32, 39, 52)",68.66280561215864
7623,"(26, 36, 71)",68.69514383279828
7624,"(4, 34, 73)",68.6847828936016
7625,"(20, 39, 64)",68.64396943840347
7626,"(21, 36, 67)",68.67377745810485
7627,"(57, 58, 63)",68.61239558409972
7628,"(49, 72, 73)",68.8066699840984
7629,"(7, 11, 21)",68.75531365952685
7630,"(35, 42, 70)",68.52866130034975
7631,"(13, 14, 19)",68.80744357186737
7632,"(41, 52, 57)",68.74795556250707
7633,"(2, 23, 66)",68.63525922980654
7634,"(5, 46, 54)",68.73116144726261
7635,"(42, 43, 65)",68.4079949158246
7636,"(46, 59, 64)",68.55692991587603
7637,"(12, 60, 62)",68.81748527507916
7638,"(40, 62, 65)",68.37915895636895
7639,"(31, 42, 50)",68.58503567926097
7640,"(34, 38, 41)",68.51642708347028
7641,"(30, 61, 72)",68.63838080715134
7642,"(6, 8, 20)",68.59234870209046
7643,"(13, 31, 54)",68.7468787175554
7644,"(15, 31, 56)",68.63003398194098
7645,"(30, 60, 68)",68.56217181439686
7646,"(32, 70, 73)",68.66625104480525
7647,"(0, 18, 74)",68.72295563189255
7648,"(11, 14, 17)",68.8013192319125
7649,"(43, 63, 65)",68.56082588171549
7650,"(50, 53, 59)",68.61716860066139
7651,"(11, 40, 48)",68.44719554150468
7652,"(29, 54, 59)",68.83305870302642
7653,"(10, 27, 50)",68.68457220327603
7654,"(33, 35, 43)",68.65095250634316
7655,"(6, 53, 70)",68.70550344698376
7656,"(61, 64, 68)",68.70987094025544
7657,"(8, 60, 66)",68.66009034822109
7658,"(59, 69, 73)",68.63445368259427
7659,"(3, 43, 73)",68.36260578743129
7660,"(2, 32, 57)",68.78714370968638
7661,"(36, 42, 52)",68.52883644303095
7662,"(40, 46, 63)",68.50953924011144
7663,"(32, 58, 70)",68.57052394840697
7664,"(2, 9, 54)",68.89957355548695
7665,"(15, 20, 25)",68.58788936572054
7666,"(23, 29, 56)",68.64007648614135
7667,"(9, 23, 72)",68.55205707815146
7668,"(10, 62, 74)",68.67795382668687
7669,"(1, 52, 56)",68.594927002351
7670,"(37, 56, 60)",68.58102441763238
7671,"(1, 6, 22)",68.64511200833552
7672,"(12, 40, 71)",68.49314769763623
7673,"(19, 32, 40)",68.48894397499558
7674,"(5, 51, 54)",68.77482612779649
7675,"(0, 11, 66)",68.6567160856438
7676,"(53, 62, 71)",68.68408225763686
7677,"(16, 52, 74)",68.78141931036362
7678,"(14, 63, 70)",68.8118424690346
7679,"(7, 9, 16)",68.66101218142103
7680,"(37, 39, 45)",68.37250568761608
7681,"(19, 53, 70)",68.76516870909904
7682,"(33, 56, 69)",68.60893595885422
7683,"(3, 12, 24)",68.45025661428079
7684,"(5, 25, 72)",68.4565000537585
7685,"(5, 42, 47)",68.52059540161784
7686,"(44, 65, 74)",68.52783049565227
7687,"(33, 51, 70)",68.84591357697836
7688,"(20, 47, 62)",68.48898595439515
7689,"(47, 50, 65)",68.65819471488716
7690,"(15, 21, 65)",68.80299972335845
7691,"(2, 7, 74)",68.93374709388165
7692,"(3, 17, 41)",68.48224395544365
7693,"(33, 48, 70)",68.74711799345621
7694,"(45, 52, 59)",68.37976043567633
7695,"(31, 53, 73)",68.6751301939468
7696,"(24, 45, 73)",68.24412801512766
7697,"(6, 39, 52)",68.5831544029434
7698,"(27, 50, 73)",68.6197798539731
7699,"(7, 23, 73)",68.7882646744723
7700,"(0, 33, 67)",68.6920078702589
7701,"(9, 57, 66)",68.65691002079788
7702,"(9, 18, 56)",68.52286487853807
7703,"(28, 36, 47)",68.46887263177439
7704,"(22, 29, 58)",68.5751674385401
7705,"(62, 68, 69)",68.60387298274703
7706,"(14, 23, 69)",68.66760527523091
7707,"(8, 13, 51)",68.62406134860994
7708,"(43, 45, 57)",68.21688298241162
7709,"(5, 48, 72)",68.60233922348019
7710,"(0, 20, 64)",68.70882729100975
7711,"(3, 19, 28)",68.35018948649297
7712,"(29, 45, 69)",68.4228057598413
7713,"(12, 35, 70)",68.711300451379
7714,"(30, 35, 54)",68.59187679942212
7715,"(37, 40, 48)",68.55119621659907
7716,"(16, 34, 40)",68.38340160939185
7717,"(34, 56, 66)",68.59180155658674
7718,"(0, 3, 4)",68.44205958708238
7719,"(13, 16, 17)",68.77774019011818
7720,"(16, 28, 59)",68.53236194830855
7721,"(0, 10, 26)",68.7839602755371
7722,"(3, 21, 29)",68.52723109206511
7723,"(34, 43, 69)",68.5411570987043
7724,"(23, 56, 57)",68.7788897230817
7725,"(14, 24, 62)",68.7350093345546
7726,"(0, 31, 49)",68.78752745677325
7727,"(25, 50, 60)",68.57020123387885
7728,"(22, 52, 55)",68.72180937933867
7729,"(25, 37, 60)",68.55180928109156
7730,"(49, 55, 67)",68.82565359544036
7731,"(8, 16, 63)",68.80856316151906
7732,"(9, 33, 45)",68.34116483642639
7733,"(7, 54, 68)",68.84175366884172
7734,"(21, 41, 60)",68.73883858046852
7735,"(38, 45, 61)",68.28031770232641
7736,"(11, 41, 59)",68.76107246939893
7737,"(13, 14, 34)",68.6977608429839
7738,"(23, 24, 43)",68.66816375342296
7739,"(8, 37, 52)",68.73006311242274
7740,"(0, 2, 42)",68.75013096232054
7741,"(8, 41, 55)",68.62730066634629
7742,"(14, 18, 28)",68.52330358763588
7743,"(4, 7, 64)",68.76693026347664
7744,"(6, 46, 54)",68.60115409864626
7745,"(31, 33, 64)",68.67518427891457
7746,"(37, 38, 65)",68.5513694066369
7747,"(10, 13, 71)",68.80178907810401
7748,"(9, 15, 56)",68.72009962193488
7749,"(11, 18, 26)",68.66763277845753
7750,"(17, 27, 45)",68.47410149736628
7751,"(18, 20, 31)",68.68550998377052
7752,"(32, 47, 71)",68.59839054778291
7753,"(17, 70, 71)",68.81696651361578
7754,"(7, 18, 45)",68.31853867861453
7755,"(1, 31, 63)",68.70000044965352
7756,"(11, 56, 73)",68.63510237110293
7757,"(4, 37, 54)",68.7229934880001
7758,"(15, 35, 45)",68.3477116172419
7759,"(26, 30, 31)",68.76910701476768
7760,"(40, 58, 61)",68.32923063826036
7761,"(37, 49, 51)",68.80563231042467
7762,"(13, 50, 68)",68.69823218517745
7763,"(50, 63, 71)",68.72339841252104
7764,"(8, 26, 70)",68.6035712921403
7765,"(23, 63, 67)",68.73516094037386
7766,"(19, 48, 70)",68.71565558051442
7767,"(14, 60, 72)",68.76151553073949
7768,"(31, 48, 60)",68.72397545954453
7769,"(8, 40, 61)",68.39757194850425
7770,"(5, 67, 71)",68.67363543229982
7771,"(61, 70, 71)",68.74858204848094
7772,"(44, 61, 66)",68.39305584358387
7773,"(1, 25, 58)",68.30361684110244
7774,"(8, 38, 45)",68.13106297583064
7775,"(8, 14, 71)",68.66551513075684
7776,"(12, 22, 54)",68.75011964302456
7777,"(5, 24, 65)",68.68360059972943
7778,"(38, 50, 51)",68.58002297936505
7779,"(22, 45, 66)",68.30323697794512
7780,"(2, 18, 34)",68.75200262233065
7781,"(30, 35, 62)",68.50875200084339
7782,"(1, 52, 74)",68.71194742304915
7783,"(36, 43, 59)",68.62765713519875
7784,"(2, 15, 53)",68.83636469661356
7785,"(27, 44, 52)",68.58591064659319
7786,"(18, 25, 65)",68.60922534553198
7787,"(22, 27, 47)",68.58386679353006
7788,"(8, 24, 68)",68.57779729112006
7789,"(54, 61, 64)",68.76084211535407
7790,"(12, 14, 32)",68.67425100254874
7791,"(58, 59, 67)",68.57578883548656
7792,"(15, 38, 46)",68.53817164058911
7793,"(3, 34, 71)",68.42774465794814
7794,"(11, 36, 56)",68.62798788411791
7795,"(1, 11, 57)",68.79647855822132
7796,"(33, 44, 46)",68.48348499861372
7797,"(6, 23, 54)",68.7342891048347
7798,"(1, 26, 28)",68.52955596096326
7799,"(48, 59, 67)",68.77585972378904
7800,"(0, 35, 57)",68.76285350164946
7801,"(2, 7, 31)",68.97056020691564
7802,"(3, 33, 56)",68.41141702804528
7803,"(1, 46, 64)",68.52524480980357
7804,"(3, 5, 60)",68.54067197492448
7805,"(7, 21, 44)",68.53760199601747
7806,"(4, 11, 17)",68.82336195242178
7807,"(30, 39, 64)",68.5814965641509
7808,"(25, 34, 45)",68.07072608334272
7809,"(14, 30, 58)",68.32416351971816
7810,"(4, 5, 9)",68.68350027358379
7811,"(25, 41, 48)",68.5888383075816
7812,"(23, 26, 52)",68.74975981003034
7813,"(23, 29, 60)",68.73915433591876
7814,"(59, 61, 62)",68.64531476598034
7815,"(42, 48, 67)",68.48752801324144
7816,"(25, 50, 64)",68.58247614694115
7817,"(0, 27, 66)",68.67890462608801
7818,"(7, 37, 68)",68.7998960827062
7819,"(6, 56, 59)",68.55357075900697
7820,"(2, 61, 71)",68.72954680727422
7821,"(4, 19, 65)",68.74252266699514
7822,"(34, 48, 71)",68.63652086225683
7823,"(13, 28, 53)",68.55364913217994
7824,"(5, 37, 65)",68.77210088057343
7825,"(39, 57, 62)",68.6369203924389
7826,"(8, 16, 74)",68.6680194847641
7827,"(14, 26, 64)",68.70889481265134
7828,"(10, 39, 44)",68.56129699742596
7829,"(22, 23, 45)",68.37231387375502
7830,"(3, 10, 62)",68.40939164915355
7831,"(18, 25, 68)",68.53627925267315
7832,"(53, 59, 72)",68.77620265539213
7833,"(7, 11, 74)",68.75332152232542
7834,"(46, 56, 64)",68.51591263365766
7835,"(3, 32, 65)",68.44484604510224
7836,"(0, 3, 24)",68.56816125691861
7837,"(12, 58, 63)",68.54539256217542
7838,"(17, 47, 65)",68.63802320005253
7839,"(10, 14, 60)",68.75663325722512
7840,"(36, 42, 61)",68.56245491960823
7841,"(23, 29, 38)",68.70902882756651
7842,"(6, 12, 42)",68.48189768107163
7843,"(15, 34, 49)",68.9043924973762
7844,"(13, 42, 57)",68.75853984414933
7845,"(41, 42, 53)",68.57031892768866
7846,"(26, 37, 71)",68.59354241881263
7847,"(9, 17, 23)",68.63112060773074
7848,"(22, 29, 73)",68.69715332987066
7849,"(1, 13, 34)",68.701798857835
7850,"(37, 47, 59)",68.65117877602151
7851,"(4, 7, 34)",68.81993732448876
7852,"(5, 12, 54)",68.74808590200828
7853,"(21, 28, 49)",68.58476043162909
7854,"(15, 51, 70)",68.81751173030966
7855,"(31, 42, 68)",68.6071548535079
7856,"(27, 34, 63)",68.70185436803263
7857,"(15, 57, 65)",68.76330834173761
7858,"(9, 39, 45)",68.39958427914259
7859,"(22, 23, 64)",68.68404675447499
7860,"(16, 29, 63)",68.74301993878554
7861,"(32, 62, 67)",68.63323019413198
7862,"(11, 17, 25)",68.51854248510077
7863,"(2, 16, 47)",68.64907053848432
7864,"(10, 20, 33)",68.69091103850364
7865,"(25, 36, 54)",68.6064008954911
7866,"(24, 66, 72)",68.59858958095455
7867,"(17, 22, 45)",68.35284711256861
7868,"(31, 39, 47)",68.62688524228577
7869,"(2, 25, 27)",68.62197384957199
7870,"(9, 38, 63)",68.55099499369918
7871,"(15, 41, 49)",68.81667603573953
7872,"(9, 18, 69)",68.60509000436912
7873,"(14, 36, 74)",68.76727932420089
7874,"(24, 31, 42)",68.58109222589668
7875,"(0, 46, 68)",68.63085696412284
7876,"(46, 48, 50)",68.53893558046454
7877,"(21, 37, 55)",68.739821020586
7878,"(6, 71, 74)",68.69364635262122
7879,"(42, 58, 74)",68.414590187881
7880,"(6, 38, 50)",68.53232985777777
7881,"(3, 14, 19)",68.48700150828797
7882,"(33, 63, 64)",68.6569243116698
7883,"(0, 31, 73)",68.72437722031847
7884,"(11, 33, 61)",68.75175028377072
7885,"(1, 56, 59)",68.63397451735065
7886,"(21, 60, 62)",68.65617754346505
7887,"(20, 54, 63)",68.69454870019416
7888,"(10, 27, 64)",68.7536332840881
7889,"(6, 62, 65)",68.58254484666253
7890,"(19, 34, 70)",68.7059823459208
7891,"(10, 19, 33)",68.75931630025664
7892,"(12, 43, 66)",68.53138820712606
7893,"(10, 14, 42)",68.65668337110061
7894,"(7, 15, 21)",68.84266317278346
7895,"(30, 51, 60)",68.63596591098174
7896,"(28, 52, 63)",68.64141032001046
7897,"(11, 37, 65)",68.72837995055643
7898,"(15, 57, 69)",68.79970898850365
7899,"(4, 33, 46)",68.71287964277928
7900,"(4, 47, 68)",68.5863077139956
7901,"(1, 41, 62)",68.56946557683133
7902,"(18, 42, 60)",68.62367915432799
7903,"(29, 65, 66)",68.66078875381179
7904,"(26, 52, 70)",68.73344306572386
7905,"(4, 5, 70)",68.7901216832888
7906,"(36, 55, 68)",68.72612904372343
7907,"(23, 62, 73)",68.59600999339496
7908,"(6, 34, 46)",68.51595671501735
7909,"(20, 24, 59)",68.6786153737906
7910,"(12, 34, 58)",68.49929977323882
7911,"(20, 67, 73)",68.57190384861715
7912,"(17, 50, 74)",68.79609054682143
7913,"(14, 26, 37)",68.65145511971168
7914,"(22, 32, 50)",68.59659210439088
7915,"(15, 51, 65)",68.72543689540707
7916,"(0, 27, 42)",68.59638569504187
7917,"(9, 16, 40)",68.36617704910239
7918,"(5, 12, 69)",68.74412572916437
7919,"(49, 57, 73)",68.82053749862843
7920,"(33, 36, 47)",68.71259025251221
7921,"(9, 26, 61)",68.6679096491849
7922,"(19, 47, 69)",68.64593646530055
7923,"(9, 17, 68)",68.65475736602511
7924,"(21, 40, 66)",68.41573817069198
7925,"(63, 67, 71)",68.67385179040859
7926,"(2, 23, 57)",68.75801889587454
7927,"(15, 64, 69)",68.76112733775861
7928,"(6, 16, 57)",68.67353424524471
7929,"(24, 27, 55)",68.7032590302396
7930,"(6, 33, 59)",68.68141650716062
7931,"(41, 47, 72)",68.63399915777745
7932,"(50, 64, 68)",68.74273741503852
7933,"(15, 58, 66)",68.47972151158494
7934,"(53, 58, 73)",68.42334629679817
7935,"(6, 20, 72)",68.59074167761557
7936,"(0, 10, 17)",68.70664561182878
7937,"(48, 52, 73)",68.62378142242584
7938,"(22, 33, 66)",68.56185396242412
7939,"(1, 10, 16)",68.66280273867184
7940,"(18, 22, 68)",68.66075579646007
7941,"(1, 33, 55)",68.72122686203141
7942,"(49, 56, 72)",68.68279927546804
7943,"(23, 35, 70)",68.72825981478191
7944,"(13, 32, 47)",68.72689798813603
7945,"(25, 41, 50)",68.47267001084076
7946,"(25, 30, 71)",68.26348731929951
7947,"(26, 27, 37)",68.76818835560454
7948,"(16, 23, 45)",68.31251879074756
7949,"(24, 44, 59)",68.569505793531
7950,"(26, 49, 70)",68.81876309116709
7951,"(37, 40, 49)",68.56575194080006
7952,"(5, 6, 11)",68.59812516042696
7953,"(7, 52, 71)",68.80523686844204
7954,"(22, 39, 72)",68.75011791930639
7955,"(23, 65, 66)",68.68532018430666
7956,"(34, 53, 70)",68.73890096628433
7957,"(17, 22, 64)",68.72732005676936
7958,"(43, 47, 64)",68.4958858604803
7959,"(15, 27, 50)",68.6883606743366
7960,"(2, 25, 46)",68.55520402762579
7961,"(7, 29, 70)",68.80534735820893
7962,"(20, 37, 48)",68.78189544035848
7963,"(0, 20, 32)",68.7224911745189
7964,"(37, 51, 65)",68.77181208885149
7965,"(8, 55, 74)",68.65425917587635
7966,"(28, 37, 51)",68.62859765403051
7967,"(20, 25, 54)",68.53099404702638
7968,"(20, 51, 59)",68.81889397445977
7969,"(15, 26, 54)",68.7872364629879
7970,"(1, 9, 61)",68.69158283612184
7971,"(2, 15, 52)",68.91795948807282
7972,"(39, 52, 57)",68.66656103258906
7973,"(20, 59, 63)",68.68682660777753
7974,"(23, 55, 62)",68.68258548844643
7975,"(26, 64, 71)",68.63115507897406
7976,"(18, 26, 40)",68.3814538610245
7977,"(24, 30, 48)",68.62874479606657
7978,"(7, 13, 72)",68.82059422727744
7979,"(37, 59, 66)",68.72902598591584
7980,"(18, 23, 57)",68.81102675511347
7981,"(18, 44, 70)",68.48085271783079
7982,"(14, 28, 48)",68.47408144743355
7983,"(7, 42, 44)",68.52131304726845
7984,"(23, 50, 68)",68.71020585760459
7985,"(38, 40, 49)",68.41708014917359
7986,"(51, 63, 70)",68.83198207633627
7987,"(15, 23, 57)",68.79904526280025
7988,"(11, 19, 25)",68.50747048575194
7989,"(10, 25, 73)",68.50956538235012
7990,"(19, 22, 57)",68.84136558772816
7991,"(0, 11, 54)",68.78663022516515
7992,"(12, 19, 37)",68.73367661566773
7993,"(27, 28, 73)",68.54638131031105
7994,"(29, 38, 51)",68.56752166920526
7995,"(3, 24, 58)",68.28045537097837
7996,"(11, 36, 62)",68.75848631882322
7997,"(19, 39, 73)",68.73701522753251
7998,"(5, 8, 73)",68.68808246538033
7999,"(17, 58, 60)",68.6121029120022
8000,"(2, 20, 50)",68.82070149192865
8001,"(3, 32, 59)",68.47127308459336
8002,"(2, 42, 74)",68.65325332265049
8003,"(44, 63, 72)",68.44965853045349
8004,"(25, 45, 61)",68.13030500411485
8005,"(6, 7, 65)",68.59832777627672
8006,"(35, 40, 61)",68.43868226446969
8007,"(26, 47, 55)",68.67471064345331
8008,"(18, 20, 52)",68.68531438239135
8009,"(41, 50, 66)",68.56265906890236
8010,"(2, 43, 72)",68.6262455515646
8011,"(2, 4, 7)",68.76304617101822
8012,"(46, 49, 73)",68.72488685408318
8013,"(6, 51, 58)",68.46434610853423
8014,"(18, 31, 55)",68.76230964436286
8015,"(4, 13, 30)",68.63129191300062
8016,"(8, 56, 61)",68.53470084764282
8017,"(44, 65, 69)",68.51505854513248
8018,"(38, 47, 71)",68.56674381516106
8019,"(43, 47, 50)",68.41773907330071
8020,"(16, 21, 26)",68.75285642721012
8021,"(9, 45, 70)",68.28616264045682
8022,"(35, 46, 60)",68.68792631471263
8023,"(5, 22, 52)",68.67692518300255
8024,"(18, 40, 58)",68.32023217214524
8025,"(23, 24, 73)",68.70141991346684
8026,"(1, 45, 62)",67.97134105587699
8027,"(36, 54, 58)",68.50274546638595
8028,"(14, 42, 73)",68.43070287226747
8029,"(7, 13, 51)",68.89891359717485
8030,"(34, 48, 61)",68.68217647005042
8031,"(55, 57, 66)",68.66679356625404
8032,"(5, 21, 48)",68.62831062038683
8033,"(22, 46, 60)",68.69300669257736
8034,"(4, 5, 67)",68.76729933746041
8035,"(15, 27, 72)",68.73361525645237
8036,"(7, 40, 49)",68.6687698686426
8037,"(6, 17, 53)",68.73153250150315
8038,"(41, 51, 68)",68.7861655120953
8039,"(37, 61, 70)",68.83545339202006
8040,"(34, 45, 59)",68.22859570927555
8041,"(7, 15, 39)",68.83202952658907
8042,"(2, 5, 31)",68.79284613260992
8043,"(14, 23, 47)",68.568009287179
8044,"(9, 31, 43)",68.52475664632433
8045,"(32, 44, 68)",68.4894059042193
8046,"(72, 73, 74)",68.71198561347231
8047,"(25, 53, 66)",68.45800219412513
8048,"(18, 22, 52)",68.64371848975658
8049,"(35, 39, 73)",68.6173073658322
8050,"(5, 27, 70)",68.64477049615174
8051,"(36, 52, 65)",68.61734973360772
8052,"(36, 49, 53)",68.85651919366003
8053,"(25, 65, 68)",68.49860021793688
8054,"(22, 35, 54)",68.78450841551802
8055,"(13, 21, 51)",68.88177646051427
8056,"(10, 32, 43)",68.54547930150858
8057,"(17, 48, 56)",68.68209713461773
8058,"(21, 42, 67)",68.57075656902427
8059,"(21, 26, 73)",68.6111364357889
8060,"(20, 28, 50)",68.46717782949867
8061,"(3, 47, 72)",68.47146833564912
8062,"(58, 59, 70)",68.55936548843762
8063,"(12, 50, 64)",68.68861252944698
8064,"(1, 59, 67)",68.62610977634733
8065,"(21, 38, 68)",68.50492059565097
8066,"(1, 28, 44)",68.31938856095167
8067,"(37, 51, 56)",68.81527682972023
8068,"(34, 69, 71)",68.65054728942704
8069,"(17, 52, 62)",68.75472194388972
8070,"(38, 45, 60)",68.26908222529023
8071,"(47, 53, 61)",68.5701788291162
8072,"(12, 36, 37)",68.73901928255373
8073,"(54, 59, 71)",68.77357959184118
8074,"(11, 21, 69)",68.75182350944704
8075,"(35, 57, 64)",68.68371009214155
8076,"(15, 33, 74)",68.76659679492873
8077,"(4, 25, 71)",68.5166829766825
8078,"(41, 64, 66)",68.64636440106602
8079,"(18, 39, 63)",68.6574808691661
8080,"(18, 22, 33)",68.66306459109282
8081,"(11, 43, 72)",68.52565598098153
8082,"(31, 36, 42)",68.6293576701031
8083,"(16, 44, 64)",68.55272587405976
8084,"(32, 71, 74)",68.73194684596899
8085,"(10, 23, 46)",68.63406531625206
8086,"(2, 26, 31)",68.85394629207367
8087,"(31, 44, 60)",68.59328697125973
8088,"(19, 23, 55)",68.73385156951228
8089,"(4, 5, 33)",68.76593791302244
8090,"(37, 50, 52)",68.7319625111752
8091,"(1, 9, 36)",68.65027393978868
8092,"(5, 49, 69)",68.91157276096361
8093,"(28, 37, 55)",68.49497740039101
8094,"(7, 36, 53)",68.81107409049184
8095,"(9, 10, 56)",68.50544384986333
8096,"(11, 19, 71)",68.76920193441377
8097,"(9, 59, 71)",68.54113913391186
8098,"(24, 40, 66)",68.3613275632608
8099,"(20, 24, 74)",68.7192956067454
8100,"(3, 19, 56)",68.40664697837964
8101,"(7, 10, 11)",68.76361160358587
8102,"(8, 13, 21)",68.75665289062839
8103,"(0, 10, 34)",68.63774916183964
8104,"(17, 19, 57)",68.85193725603315
8105,"(9, 12, 51)",68.58312445805169
8106,"(0, 11, 41)",68.748628561281
8107,"(10, 51, 70)",68.7489628813838
8108,"(28, 52, 69)",68.63517507396165
8109,"(4, 6, 69)",68.66863069758095
8110,"(11, 44, 73)",68.4233177888425
8111,"(23, 36, 64)",68.69388384238633
8112,"(49, 59, 69)",68.88604253534176
8113,"(9, 10, 61)",68.6082999504016
8114,"(22, 28, 73)",68.51782183424878
8115,"(5, 13, 35)",68.70169714207141
8116,"(18, 26, 73)",68.62806884865081
8117,"(15, 19, 27)",68.80133951993962
8118,"(14, 60, 67)",68.71871429193888
8119,"(60, 70, 71)",68.68598184135105
8120,"(1, 11, 64)",68.68336391784659
8121,"(58, 70, 72)",68.49148917202513
8122,"(20, 27, 34)",68.70157989641174
8123,"(39, 40, 45)",68.2044440814056
8124,"(17, 28, 56)",68.46642267606975
8125,"(2, 24, 59)",68.76961249282681
8126,"(6, 55, 68)",68.60670034189465
8127,"(35, 37, 52)",68.77774440852133
8128,"(18, 33, 42)",68.65720524853027
8129,"(4, 52, 61)",68.75887033161857
8130,"(25, 44, 45)",67.7850430190304
8131,"(20, 44, 59)",68.57736608171808
8132,"(34, 46, 67)",68.63172582810164
8133,"(21, 26, 31)",68.73051129489966
8134,"(11, 24, 44)",68.60146556272649
8135,"(6, 37, 41)",68.61752690566504
8136,"(12, 58, 59)",68.48716597003917
8137,"(13, 18, 54)",68.87985522788627
8138,"(4, 21, 49)",68.83375696684146
8139,"(32, 33, 72)",68.73821280460402
8140,"(9, 23, 27)",68.65329417343162
8141,"(1, 28, 37)",68.44195225605786
8142,"(4, 12, 51)",68.72831531226632
8143,"(6, 53, 55)",68.5528474160041
8144,"(12, 62, 74)",68.75103066415427
8145,"(37, 57, 62)",68.75838081478751
8146,"(20, 27, 35)",68.70353672457428
8147,"(35, 62, 73)",68.55392922373605
8148,"(4, 5, 50)",68.74672455111468
8149,"(14, 36, 56)",68.64706179155714
8150,"(10, 33, 67)",68.75274311515491
8151,"(41, 43, 64)",68.56691033745656
8152,"(10, 56, 59)",68.66941542747979
8153,"(15, 41, 46)",68.74484323218303
8154,"(27, 39, 69)",68.69471720822818
8155,"(4, 22, 36)",68.73497855540545
8156,"(0, 21, 35)",68.70022755119807
8157,"(19, 45, 54)",68.41123066613486
8158,"(50, 58, 64)",68.50668276775528
8159,"(21, 33, 52)",68.74290907259642
8160,"(54, 58, 70)",68.49348661421469
8161,"(19, 40, 60)",68.55115431944294
8162,"(42, 61, 64)",68.6296754677204
8163,"(19, 37, 65)",68.79354638151973
8164,"(26, 33, 48)",68.6645396366076
8165,"(33, 36, 41)",68.7115331934043
8166,"(11, 23, 61)",68.79879076581132
8167,"(16, 19, 39)",68.77521038758742
8168,"(22, 53, 74)",68.7492384829664
8169,"(0, 27, 50)",68.70771726570678
8170,"(10, 16, 36)",68.76967018536408
8171,"(21, 28, 39)",68.60365286318867
8172,"(30, 31, 53)",68.69376625824292
8173,"(18, 52, 53)",68.78657462900031
8174,"(23, 61, 68)",68.78215248410285
8175,"(0, 60, 61)",68.71470817188346
8176,"(26, 63, 64)",68.59826663515895
8177,"(6, 11, 29)",68.67254150225709
8178,"(0, 1, 5)",68.71397247171183
8179,"(14, 39, 53)",68.7644110693889
8180,"(1, 23, 34)",68.61318928321346
8181,"(3, 13, 24)",68.50462902804156
8182,"(40, 43, 73)",68.33844839961044
8183,"(37, 51, 72)",68.77857445405901
8184,"(24, 38, 62)",68.5170436269418
8185,"(18, 25, 39)",68.52430918178534
8186,"(20, 29, 33)",68.67222069479058
8187,"(5, 6, 67)",68.63420757997962
8188,"(13, 20, 24)",68.7323705846467
8189,"(12, 34, 57)",68.84845270372183
8190,"(15, 38, 72)",68.59511110159754
8191,"(6, 8, 47)",68.52959429985555
8192,"(22, 35, 62)",68.59974968912846
8193,"(43, 45, 46)",67.92943202664293
8194,"(22, 28, 64)",68.62765252095134
8195,"(8, 20, 24)",68.61531734801696
8196,"(9, 31, 54)",68.67840959728493
8197,"(8, 36, 63)",68.7593049600003
8198,"(29, 30, 31)",68.53498687337176
8199,"(24, 30, 38)",68.48827826638009
8200,"(28, 29, 60)",68.54138108765918
8201,"(40, 59, 64)",68.37079786491685
8202,"(14, 18, 56)",68.60145954120988
8203,"(15, 16, 33)",68.78222303362685
8204,"(28, 47, 57)",68.52711117867484
8205,"(35, 65, 73)",68.65748488292832
8206,"(28, 37, 38)",68.42481193941356
8207,"(5, 25, 56)",68.54318028038911
8208,"(8, 22, 59)",68.53758081280571
8209,"(44, 49, 66)",68.57249121229182
8210,"(32, 37, 40)",68.43119630511609
8211,"(37, 43, 45)",68.16533567223097
8212,"(26, 39, 41)",68.73651593934282
8213,"(5, 49, 66)",68.79535515538473
8214,"(20, 31, 56)",68.65304113107442
8215,"(7, 19, 48)",68.81851549682851
8216,"(32, 34, 63)",68.71776232929854
8217,"(4, 16, 51)",68.71981809137301
8218,"(37, 39, 44)",68.4980882376474
8219,"(16, 30, 40)",68.37155254735659
8220,"(3, 26, 42)",68.4694437921365
8221,"(21, 26, 65)",68.58065648476747
8222,"(15, 54, 59)",68.81365535122231
8223,"(10, 16, 40)",68.47889004589814
8224,"(44, 63, 68)",68.46263024643777
8225,"(9, 10, 55)",68.64400571489062
8226,"(6, 57, 58)",68.39277901444065
8227,"(25, 42, 71)",68.33549094432395
8228,"(9, 22, 66)",68.52416167557678
8229,"(38, 61, 69)",68.6517625444014
8230,"(29, 55, 62)",68.64377302802566
8231,"(17, 25, 45)",68.03264030156512
8232,"(1, 41, 63)",68.6961428014364
8233,"(7, 30, 52)",68.61551827844495
8234,"(34, 37, 64)",68.72550166639442
8235,"(25, 58, 71)",68.2270663826396
8236,"(34, 55, 65)",68.71918511359117
8237,"(51, 62, 73)",68.71353196076619
8238,"(15, 62, 72)",68.58298134516801
8239,"(24, 58, 74)",68.57496609725592
8240,"(21, 25, 72)",68.46102320308076
8241,"(31, 36, 71)",68.74048848495511
8242,"(44, 54, 71)",68.49778776846794
8243,"(34, 44, 45)",68.02773625333906
8244,"(20, 37, 46)",68.59781762760194
8245,"(3, 49, 55)",68.6446101778698
8246,"(21, 52, 62)",68.64342475264523
8247,"(5, 32, 47)",68.72116985637093
8248,"(7, 9, 67)",68.67407988095265
8249,"(8, 42, 69)",68.61294853740125
8250,"(2, 9, 58)",68.53627001238283
8251,"(5, 57, 58)",68.45797935980372
8252,"(6, 23, 32)",68.65722029113292
8253,"(6, 34, 69)",68.66036971332382
8254,"(11, 18, 68)",68.77634589976232
8255,"(11, 33, 65)",68.74191734891656
8256,"(22, 51, 61)",68.7736729735558
8257,"(21, 47, 55)",68.69591337169112
8258,"(50, 53, 69)",68.66866296765825
8259,"(9, 20, 40)",68.46843203440136
8260,"(7, 11, 52)",68.8346635400697
8261,"(0, 46, 61)",68.6006073529547
8262,"(1, 28, 71)",68.36082298041771
8263,"(33, 60, 63)",68.79716879602287
8264,"(2, 12, 37)",68.78347405918672
8265,"(12, 45, 62)",68.26933320037124
8266,"(11, 31, 62)",68.64220939573609
8267,"(21, 41, 57)",68.75320640070723
8268,"(10, 11, 36)",68.78400727165952
8269,"(10, 12, 63)",68.74443691568528
8270,"(14, 16, 23)",68.73095707491017
8271,"(23, 24, 46)",68.64787093848156
8272,"(15, 21, 43)",68.71032549565214
8273,"(24, 68, 70)",68.75110791445677
8274,"(6, 43, 52)",68.50234837055059
8275,"(23, 36, 38)",68.54045821686456
8276,"(3, 7, 26)",68.49489817815304
8277,"(21, 56, 64)",68.59078664686636
8278,"(39, 58, 63)",68.44259359592951
8279,"(8, 46, 50)",68.5952984205865
8280,"(15, 18, 70)",68.74357450096599
8281,"(12, 63, 64)",68.7737093591155
8282,"(19, 24, 54)",68.76983412853154
8283,"(34, 47, 72)",68.56741793427463
8284,"(1, 28, 66)",68.46017446831098
8285,"(4, 29, 34)",68.7148608854022
8286,"(1, 19, 35)",68.61880074906072
8287,"(7, 32, 73)",68.76208532962968
8288,"(1, 30, 69)",68.62663315396256
8289,"(1, 11, 40)",68.5001416045208
8290,"(6, 22, 42)",68.5222210312572
8291,"(2, 22, 65)",68.72903591100649
8292,"(4, 37, 52)",68.77344864335669
8293,"(12, 22, 66)",68.68270225307174
8294,"(51, 59, 68)",68.75957216251687
8295,"(25, 33, 65)",68.44706573160487
8296,"(9, 30, 33)",68.65175692246177
8297,"(18, 60, 69)",68.81219708286704
8298,"(2, 49, 62)",68.8756279668647
8299,"(24, 31, 45)",68.39503342464272
8300,"(26, 49, 68)",68.75870134603242
8301,"(17, 27, 69)",68.82401678036231
8302,"(21, 56, 60)",68.62132008290884
8303,"(59, 66, 71)",68.65562367219982
8304,"(30, 49, 50)",68.6679648021243
8305,"(35, 53, 57)",68.73661109785411
8306,"(3, 23, 72)",68.45319378668023
8307,"(11, 14, 67)",68.74552195762578
8308,"(15, 16, 37)",68.75890715667539
8309,"(7, 16, 41)",68.7824905619579
8310,"(39, 63, 74)",68.65242689249594
8311,"(4, 44, 61)",68.56311882797226
8312,"(36, 45, 46)",68.21991393954639
8313,"(19, 42, 54)",68.681752943707
8314,"(25, 27, 33)",68.54254906788132
8315,"(28, 38, 50)",68.4681427036012
8316,"(39, 43, 45)",68.09598339333076
8317,"(8, 42, 52)",68.55763363463659
8318,"(47, 56, 58)",68.31513860039189
8319,"(0, 10, 58)",68.50525895950918
8320,"(9, 17, 51)",68.7022731108234
8321,"(16, 41, 60)",68.75506695793432
8322,"(26, 63, 72)",68.59849422391144
8323,"(58, 66, 69)",68.52203406766007
8324,"(36, 48, 54)",68.76691737757608
8325,"(12, 23, 36)",68.76544434016975
8326,"(8, 11, 24)",68.55957319371927
8327,"(30, 31, 37)",68.6381416667598
8328,"(40, 45, 69)",68.11860082768725
8329,"(10, 30, 31)",68.57616131380122
8330,"(27, 31, 51)",68.73738195459164
8331,"(0, 1, 59)",68.73316081722753
8332,"(16, 35, 59)",68.72607623943611
8333,"(18, 33, 56)",68.60716057878759
8334,"(6, 14, 33)",68.72797816396525
8335,"(19, 65, 66)",68.65574821361642
8336,"(39, 54, 70)",68.77884294060429
8337,"(1, 10, 36)",68.67291301584419
8338,"(14, 71, 74)",68.71132285025944
8339,"(8, 17, 60)",68.74663382890323
8340,"(33, 43, 48)",68.60550843217293
8341,"(10, 19, 34)",68.69155619441973
8342,"(27, 45, 70)",68.32559139455078
8343,"(0, 5, 59)",68.72724469909545
8344,"(37, 45, 50)",68.30698968885892
8345,"(3, 8, 50)",68.55187314777599
8346,"(3, 45, 47)",68.09166304054439
8347,"(32, 35, 57)",68.79499326050447
8348,"(13, 31, 48)",68.74700626471075
8349,"(7, 15, 40)",68.55949579938645
8350,"(17, 26, 37)",68.80162528159633
8351,"(31, 42, 45)",68.3431010323687
8352,"(0, 24, 35)",68.72958009495227
8353,"(49, 53, 60)",68.83783280344085
8354,"(30, 48, 70)",68.60813424676412
8355,"(29, 36, 60)",68.78642252069594
8356,"(10, 43, 65)",68.5748192865568
8357,"(35, 42, 55)",68.56973872324235
8358,"(24, 27, 33)",68.74308096187501
8359,"(24, 28, 58)",68.27849150617153
8360,"(6, 33, 65)",68.68692989744532
8361,"(13, 69, 71)",68.71912143481347
8362,"(51, 58, 67)",68.5486181908885
8363,"(7, 46, 72)",68.66908547014064
8364,"(26, 27, 60)",68.66582676325812
8365,"(27, 44, 74)",68.59765985290653
8366,"(12, 43, 47)",68.53083877298903
8367,"(35, 43, 46)",68.50429626741081
8368,"(12, 39, 57)",68.68500875370924
8369,"(4, 44, 74)",68.53552228772773
8370,"(36, 41, 45)",68.25805263199493
8371,"(5, 32, 46)",68.72099015990656
8372,"(38, 70, 74)",68.66287292866141
8373,"(9, 39, 43)",68.45363440684538
8374,"(4, 57, 69)",68.78246509295971
8375,"(12, 39, 68)",68.66795909090449
8376,"(4, 21, 34)",68.75000068279637
8377,"(8, 30, 43)",68.4765215310062
8378,"(9, 10, 48)",68.63701050385407
8379,"(6, 23, 70)",68.6462209049301
8380,"(3, 30, 51)",68.37404734458303
8381,"(34, 41, 67)",68.66116214549868
8382,"(8, 41, 49)",68.7817307478295
8383,"(20, 26, 38)",68.58788440880085
8384,"(14, 37, 73)",68.61959469800067
8385,"(32, 42, 51)",68.47234653013787
8386,"(27, 57, 65)",68.8599586130098
8387,"(37, 50, 55)",68.6650951345204
8388,"(10, 16, 55)",68.78302313472282
8389,"(5, 53, 72)",68.72797703516159
8390,"(3, 55, 70)",68.50229420562715
8391,"(16, 20, 63)",68.71995531690105
8392,"(8, 37, 66)",68.55040576239794
8393,"(17, 57, 64)",68.81173531101797
8394,"(9, 21, 62)",68.51392444828838
8395,"(59, 61, 66)",68.71967353467777
8396,"(2, 4, 38)",68.61972810337532
8397,"(28, 38, 61)",68.4354797723081
8398,"(0, 4, 44)",68.5290905001983
8399,"(29, 44, 72)",68.47554139029388
8400,"(35, 46, 74)",68.67065499625411
8401,"(39, 47, 61)",68.66652138854845
8402,"(15, 17, 66)",68.68911552203674
8403,"(11, 25, 43)",68.44390835960536
8404,"(37, 53, 65)",68.8108982209905
8405,"(10, 11, 60)",68.76066203094663
8406,"(22, 27, 54)",68.7748453508754
8407,"(11, 44, 57)",68.63954698648381
8408,"(5, 12, 59)",68.68274356784163
8409,"(13, 44, 51)",68.65463874519753
8410,"(32, 54, 71)",68.75527751783838
8411,"(37, 59, 62)",68.63621109048847
8412,"(58, 59, 72)",68.56315415530078
8413,"(28, 51, 55)",68.62687847127545
8414,"(10, 49, 72)",68.85083319509124
8415,"(6, 41, 60)",68.65406628296724
8416,"(13, 58, 60)",68.63951567189412
8417,"(33, 57, 66)",68.69582139081662
8418,"(21, 56, 63)",68.69388946721766
8419,"(25, 26, 70)",68.54176630885382
8420,"(32, 35, 74)",68.7585306952928
8421,"(7, 32, 50)",68.79427860391036
8422,"(1, 2, 7)",68.62921419039843
8423,"(24, 37, 74)",68.75868763432858
8424,"(10, 40, 57)",68.54006320326471
8425,"(11, 40, 49)",68.5993271169432
8426,"(52, 64, 70)",68.62257870685386
8427,"(4, 34, 55)",68.69910792282354
8428,"(46, 50, 57)",68.62631595819579
8429,"(1, 5, 42)",68.64392100098965
8430,"(10, 23, 43)",68.62843249288673
8431,"(10, 45, 70)",68.31844136673809
8432,"(23, 41, 46)",68.59389996573788
8433,"(27, 29, 41)",68.78993933847208
8434,"(26, 44, 45)",68.01281380492313
8435,"(5, 39, 46)",68.65027107305528
8436,"(18, 50, 52)",68.71763170266038
8437,"(5, 14, 30)",68.53374882483129
8438,"(4, 5, 31)",68.75508063787386
8439,"(18, 25, 58)",68.360796739463
8440,"(6, 43, 61)",68.47851178005696
8441,"(4, 33, 37)",68.69413731581795
8442,"(31, 40, 44)",68.29750310329821
8443,"(7, 33, 65)",68.70888153579904
8444,"(21, 43, 55)",68.61431564385953
8445,"(4, 49, 73)",68.7486903275659
8446,"(5, 8, 54)",68.65977724060932
8447,"(34, 67, 70)",68.67772266934382
8448,"(2, 37, 59)",68.79350861578091
8449,"(26, 39, 74)",68.7478010671372
8450,"(22, 43, 52)",68.53029242271256
8451,"(5, 16, 27)",68.7645400689464
8452,"(6, 19, 66)",68.60014072698246
8453,"(37, 42, 65)",68.61700420479002
8454,"(5, 44, 64)",68.56506055657994
8455,"(54, 56, 72)",68.62617706450553
8456,"(20, 22, 24)",68.67682628774448
8457,"(8, 20, 60)",68.67737753597227
8458,"(0, 10, 56)",68.61606154520405
8459,"(4, 59, 73)",68.70128280728761
8460,"(41, 46, 52)",68.69801371327691
8461,"(15, 31, 65)",68.72341410980567
8462,"(46, 51, 59)",68.68756967986738
8463,"(2, 15, 18)",68.87710460307171
8464,"(31, 50, 55)",68.71183629311273
8465,"(1, 10, 31)",68.70090971702872
8466,"(25, 26, 71)",68.50913362998163
8467,"(14, 21, 57)",68.78570665567672
8468,"(4, 26, 54)",68.7779724365391
8469,"(4, 12, 25)",68.54550904191623
8470,"(48, 52, 72)",68.6707682853981
8471,"(4, 69, 74)",68.75816766415839
8472,"(4, 12, 32)",68.70533151258537
8473,"(21, 65, 72)",68.66388796427061
8474,"(6, 18, 31)",68.6737288711576
8475,"(4, 24, 59)",68.64336199336189
8476,"(52, 63, 74)",68.74231661772285
8477,"(44, 58, 73)",68.26564214187181
8478,"(19, 36, 67)",68.73153776587795
8479,"(34, 59, 60)",68.68002339398956
8480,"(13, 30, 62)",68.57123797986813
8481,"(32, 56, 61)",68.65483097958328
8482,"(22, 50, 65)",68.63868454408988
8483,"(2, 17, 45)",68.41352235286745
8484,"(42, 58, 65)",68.35795023737299
8485,"(9, 10, 43)",68.46399193979546
8486,"(20, 63, 73)",68.65495816190645
8487,"(5, 39, 43)",68.54964499278388
8488,"(1, 10, 42)",68.59672488485562
8489,"(21, 44, 71)",68.47802700062705
8490,"(13, 22, 57)",68.81119316885946
8491,"(19, 60, 61)",68.89960399826035
8492,"(7, 36, 68)",68.82471372591236
8493,"(18, 30, 45)",68.21968216602716
8494,"(15, 19, 54)",68.81679241634113
8495,"(18, 49, 52)",68.81108512307725
8496,"(55, 57, 73)",68.75261475862366
8497,"(0, 20, 39)",68.69384819856501
8498,"(1, 9, 57)",68.74782612530355
8499,"(4, 67, 68)",68.76379482820045
8500,"(21, 45, 67)",68.30787429333762
8501,"(42, 47, 52)",68.57303875042129
8502,"(2, 5, 25)",68.59178515150597
8503,"(7, 50, 54)",68.7630288367101
8504,"(40, 55, 65)",68.52657568346416
8505,"(13, 14, 71)",68.67064923045585
8506,"(60, 70, 72)",68.79931788221711
8507,"(8, 38, 65)",68.50335999949914
8508,"(3, 43, 48)",68.33571078686279
8509,"(6, 22, 55)",68.64181704181429
8510,"(28, 32, 59)",68.47666588900641
8511,"(17, 44, 48)",68.61984697366161
8512,"(32, 45, 74)",68.28694953587254
8513,"(28, 38, 41)",68.40199886925554
8514,"(13, 22, 53)",68.71202802372282
8515,"(25, 44, 70)",68.28934567665024
8516,"(14, 20, 34)",68.60604467563942
8517,"(22, 26, 28)",68.52315588252631
8518,"(43, 47, 63)",68.5009420304334
8519,"(22, 37, 68)",68.69877189234951
8520,"(7, 15, 70)",68.83101681146356
8521,"(11, 16, 56)",68.57298986170525
8522,"(28, 46, 73)",68.45073621334035
8523,"(32, 55, 72)",68.65076987920992
8524,"(12, 44, 58)",68.4109958368337
8525,"(12, 18, 46)",68.66508055309865
8526,"(12, 31, 45)",68.32096531425134
8527,"(29, 40, 49)",68.58002291028237
8528,"(33, 34, 59)",68.73894513700488
8529,"(36, 65, 67)",68.71773185225202
8530,"(54, 66, 73)",68.6654824541584
8531,"(19, 26, 65)",68.73582188108877
8532,"(14, 17, 54)",68.75464134728892
8533,"(4, 20, 58)",68.59733652883071
8534,"(50, 51, 72)",68.69265646251144
8535,"(28, 53, 62)",68.55884793968903
8536,"(29, 38, 57)",68.60275539924267
8537,"(6, 47, 61)",68.53598772182205
8538,"(13, 14, 48)",68.70444456026465
8539,"(18, 59, 65)",68.66828424861558
8540,"(26, 37, 41)",68.68461744625452
8541,"(22, 36, 46)",68.6215552470469
8542,"(14, 58, 64)",68.49377150868314
8543,"(5, 50, 55)",68.70435622923414
8544,"(13, 18, 61)",68.77567807787884
8545,"(11, 12, 69)",68.72282988569862
8546,"(36, 40, 66)",68.42124690029178
8547,"(13, 68, 74)",68.83179345449884
8548,"(21, 46, 49)",68.67285980916319
8549,"(37, 64, 69)",68.74938779346708
8550,"(5, 30, 60)",68.60185351774265
8551,"(2, 35, 72)",68.73556320658078
8552,"(32, 37, 66)",68.56663235102893
8553,"(16, 30, 69)",68.67374099008255
8554,"(1, 27, 68)",68.69312609431769
8555,"(1, 6, 67)",68.67736177613736
8556,"(7, 23, 71)",68.79067110491192
8557,"(14, 18, 54)",68.74982832334032
8558,"(30, 31, 38)",68.56764971394051
8559,"(2, 25, 60)",68.65524147026403
8560,"(17, 45, 64)",68.28459835688699
8561,"(7, 12, 17)",68.80963631818369
8562,"(52, 59, 71)",68.74498402247077
8563,"(9, 22, 68)",68.64431721863662
8564,"(33, 36, 57)",68.80188994357084
8565,"(27, 34, 65)",68.65009237102197
8566,"(21, 23, 45)",68.22617660442222
8567,"(2, 21, 69)",68.7278583500391
8568,"(6, 27, 29)",68.67631301281621
8569,"(42, 54, 72)",68.74048057849748
8570,"(4, 10, 39)",68.72641945160089
8571,"(22, 47, 58)",68.39825273816855
8572,"(23, 35, 62)",68.58373070909026
8573,"(22, 67, 73)",68.59889413565122
8574,"(0, 8, 13)",68.65739874068585
8575,"(26, 38, 59)",68.67837114400099
8576,"(8, 32, 60)",68.62764991914513
8577,"(1, 19, 67)",68.66947755741745
8578,"(29, 48, 51)",68.73245742009621
8579,"(31, 52, 68)",68.75973065878352
8580,"(41, 50, 53)",68.65075338347452
8581,"(31, 53, 62)",68.79433162012064
8582,"(37, 59, 68)",68.81007824665446
8583,"(28, 37, 67)",68.54285276211952
8584,"(0, 44, 63)",68.48806131344216
8585,"(4, 17, 70)",68.76361751547725
8586,"(26, 54, 65)",68.80228354888698
8587,"(2, 41, 61)",68.84520508454888
8588,"(19, 49, 70)",68.83501905469987
8589,"(22, 46, 69)",68.66336184015186
8590,"(5, 15, 62)",68.58659794089567
8591,"(25, 53, 68)",68.5651594259566
8592,"(15, 54, 74)",68.79318267145992
8593,"(19, 50, 67)",68.68573760061557
8594,"(58, 62, 69)",68.50296416848252
8595,"(19, 43, 68)",68.63289126351683
8596,"(23, 31, 59)",68.73899089750338
8597,"(33, 35, 62)",68.61952936857135
8598,"(13, 61, 71)",68.745251274915
8599,"(26, 60, 73)",68.6059761476968
8600,"(38, 48, 71)",68.51361294742657
8601,"(4, 48, 72)",68.78351361122235
8602,"(29, 56, 71)",68.58724858373783
8603,"(12, 20, 47)",68.64785214112071
8604,"(1, 11, 39)",68.68940776098944
8605,"(16, 37, 45)",68.32325300434063
8606,"(5, 18, 34)",68.69832983392195
8607,"(26, 40, 56)",68.29848766009654
8608,"(9, 40, 62)",68.43732968358648
8609,"(5, 57, 62)",68.69226760235104
8610,"(51, 53, 71)",68.76060028738516
8611,"(8, 46, 53)",68.65282918036868
8612,"(39, 54, 57)",68.78641804633901
8613,"(34, 47, 69)",68.61085521857474
8614,"(13, 31, 38)",68.67084711218013
8615,"(8, 11, 46)",68.75400754851552
8616,"(1, 15, 25)",68.53642358082604
8617,"(9, 16, 27)",68.62748207718366
8618,"(34, 38, 42)",68.47270375430188
8619,"(27, 32, 38)",68.61934123342606
8620,"(18, 46, 52)",68.70059016644474
8621,"(7, 22, 31)",68.84212071293118
8622,"(3, 12, 22)",68.47306266061544
8623,"(12, 14, 48)",68.67183701888064
8624,"(15, 41, 45)",68.3583215826284
8625,"(5, 44, 74)",68.55638709486558
8626,"(13, 17, 42)",68.75870918235367
8627,"(9, 38, 40)",68.27989485194693
8628,"(11, 20, 46)",68.66885436135733
8629,"(23, 46, 58)",68.49665708718898
8630,"(11, 52, 60)",68.78206700139033
8631,"(15, 41, 63)",68.78528557273039
8632,"(18, 47, 73)",68.42221295393969
8633,"(2, 34, 61)",68.64961892315209
8634,"(22, 34, 46)",68.59252153000115
8635,"(15, 35, 50)",68.61079466837145
8636,"(37, 54, 72)",68.76229301693562
8637,"(19, 48, 51)",68.83380374342617
8638,"(23, 45, 62)",68.30492391233479
8639,"(12, 29, 50)",68.63616589651609
8640,"(7, 16, 27)",68.77692246294778
8641,"(6, 59, 70)",68.74704219614308
8642,"(4, 11, 69)",68.7872652322888
8643,"(4, 32, 67)",68.679835896095
8644,"(1, 2, 20)",68.70835067577174
8645,"(17, 30, 42)",68.49887848189077
8646,"(37, 38, 63)",68.4845161279996
8647,"(7, 21, 73)",68.75277351469566
8648,"(19, 67, 72)",68.78555157456698
8649,"(1, 45, 51)",68.05579291949194
8650,"(20, 53, 58)",68.46575855671163
8651,"(8, 30, 64)",68.50786355614541
8652,"(53, 60, 73)",68.74346277813028
8653,"(22, 29, 42)",68.50127539185142
8654,"(52, 53, 71)",68.73118345443872
8655,"(53, 66, 72)",68.6616691889903
8656,"(15, 20, 43)",68.62942052267547
8657,"(28, 29, 73)",68.45323553436073
8658,"(10, 40, 45)",68.17685350707174
8659,"(12, 36, 71)",68.71734333388463
8660,"(47, 61, 66)",68.47597016536353
8661,"(33, 39, 44)",68.52353867408135
8662,"(14, 27, 30)",68.62273588632235
8663,"(8, 12, 69)",68.65083803815918
8664,"(2, 29, 72)",68.75910961975661
8665,"(23, 51, 53)",68.74144172971204
8666,"(44, 54, 73)",68.48399782985918
8667,"(10, 34, 49)",68.92308435624763
8668,"(7, 38, 42)",68.68445530107269
8669,"(37, 48, 62)",68.58432906767509
8670,"(37, 46, 48)",68.60974535831429
8671,"(12, 46, 59)",68.62865337254759
8672,"(45, 49, 67)",68.37110904079897
8673,"(1, 49, 69)",68.74693701463382
8674,"(37, 43, 53)",68.6370779641506
8675,"(6, 31, 41)",68.6710161019516
8676,"(14, 30, 32)",68.58153238924814
8677,"(0, 15, 23)",68.68615968889749
8678,"(26, 37, 72)",68.66064321326614
8679,"(20, 64, 67)",68.76244250509387
8680,"(50, 69, 70)",68.69379135427045
8681,"(10, 26, 54)",68.8283040414687
8682,"(10, 57, 67)",68.78101165335354
8683,"(36, 53, 65)",68.74502560750845
8684,"(13, 35, 40)",68.50370078252371
8685,"(5, 18, 46)",68.66402649700008
8686,"(0, 4, 9)",68.71975791364221
8687,"(21, 49, 59)",68.81124111765027
8688,"(2, 11, 43)",68.60835747747197
8689,"(11, 52, 71)",68.78258379840996
8690,"(12, 38, 40)",68.34024280884348
8691,"(31, 39, 65)",68.7229063548607
8692,"(37, 56, 71)",68.57352689962501
8693,"(27, 48, 64)",68.71549902684262
8694,"(4, 15, 53)",68.7887601051044
8695,"(5, 15, 32)",68.6751100749075
8696,"(17, 63, 68)",68.84803173540821
8697,"(0, 17, 58)",68.54252462364359
8698,"(49, 65, 70)",68.81142198972974
8699,"(31, 34, 62)",68.72125258879815
8700,"(26, 45, 55)",68.32955853039732
8701,"(7, 29, 50)",68.84149913462443
8702,"(36, 64, 69)",68.71563215787853
8703,"(24, 58, 65)",68.52587415898364
8704,"(0, 56, 59)",68.6705141569687
8705,"(4, 14, 29)",68.74021315043854
8706,"(17, 28, 71)",68.56975173303324
8707,"(6, 28, 73)",68.4552778990955
8708,"(5, 10, 66)",68.66118099235965
8709,"(60, 66, 73)",68.65945501246978
8710,"(8, 11, 58)",68.49982492382718
8711,"(5, 19, 24)",68.64852482994401
8712,"(7, 24, 69)",68.79714758964226
8713,"(8, 11, 33)",68.68867140385255
8714,"(53, 56, 65)",68.65659939432788
8715,"(9, 20, 45)",68.29852603608035
8716,"(30, 48, 49)",68.68379626079839
8717,"(9, 15, 27)",68.72715761874812
8718,"(6, 10, 40)",68.40633720666224
8719,"(34, 40, 57)",68.56310873629562
8720,"(17, 71, 73)",68.62919345274244
8721,"(7, 15, 17)",68.89584151822078
8722,"(30, 39, 70)",68.51347567000067
8723,"(12, 13, 73)",68.76209899732834
8724,"(8, 33, 38)",68.57070923473229
8725,"(9, 22, 28)",68.59243877794736
8726,"(2, 4, 14)",68.69450111983669
8727,"(17, 19, 20)",68.81734410697202
8728,"(18, 55, 72)",68.68296111356413
8729,"(16, 17, 50)",68.67509735674669
8730,"(34, 43, 45)",68.02141852885198
8731,"(34, 40, 70)",68.53879992349916
8732,"(3, 21, 68)",68.5354525377586
8733,"(26, 34, 71)",68.6344772121525
8734,"(43, 56, 62)",68.35356639946158
8735,"(3, 52, 70)",68.46436963662757
8736,"(19, 57, 72)",68.72531599278393
8737,"(16, 28, 71)",68.54974982531566
8738,"(6, 18, 21)",68.68945422531644
8739,"(4, 46, 49)",68.79974750721193
8740,"(5, 23, 53)",68.82866373197629
8741,"(16, 33, 72)",68.6387285921141
8742,"(9, 41, 63)",68.65015078695073
8743,"(24, 25, 46)",68.51172217443762
8744,"(10, 37, 62)",68.76995241212775
8745,"(13, 25, 56)",68.59349325260567
8746,"(1, 20, 52)",68.65552548490224
8747,"(8, 24, 28)",68.52474260379215
8748,"(24, 25, 61)",68.49676739052548
8749,"(6, 16, 18)",68.66929393035971
8750,"(56, 69, 73)",68.55107427399841
8751,"(29, 47, 48)",68.55577682080643
8752,"(0, 48, 68)",68.72656083769331
8753,"(47, 58, 62)",68.2727420887687
8754,"(11, 25, 45)",67.99896877974942
8755,"(29, 59, 65)",68.68232172718287
8756,"(17, 54, 59)",68.82732919477252
8757,"(25, 40, 48)",68.3528226020037
8758,"(11, 31, 66)",68.66850045477779
8759,"(0, 9, 39)",68.72837904428152
8760,"(4, 30, 62)",68.4657734346074
8761,"(10, 62, 72)",68.66107158764947
8762,"(22, 39, 65)",68.70819320472386
8763,"(16, 20, 34)",68.62717681527617
8764,"(15, 16, 26)",68.7304718690386
8765,"(0, 15, 54)",68.74440268088773
8766,"(9, 39, 44)",68.44070298238162
8767,"(4, 31, 62)",68.66111831615085
8768,"(19, 29, 42)",68.68827255147698
8769,"(35, 48, 74)",68.71309005565942
8770,"(12, 58, 67)",68.49387296759646
8771,"(0, 5, 38)",68.59308424079758
8772,"(24, 32, 43)",68.69047266536407
8773,"(19, 40, 43)",68.48043170516408
8774,"(2, 18, 45)",68.35943689357255
8775,"(2, 5, 59)",68.79998938919243
8776,"(8, 12, 72)",68.62372949088925
8777,"(5, 34, 40)",68.47858068994628
8778,"(25, 55, 64)",68.61440713217014
8779,"(21, 42, 57)",68.76014065317531
8780,"(6, 60, 70)",68.70700899232206
8781,"(44, 46, 56)",68.41049141707016
8782,"(25, 43, 72)",68.36733686043597
8783,"(14, 17, 53)",68.69384854217199
8784,"(11, 17, 66)",68.75104421562895
8785,"(23, 58, 62)",68.41104897415346
8786,"(4, 43, 53)",68.60797830482169
8787,"(20, 52, 65)",68.66429786341783
8788,"(8, 10, 39)",68.67046596076727
8789,"(17, 43, 51)",68.70974768712253
8790,"(14, 22, 35)",68.70403147497018
8791,"(7, 21, 60)",68.77269056222623
8792,"(20, 28, 53)",68.60411127741422
8793,"(14, 61, 65)",68.7505688928159
8794,"(2, 15, 46)",68.84622784326314
8795,"(37, 45, 67)",68.35134350371901
8796,"(3, 36, 51)",68.46158310695925
8797,"(11, 37, 61)",68.78101574312039
8798,"(24, 32, 45)",68.32226130689799
8799,"(4, 5, 10)",68.79777537239299
8800,"(15, 27, 60)",68.77841833487938
8801,"(24, 46, 63)",68.51799104297204
8802,"(20, 44, 61)",68.52144368049863
8803,"(22, 50, 62)",68.64979541811678
8804,"(17, 18, 43)",68.58889398499694
8805,"(12, 39, 60)",68.69641698201282
8806,"(10, 19, 66)",68.7269148183589
8807,"(5, 11, 28)",68.48374677035596
8808,"(5, 32, 57)",68.7157752340755
8809,"(9, 12, 23)",68.66780191008954
8810,"(10, 14, 63)",68.7304903890917
8811,"(33, 42, 62)",68.49024740529674
8812,"(14, 22, 74)",68.74822426210207
8813,"(30, 40, 43)",68.23568568215896
8814,"(22, 25, 41)",68.55374079937869
8815,"(20, 64, 65)",68.64362230049895
8816,"(2, 24, 43)",68.7158788330796
8817,"(21, 52, 68)",68.6833589004033
8818,"(42, 47, 48)",68.53836583858485
8819,"(25, 55, 58)",68.32371791676867
8820,"(7, 39, 67)",68.75285397499614
8821,"(7, 32, 72)",68.86342062662402
8822,"(16, 31, 59)",68.71159078904063
8823,"(17, 48, 69)",68.73654438877301
8824,"(1, 13, 18)",68.69707231442386
8825,"(9, 19, 45)",68.32762334834098
8826,"(6, 10, 45)",68.18775829784292
8827,"(10, 22, 66)",68.6280587795131
8828,"(9, 13, 50)",68.6888576857781
8829,"(21, 51, 58)",68.56223701117024
8830,"(45, 51, 73)",68.28576781587185
8831,"(34, 51, 55)",68.78910469066807
8832,"(3, 32, 43)",68.45377647990586
8833,"(27, 29, 71)",68.68538186293954
8834,"(13, 37, 51)",68.76587807424741
8835,"(22, 34, 36)",68.64735060234091
8836,"(6, 21, 32)",68.64171690398268
8837,"(2, 11, 19)",68.93445174716979
8838,"(17, 36, 58)",68.60263788049244
8839,"(1, 15, 45)",68.08586060128864
8840,"(20, 21, 50)",68.67429892402741
8841,"(13, 18, 57)",68.83270985177431
8842,"(13, 17, 60)",68.84753001452304
8843,"(24, 46, 55)",68.58639249873644
8844,"(29, 51, 72)",68.70689248578341
8845,"(33, 59, 64)",68.71438483933319
8846,"(1, 62, 68)",68.59810459935338
8847,"(27, 29, 39)",68.7474056126933
8848,"(39, 54, 69)",68.7252561149479
8849,"(16, 49, 64)",68.82928578692233
8850,"(6, 17, 45)",68.2539911078307
8851,"(23, 37, 41)",68.71860597118136
8852,"(12, 14, 16)",68.75536695536152
8853,"(12, 25, 72)",68.58035512118035
8854,"(5, 13, 28)",68.53013327084633
8855,"(6, 27, 60)",68.70548186736369
8856,"(12, 26, 34)",68.59991050373691
8857,"(2, 3, 13)",68.56924908994911
8858,"(1, 51, 53)",68.76436831191877
8859,"(5, 22, 39)",68.64357377470255
8860,"(27, 51, 54)",68.80182213325081
8861,"(31, 46, 71)",68.59454090057824
8862,"(21, 43, 47)",68.47214297906167
8863,"(34, 42, 73)",68.47318570321944
8864,"(31, 38, 52)",68.66951052137996
8865,"(5, 66, 73)",68.63806255026932
8866,"(11, 54, 68)",68.80495604901105
8867,"(34, 60, 63)",68.63798163758992
8868,"(13, 46, 60)",68.8304901038727
8869,"(9, 15, 63)",68.68576003092763
8870,"(11, 47, 61)",68.6494465305183
8871,"(7, 17, 63)",68.75229367117576
8872,"(1, 41, 71)",68.62478230864595
8873,"(34, 60, 62)",68.6698960585661
8874,"(11, 68, 69)",68.75760083792971
8875,"(23, 60, 74)",68.83268132244089
8876,"(17, 29, 36)",68.8001071586122
8877,"(5, 20, 51)",68.70054926719679
8878,"(9, 36, 55)",68.65679263857444
8879,"(21, 40, 41)",68.48855675745989
8880,"(0, 15, 67)",68.6827875780534
8881,"(18, 46, 50)",68.59270736644262
8882,"(3, 14, 44)",68.27056998533708
8883,"(22, 23, 34)",68.6153597554174
8884,"(39, 48, 73)",68.57562464549116
8885,"(31, 37, 52)",68.7901541484531
8886,"(35, 50, 53)",68.72503902041349
8887,"(11, 30, 71)",68.54115495558383
8888,"(14, 25, 57)",68.61924584333889
8889,"(7, 52, 68)",68.81203555645122
8890,"(5, 52, 66)",68.64211622834104
8891,"(36, 41, 69)",68.66515764769011
8892,"(7, 37, 38)",68.70327188329507
8893,"(29, 36, 69)",68.73855438745159
8894,"(5, 41, 74)",68.61526345563747
8895,"(32, 45, 60)",68.29846713487373
8896,"(29, 46, 48)",68.61576548246526
8897,"(13, 26, 37)",68.78354706217971
8898,"(30, 43, 60)",68.38569804412644
8899,"(13, 67, 68)",68.74609013585362
8900,"(11, 44, 62)",68.55362414036914
8901,"(8, 22, 47)",68.66998946497961
8902,"(3, 19, 39)",68.4259775042558
8903,"(40, 58, 64)",68.23664945832873
8904,"(23, 51, 70)",68.73280012492017
8905,"(11, 27, 60)",68.80000202117542
8906,"(30, 35, 68)",68.51788212868809
8907,"(28, 49, 52)",68.73101104417671
8908,"(0, 18, 35)",68.69240918439476
8909,"(10, 16, 27)",68.80333886889441
8910,"(26, 44, 52)",68.60204589723307
8911,"(13, 46, 55)",68.78848909088428
8912,"(3, 6, 20)",68.42024241336105
8913,"(21, 46, 71)",68.67327086776946
8914,"(34, 41, 59)",68.61050516307515
8915,"(5, 15, 70)",68.77909386936302
8916,"(36, 50, 56)",68.55616290359963
8917,"(2, 12, 27)",68.85513866330811
8918,"(26, 29, 48)",68.6274243495255
8919,"(2, 31, 57)",68.89227104523117
8920,"(37, 68, 73)",68.66617796231179
8921,"(3, 19, 58)",68.20598236345059
8922,"(27, 30, 38)",68.54274500708428
8923,"(35, 42, 60)",68.55751475472958
8924,"(30, 46, 52)",68.4992876453188
8925,"(7, 62, 67)",68.72130123983844
8926,"(40, 55, 73)",68.46741549340385
8927,"(2, 9, 55)",68.83931861579825
8928,"(37, 50, 56)",68.62320531069346
8929,"(51, 62, 63)",68.76388725640952
8930,"(18, 22, 61)",68.77816521776181
8931,"(30, 31, 36)",68.64056516725753
8932,"(20, 45, 67)",68.34882406463065
8933,"(3, 13, 55)",68.53128759949081
8934,"(14, 34, 73)",68.56164988144869
8935,"(14, 18, 62)",68.74319680287336
8936,"(12, 56, 71)",68.65684535178744
8937,"(1, 10, 25)",68.49526714770222
8938,"(29, 41, 53)",68.84223491333339
8939,"(12, 26, 44)",68.50535756521299
8940,"(3, 65, 70)",68.49929831521409
8941,"(12, 36, 57)",68.75573183888363
8942,"(30, 72, 73)",68.49750268300465
8943,"(0, 22, 25)",68.5546877317161
8944,"(18, 40, 56)",68.34329946237546
8945,"(8, 23, 58)",68.49271076239417
8946,"(36, 43, 64)",68.5563626913278
8947,"(49, 62, 73)",68.734236250302
8948,"(13, 60, 62)",68.73920281624241
8949,"(4, 55, 64)",68.75807088119886
8950,"(5, 41, 48)",68.59455184846878
8951,"(13, 26, 64)",68.69800758128751
8952,"(0, 25, 45)",68.03437042159437
8953,"(6, 20, 53)",68.61166121248313
8954,"(3, 28, 40)",68.20981422483456
8955,"(5, 8, 67)",68.75237625018207
8956,"(30, 35, 67)",68.51216132868497
8957,"(35, 45, 62)",68.25008985828808
8958,"(14, 37, 39)",68.71395218504026
8959,"(12, 66, 74)",68.68586616767341
8960,"(34, 56, 69)",68.57300077518984
8961,"(15, 47, 73)",68.60733960104321
8962,"(28, 34, 61)",68.55344437059959
8963,"(6, 34, 54)",68.59858218881169
8964,"(2, 47, 49)",68.91087351335521
8965,"(49, 53, 58)",68.56109435938302
8966,"(58, 70, 71)",68.51187817508387
8967,"(37, 45, 70)",68.31892055974612
8968,"(0, 18, 67)",68.7054639731372
8969,"(4, 49, 70)",68.77816020508472
8970,"(33, 54, 55)",68.8193729873176
8971,"(21, 23, 58)",68.45903892901883
8972,"(5, 9, 55)",68.63156593816079
8973,"(22, 29, 64)",68.72800633783258
8974,"(16, 22, 46)",68.65314539255365
8975,"(5, 21, 60)",68.81848436406865
8976,"(50, 59, 63)",68.74602359110577
8977,"(31, 41, 46)",68.70237686722571
8978,"(51, 67, 73)",68.70518277827094
8979,"(8, 10, 33)",68.67526655800225
8980,"(9, 34, 40)",68.3452447049558
8981,"(17, 21, 61)",68.729949647804
8982,"(7, 8, 65)",68.69474575672754
8983,"(6, 26, 49)",68.66239876264385
8984,"(4, 22, 46)",68.64987066228693
8985,"(2, 17, 29)",68.81727409164982
8986,"(10, 17, 43)",68.61582798902532
8987,"(0, 26, 54)",68.8092037360997
8988,"(26, 30, 72)",68.67434111941336
8989,"(2, 11, 18)",68.84062243417512
8990,"(19, 28, 47)",68.48745154636288
8991,"(40, 44, 67)",68.31935511082368
8992,"(25, 31, 64)",68.54318118877516
8993,"(50, 67, 72)",68.63706162328356
8994,"(37, 48, 69)",68.62769471480719
8995,"(3, 30, 68)",68.39976634260806
8996,"(5, 12, 24)",68.72737877313148
8997,"(0, 30, 46)",68.53554241962654
8998,"(10, 20, 46)",68.67297288767986
8999,"(21, 36, 40)",68.36960311538105
9000,"(7, 38, 65)",68.58558182881717
9001,"(21, 37, 40)",68.4715536919472
9002,"(5, 12, 30)",68.49289413643564
9003,"(8, 31, 40)",68.45865558867595
9004,"(22, 43, 48)",68.53138112531582
9005,"(31, 57, 70)",68.7500330511115
9006,"(6, 21, 25)",68.5437466036927
9007,"(35, 60, 65)",68.70618915614075
9008,"(0, 29, 59)",68.72872864250333
9009,"(30, 58, 67)",68.32898984899447
9010,"(16, 23, 67)",68.69515273484205
9011,"(24, 54, 64)",68.78534380174378
9012,"(1, 10, 67)",68.63415175809513
9013,"(35, 46, 62)",68.5362556339289
9014,"(7, 39, 71)",68.74581982544551
9015,"(18, 20, 73)",68.5946407213482
9016,"(27, 51, 72)",68.82481358774791
9017,"(24, 54, 70)",68.82618518244612
9018,"(14, 25, 34)",68.5514099495885
9019,"(33, 55, 56)",68.59288375714227
9020,"(4, 51, 65)",68.7152548886648
9021,"(0, 9, 30)",68.60592728413705
9022,"(7, 14, 56)",68.60455216571155
9023,"(3, 30, 35)",68.41449740367686
9024,"(22, 51, 60)",68.75945073787996
9025,"(15, 59, 70)",68.81813845913162
9026,"(11, 36, 69)",68.78158264077487
9027,"(12, 53, 62)",68.71725687837123
9028,"(22, 35, 55)",68.66933322511262
9029,"(20, 34, 48)",68.6631058138968
9030,"(16, 47, 63)",68.66843505212248
9031,"(0, 62, 68)",68.69296552878627
9032,"(32, 48, 59)",68.72447487748579
9033,"(27, 35, 65)",68.67683640409219
9034,"(10, 15, 74)",68.78198394437364
9035,"(9, 49, 53)",68.78690690424892
9036,"(23, 24, 39)",68.77052305969002
9037,"(14, 41, 43)",68.61232149067328
9038,"(10, 46, 60)",68.78865544181778
9039,"(0, 62, 73)",68.65637314927395
9040,"(58, 60, 68)",68.60090362766927
9041,"(10, 28, 43)",68.49632363767603
9042,"(34, 49, 65)",68.79857010737122
9043,"(3, 54, 61)",68.54213075215642
9044,"(1, 13, 50)",68.7298650803116
9045,"(28, 48, 55)",68.48436384289705
9046,"(40, 46, 57)",68.49128958775836
9047,"(6, 25, 56)",68.44379575775942
9048,"(5, 7, 55)",68.74971587591901
9049,"(7, 25, 57)",68.63106290531141
9050,"(1, 44, 53)",68.62136471288667
9051,"(2, 9, 14)",68.7543711074655
9052,"(8, 28, 71)",68.51945337764786
9053,"(58, 68, 70)",68.59037715860183
9054,"(12, 19, 46)",68.7024463042855
9055,"(45, 60, 71)",68.2831461866953
9056,"(18, 40, 63)",68.48947511082105
9057,"(10, 57, 59)",68.77756318826995
9058,"(6, 19, 72)",68.68125207868397
9059,"(44, 50, 60)",68.52507528283653
9060,"(14, 31, 35)",68.69075029128915
9061,"(3, 16, 62)",68.39802040355309
9062,"(7, 18, 60)",68.76953383829918
9063,"(6, 11, 64)",68.68498610961025
9064,"(26, 41, 56)",68.5626858027743
9065,"(9, 26, 41)",68.64720352500399
9066,"(23, 24, 52)",68.73444181089057
9067,"(34, 38, 57)",68.59292346282778
9068,"(6, 45, 62)",68.26988388956636
9069,"(1, 22, 72)",68.64012670450008
9070,"(29, 32, 52)",68.73185678814899
9071,"(25, 40, 52)",68.38980304054168
9072,"(16, 31, 58)",68.49263268732243
9073,"(0, 67, 74)",68.69213419320823
9074,"(26, 60, 74)",68.67635628196027
9075,"(0, 29, 68)",68.71659002237148
9076,"(18, 45, 46)",68.22407969780683
9077,"(31, 39, 66)",68.65078426268965
9078,"(3, 37, 40)",68.33596176770588
9079,"(4, 11, 35)",68.7743866995925
9080,"(55, 73, 74)",68.69566126238621
9081,"(12, 30, 70)",68.63895020430832
9082,"(44, 51, 61)",68.60966302665551
9083,"(13, 19, 35)",68.74148719558877
9084,"(35, 47, 65)",68.55781931957053
9085,"(18, 33, 71)",68.63993812556195
9086,"(5, 7, 14)",68.76189671362074
9087,"(7, 11, 41)",68.73348731999253
9088,"(54, 55, 74)",68.71521118599556
9089,"(9, 11, 46)",68.70256392512313
9090,"(31, 37, 40)",68.55346425399418
9091,"(0, 2, 74)",68.7375514991384
9092,"(0, 54, 64)",68.67471092706478
9093,"(10, 13, 28)",68.57168296452711
9094,"(15, 36, 55)",68.78091694295595
9095,"(21, 48, 65)",68.72895830749604
9096,"(30, 33, 34)",68.57718062596902
9097,"(15, 44, 65)",68.5729966261481
9098,"(21, 33, 50)",68.66239426092588
9099,"(40, 62, 69)",68.38949241865055
9100,"(10, 35, 58)",68.58083881538424
9101,"(45, 61, 71)",68.27062182403355
9102,"(21, 46, 59)",68.62214810842167
9103,"(7, 18, 65)",68.71047809282591
9104,"(14, 50, 65)",68.5240914437334
9105,"(26, 60, 67)",68.65119400450041
9106,"(18, 56, 69)",68.68762791215731
9107,"(5, 19, 42)",68.60956259633332
9108,"(13, 23, 46)",68.62378349577057
9109,"(21, 33, 66)",68.60953205488165
9110,"(14, 18, 29)",68.69340961147287
9111,"(10, 29, 43)",68.68827032730123
9112,"(27, 37, 71)",68.70241432222117
9113,"(32, 40, 46)",68.44193280741526
9114,"(0, 10, 53)",68.72113154214568
9115,"(22, 32, 34)",68.64917274805545
9116,"(12, 33, 46)",68.71766253536056
9117,"(2, 57, 58)",68.54628865305689
9118,"(3, 40, 58)",68.12581856605934
9119,"(23, 55, 56)",68.6419686613499
9120,"(46, 52, 68)",68.72109399405592
9121,"(10, 31, 47)",68.62027682688195
9122,"(10, 25, 42)",68.45302750430398
9123,"(16, 34, 42)",68.5082898183872
9124,"(35, 56, 59)",68.67543745383963
9125,"(13, 44, 59)",68.599236092696
9126,"(31, 52, 56)",68.63581706470686
9127,"(18, 43, 60)",68.54291284155512
9128,"(21, 59, 65)",68.62980173840411
9129,"(12, 26, 67)",68.58932746996956
9130,"(1, 23, 58)",68.4899727676331
9131,"(18, 22, 59)",68.70280003952607
9132,"(22, 52, 64)",68.7162677789004
9133,"(1, 53, 64)",68.67436673187566
9134,"(25, 48, 66)",68.44568816494491
9135,"(20, 44, 51)",68.60027757498851
9136,"(40, 50, 71)",68.32439590932957
9137,"(2, 47, 69)",68.74185707625247
9138,"(14, 63, 64)",68.6793369008602
9139,"(1, 21, 34)",68.63580206462436
9140,"(2, 47, 51)",68.62131808244463
9141,"(11, 25, 64)",68.55129847729377
9142,"(9, 39, 56)",68.48404555660757
9143,"(4, 32, 50)",68.77793568715273
9144,"(58, 59, 61)",68.53326679506442
9145,"(38, 48, 59)",68.5901666193884
9146,"(26, 28, 72)",68.54875150160933
9147,"(30, 47, 53)",68.64350930443943
9148,"(25, 31, 49)",68.72880199531818
9149,"(11, 59, 73)",68.71324906278943
9150,"(38, 55, 59)",68.66143832184501
9151,"(17, 25, 65)",68.58428359016203
9152,"(59, 62, 72)",68.54551335854059
9153,"(10, 65, 69)",68.70986123363123
9154,"(16, 18, 35)",68.77989137882832
9155,"(23, 52, 55)",68.75780861973838
9156,"(16, 34, 37)",68.62761634893133
9157,"(6, 14, 34)",68.59263284858432
9158,"(2, 7, 19)",68.8688872215874
9159,"(35, 36, 69)",68.69524474115505
9160,"(7, 30, 40)",68.46577225022452
9161,"(27, 40, 55)",68.6198275284568
9162,"(41, 49, 65)",68.77671764496924
9163,"(10, 55, 71)",68.6878311905252
9164,"(12, 72, 74)",68.76822996211071
9165,"(32, 39, 42)",68.53486153090789
9166,"(7, 48, 55)",68.80406356983785
9167,"(26, 47, 66)",68.53897061438971
9168,"(0, 26, 46)",68.65598505131045
9169,"(9, 32, 57)",68.75315675444497
9170,"(18, 31, 61)",68.72356586901172
9171,"(5, 7, 38)",68.60063099384335
9172,"(6, 37, 65)",68.59957043028345
9173,"(3, 12, 15)",68.49112721874783
9174,"(7, 37, 59)",68.74735418103847
9175,"(22, 35, 59)",68.71655418861364
9176,"(44, 62, 67)",68.47979115709548
9177,"(27, 49, 68)",68.90931116527554
9178,"(22, 49, 72)",68.69918110215384
9179,"(10, 61, 71)",68.71513807400032
9180,"(28, 36, 39)",68.53888550393695
9181,"(6, 36, 62)",68.64413610516677
9182,"(9, 20, 39)",68.59684095607174
9183,"(16, 56, 65)",68.66501177725517
9184,"(37, 59, 65)",68.6965593483268
9185,"(7, 23, 50)",68.88979021395222
9186,"(50, 65, 67)",68.59262539445365
9187,"(8, 16, 18)",68.68413626444548
9188,"(2, 21, 29)",68.73188600840881
9189,"(31, 62, 64)",68.76572341201349
9190,"(24, 26, 43)",68.50338346894928
9191,"(2, 13, 28)",68.63692395322086
9192,"(0, 1, 8)",68.8117210802151
9193,"(45, 49, 64)",68.40534443273746
9194,"(17, 38, 50)",68.72661156071757
9195,"(10, 37, 52)",68.8010448241471
9196,"(5, 48, 49)",68.73834824462543
9197,"(39, 53, 65)",68.65994061491378
9198,"(2, 56, 62)",68.7265783294263
9199,"(11, 39, 47)",68.64334328908915
9200,"(11, 28, 63)",68.57703462805887
9201,"(10, 42, 69)",68.61522559866587
9202,"(26, 31, 40)",68.43829090473021
9203,"(45, 46, 65)",68.23437655053523
9204,"(29, 33, 40)",68.46564620778206
9205,"(27, 31, 56)",68.66776427160353
9206,"(38, 64, 66)",68.44843776963081
9207,"(10, 22, 64)",68.71561882582708
9208,"(17, 41, 49)",68.89043245727129
9209,"(27, 43, 73)",68.53173651131088
9210,"(3, 24, 39)",68.4569861506601
9211,"(16, 21, 70)",68.73770394231444
9212,"(34, 38, 48)",68.54648605625344
9213,"(39, 65, 68)",68.65760172850676
9214,"(24, 25, 68)",68.52671739494966
9215,"(52, 54, 67)",68.79907618113799
9216,"(30, 54, 59)",68.5935998363458
9217,"(8, 66, 71)",68.59891723696843
9218,"(19, 37, 74)",68.74434994096424
9219,"(11, 20, 50)",68.73929787600211
9220,"(25, 28, 32)",68.39451416703784
9221,"(0, 35, 44)",68.50077338476915
9222,"(46, 64, 66)",68.6593460732685
9223,"(55, 58, 72)",68.4442583641084
9224,"(22, 44, 54)",68.61774654663385
9225,"(20, 23, 62)",68.61684895357125
9226,"(14, 17, 63)",68.70662148759749
9227,"(11, 21, 37)",68.79903295967797
9228,"(10, 31, 36)",68.7633574991798
9229,"(16, 32, 45)",68.36362573058985
9230,"(6, 49, 62)",68.80153213002743
9231,"(31, 42, 62)",68.53217358602663
9232,"(2, 6, 45)",68.24311320988465
9233,"(4, 20, 24)",68.69325697549637
9234,"(7, 31, 54)",68.78288758715898
9235,"(54, 56, 71)",68.62130989519943
9236,"(4, 10, 29)",68.7326702663345
9237,"(25, 29, 46)",68.35620815007621
9238,"(32, 61, 69)",68.708123464627
9239,"(1, 51, 66)",68.72868640348639
9240,"(10, 27, 55)",68.78699839539138
9241,"(10, 25, 38)",68.48164572286743
9242,"(10, 37, 60)",68.79493468270553
9243,"(7, 49, 71)",68.92602817282636
9244,"(40, 45, 59)",68.16383682993637
9245,"(4, 65, 69)",68.6542206078565
9246,"(6, 13, 22)",68.7267674148019
9247,"(2, 36, 62)",68.70207785297737
9248,"(13, 17, 36)",68.80611029395006
9249,"(10, 22, 30)",68.51261145588713
9250,"(5, 14, 34)",68.73451695268066
9251,"(32, 52, 62)",68.70378303353999
9252,"(24, 34, 64)",68.60776648264383
9253,"(16, 24, 43)",68.49287230128162
9254,"(8, 27, 55)",68.6839710445982
9255,"(61, 63, 68)",68.8608952568236
9256,"(10, 55, 68)",68.7286002002851
9257,"(29, 31, 46)",68.65450658546341
9258,"(26, 30, 32)",68.71142088752485
9259,"(20, 46, 54)",68.65711194434283
9260,"(1, 63, 74)",68.68027609303088
9261,"(17, 44, 56)",68.42057964770893
9262,"(29, 51, 68)",68.71921295241809
9263,"(1, 31, 36)",68.68063877640994
9264,"(16, 19, 54)",68.81202040343774
9265,"(12, 48, 74)",68.78127231100042
9266,"(3, 26, 71)",68.53314889984874
9267,"(6, 59, 73)",68.6919473245618
9268,"(46, 67, 70)",68.65828670254263
9269,"(25, 55, 71)",68.48955804219456
9270,"(2, 52, 60)",68.7912969137327
9271,"(33, 48, 58)",68.52135820554392
9272,"(8, 55, 67)",68.61268742447619
9273,"(28, 65, 66)",68.47839509993328
9274,"(23, 24, 55)",68.76800700643592
9275,"(47, 49, 73)",68.72177600754145
9276,"(0, 11, 25)",68.55744722389147
9277,"(28, 35, 46)",68.39877252235131
9278,"(1, 58, 70)",68.50516923321625
9279,"(1, 5, 48)",68.72644611332133
9280,"(53, 63, 74)",68.75845853768992
9281,"(8, 15, 36)",68.6989338660468
9282,"(23, 40, 43)",68.26700370308016
9283,"(26, 27, 72)",68.64503860835457
9284,"(22, 32, 44)",68.46582095516747
9285,"(2, 24, 39)",68.75512150670514
9286,"(38, 40, 72)",68.28031522230917
9287,"(1, 23, 50)",68.62744760883125
9288,"(1, 16, 59)",68.65202660266347
9289,"(6, 17, 48)",68.61938431896353
9290,"(23, 34, 66)",68.5742722535338
9291,"(11, 36, 64)",68.75414018041018
9292,"(5, 22, 61)",68.69499192883728
9293,"(7, 20, 24)",68.77921728663064
9294,"(19, 48, 61)",68.74569725614006
9295,"(53, 58, 69)",68.49144417917489
9296,"(7, 53, 66)",68.72157458765676
9297,"(12, 65, 67)",68.68871119850756
9298,"(5, 33, 49)",68.89829297017302
9299,"(27, 38, 74)",68.61747315286084
9300,"(2, 12, 70)",68.79715712962702
9301,"(15, 21, 69)",68.77976505888182
9302,"(26, 32, 54)",68.7203620039446
9303,"(32, 53, 72)",68.7834702336697
9304,"(6, 10, 53)",68.56492539664734
9305,"(4, 38, 58)",68.35299920594869
9306,"(32, 49, 74)",68.98241428563234
9307,"(21, 53, 58)",68.49333787233945
9308,"(45, 66, 69)",68.27581491176524
9309,"(40, 43, 69)",68.338604368698
9310,"(15, 40, 47)",68.43893138730796
9311,"(38, 46, 61)",68.51206753000574
9312,"(21, 38, 72)",68.57049930507075
9313,"(12, 29, 45)",68.43279075386629
9314,"(8, 17, 62)",68.72284696410742
9315,"(39, 48, 57)",68.63613239668965
9316,"(14, 41, 60)",68.71558984881283
9317,"(52, 70, 73)",68.73276515384651
9318,"(22, 27, 68)",68.71574611841285
9319,"(3, 27, 56)",68.46258643777428
9320,"(1, 4, 55)",68.70119376005987
9321,"(25, 66, 72)",68.44619871385609
9322,"(0, 57, 66)",68.73176833566254
9323,"(34, 35, 42)",68.51133183391082
9324,"(16, 32, 48)",68.6784166963716
9325,"(23, 32, 49)",68.7590089690627
9326,"(15, 60, 72)",68.77612142403797
9327,"(53, 57, 68)",68.83077346289049
9328,"(3, 10, 22)",68.48794563184921
9329,"(49, 56, 71)",68.66700181036293
9330,"(2, 3, 57)",68.53336408632606
9331,"(14, 22, 24)",68.7553004135296
9332,"(30, 35, 64)",68.47283220448335
9333,"(21, 24, 26)",68.7382341928802
9334,"(6, 45, 57)",68.39281419968816
9335,"(21, 57, 64)",68.74668918226841
9336,"(19, 46, 66)",68.64976048894684
9337,"(30, 32, 39)",68.55999972205282
9338,"(11, 53, 68)",68.77218508662644
9339,"(26, 33, 38)",68.6417137763723
9340,"(17, 25, 69)",68.63124686429572
9341,"(54, 68, 71)",68.74974857526179
9342,"(6, 29, 63)",68.70866463313432
9343,"(12, 15, 70)",68.7981859467475
9344,"(8, 55, 56)",68.591850050962
9345,"(28, 35, 36)",68.49316894386278
9346,"(23, 47, 68)",68.61631607617133
9347,"(6, 18, 33)",68.67496952434047
9348,"(35, 48, 59)",68.70816187763334
9349,"(8, 50, 53)",68.56858882573512
9350,"(5, 11, 72)",68.76315971770583
9351,"(17, 46, 69)",68.74278937181751
9352,"(29, 53, 61)",68.77205906780888
9353,"(0, 40, 67)",68.43666172431342
9354,"(0, 6, 50)",68.65970182226121
9355,"(24, 52, 57)",68.7312023893879
9356,"(6, 15, 18)",68.6899407051776
9357,"(18, 36, 38)",68.64217880600066
9358,"(3, 4, 12)",68.50534709890358
9359,"(5, 55, 68)",68.70917066711567
9360,"(17, 42, 59)",68.69254476282966
9361,"(20, 41, 52)",68.7570892834147
9362,"(3, 7, 74)",68.49329724550913
9363,"(15, 38, 66)",68.5181802858521
9364,"(23, 24, 68)",68.79206698836065
9365,"(3, 39, 46)",68.4786672079596
9366,"(29, 44, 60)",68.54340685073548
9367,"(5, 62, 73)",68.49577547716973
9368,"(15, 36, 51)",68.78913686417694
9369,"(32, 50, 62)",68.6580345259027
9370,"(44, 51, 66)",68.58653110984066
9371,"(10, 18, 63)",68.76475534990509
9372,"(6, 14, 29)",68.67244903889056
9373,"(25, 53, 57)",68.55582978917133
9374,"(1, 8, 69)",68.49672987939891
9375,"(31, 37, 67)",68.7426525390669
9376,"(42, 63, 71)",68.50856925772017
9377,"(26, 36, 65)",68.75522109076833
9378,"(7, 42, 51)",68.70703221763904
9379,"(0, 1, 34)",68.69024059815557
9380,"(23, 66, 69)",68.73593038411097
9381,"(17, 40, 50)",68.57581602010663
9382,"(10, 50, 64)",68.66720383205208
9383,"(8, 38, 40)",68.26876607139407
9384,"(19, 47, 71)",68.58893017418488
9385,"(12, 37, 67)",68.67420301977474
9386,"(47, 56, 70)",68.49816238688396
9387,"(48, 54, 69)",68.67924010174151
9388,"(7, 24, 59)",68.7285316833446
9389,"(6, 25, 49)",68.51166664955562
9390,"(9, 33, 48)",68.72973284358703
9391,"(5, 25, 39)",68.55996679265685
9392,"(13, 32, 33)",68.65485700786348
9393,"(12, 44, 56)",68.45200876986118
9394,"(3, 44, 54)",68.34872981406997
9395,"(0, 16, 39)",68.70482008425155
9396,"(39, 56, 59)",68.70002278079201
9397,"(23, 54, 58)",68.54185702127293
9398,"(7, 31, 68)",68.76952123383042
9399,"(22, 36, 52)",68.78098678332188
9400,"(1, 5, 65)",68.70123489943806
9401,"(3, 18, 46)",68.42895697656573
9402,"(13, 17, 31)",68.81500625306049
9403,"(7, 11, 42)",68.67799498107999
9404,"(2, 14, 58)",68.6049296663855
9405,"(18, 27, 46)",68.62411327389812
9406,"(22, 40, 48)",68.47670577621918
9407,"(52, 58, 61)",68.44418847300295
9408,"(13, 30, 33)",68.62241700291628
9409,"(4, 17, 47)",68.69232439871755
9410,"(15, 44, 49)",68.6067685102568
9411,"(56, 58, 71)",68.45136813449216
9412,"(48, 62, 72)",68.64065904428762
9413,"(34, 39, 54)",68.76748422580961
9414,"(11, 41, 68)",68.76338196108694
9415,"(4, 17, 44)",68.57051441192435
9416,"(21, 40, 48)",68.48940207844362
9417,"(2, 44, 68)",68.60979089007651
9418,"(9, 14, 46)",68.61152377706107
9419,"(14, 48, 66)",68.65574886533854
9420,"(45, 61, 62)",68.21038460294909
9421,"(25, 49, 63)",68.65804890240015
9422,"(8, 69, 74)",68.77304541967654
9423,"(2, 4, 51)",68.68976722091712
9424,"(0, 17, 72)",68.75558707715275
9425,"(16, 33, 50)",68.6442504003158
9426,"(2, 33, 38)",68.5841135564616
9427,"(24, 56, 60)",68.62047080659207
9428,"(29, 55, 71)",68.71329666831683
9429,"(15, 27, 51)",68.78757826030684
9430,"(3, 47, 54)",68.5526521886612
9431,"(13, 41, 50)",68.66319763485154
9432,"(31, 36, 62)",68.74836811016092
9433,"(6, 13, 70)",68.73218879451149
9434,"(1, 11, 45)",68.18158442735073
9435,"(30, 67, 72)",68.53686648671331
9436,"(1, 26, 35)",68.67102372648557
9437,"(1, 26, 32)",68.63566298118184
9438,"(19, 61, 67)",68.78931136821058
9439,"(20, 27, 64)",68.70039860929424
9440,"(8, 35, 39)",68.63457683345435
9441,"(21, 60, 67)",68.73353329101619
9442,"(13, 42, 49)",68.73475599112967
9443,"(20, 27, 39)",68.70289612512528
9444,"(0, 30, 67)",68.57343822193194
9445,"(10, 19, 40)",68.49359384702596
9446,"(22, 40, 65)",68.46306968196626
9447,"(4, 28, 57)",68.6289901867968
9448,"(5, 71, 73)",68.57055445956077
9449,"(8, 24, 34)",68.56729250488675
9450,"(0, 42, 59)",68.56955265126865
9451,"(45, 55, 57)",68.38516266056803
9452,"(5, 21, 26)",68.76467212606993
9453,"(14, 36, 50)",68.62138887690443
9454,"(21, 46, 63)",68.60956227398464
9455,"(6, 66, 73)",68.57602116615593
9456,"(1, 40, 71)",68.49597709176949
9457,"(39, 54, 73)",68.64081661143292
9458,"(47, 48, 57)",68.6325142774761
9459,"(8, 24, 65)",68.54109373092554
9460,"(19, 24, 60)",68.81202506722364
9461,"(45, 68, 69)",68.31282223047108
9462,"(11, 13, 31)",68.75426312034404
9463,"(50, 65, 74)",68.61389969437364
9464,"(5, 24, 43)",68.4702928809464
9465,"(24, 43, 62)",68.3639736635181
9466,"(6, 13, 24)",68.69906367303476
9467,"(27, 45, 48)",68.39754973420713
9468,"(18, 51, 52)",68.7764871511166
9469,"(10, 46, 65)",68.64502197411866
9470,"(9, 30, 59)",68.61733761912537
9471,"(5, 30, 35)",68.51256210612068
9472,"(1, 22, 60)",68.66751796658154
9473,"(9, 29, 74)",68.60260103104115
9474,"(35, 41, 45)",68.31586608970693
9475,"(6, 19, 74)",68.7150753809787
9476,"(35, 49, 51)",68.76600194755788
9477,"(7, 15, 49)",68.94499108523674
9478,"(0, 66, 67)",68.64711339136014
9479,"(16, 35, 73)",68.65475894403905
9480,"(3, 9, 20)",68.4439712348736
9481,"(33, 38, 49)",68.69725858649468
9482,"(8, 40, 73)",68.40880939932423
9483,"(7, 20, 73)",68.6575453103621
9484,"(11, 15, 51)",68.79115686022907
9485,"(35, 40, 45)",68.10329038464882
9486,"(21, 29, 60)",68.73398572164106
9487,"(4, 16, 66)",68.66703216610117
9488,"(12, 35, 48)",68.76714111399667
9489,"(11, 27, 66)",68.7433659766885
9490,"(0, 16, 22)",68.71840005072963
9491,"(2, 13, 22)",68.79348311916476
9492,"(15, 50, 62)",68.52661414110467
9493,"(6, 47, 68)",68.48113295849438
9494,"(5, 58, 72)",68.46943031394248
9495,"(28, 31, 72)",68.55575736875306
9496,"(44, 49, 73)",68.55650511444112
9497,"(15, 39, 47)",68.64905638078945
9498,"(6, 57, 69)",68.66972367723733
9499,"(26, 46, 47)",68.56028891144055
9500,"(38, 41, 48)",68.54041018322928
9501,"(9, 53, 64)",68.66688671365748
9502,"(19, 35, 53)",68.81347085720486
9503,"(2, 43, 68)",68.63085160468026
9504,"(5, 49, 62)",68.81581348745193
9505,"(26, 31, 49)",68.7988585884433
9506,"(25, 29, 56)",68.46100766879721
9507,"(7, 26, 66)",68.7203335612674
9508,"(17, 43, 56)",68.48047544653109
9509,"(10, 20, 31)",68.7468401866381
9510,"(20, 21, 41)",68.68019053712501
9511,"(32, 69, 72)",68.67275541544457
9512,"(19, 24, 38)",68.6191553479066
9513,"(0, 38, 56)",68.48601950422751
9514,"(1, 7, 56)",68.64327734699268
9515,"(18, 28, 52)",68.60275856930465
9516,"(47, 60, 64)",68.58427248479832
9517,"(29, 50, 51)",68.7288147767491
9518,"(13, 63, 73)",68.6806540048656
9519,"(28, 33, 57)",68.68061288722659
9520,"(5, 33, 34)",68.76167333708001
9521,"(7, 16, 74)",68.75326546001624
9522,"(7, 63, 67)",68.82040017002934
9523,"(19, 45, 47)",68.1655838938336
9524,"(36, 38, 45)",68.13096699861694
9525,"(39, 52, 74)",68.73044848691319
9526,"(16, 24, 53)",68.75001063608693
9527,"(15, 35, 39)",68.70476042632279
9528,"(7, 20, 68)",68.73126668530983
9529,"(35, 64, 69)",68.67611699057639
9530,"(7, 37, 48)",68.79530407261262
9531,"(33, 38, 58)",68.44418448884865
9532,"(21, 26, 60)",68.66417743561948
9533,"(7, 42, 50)",68.59805671554149
9534,"(25, 36, 52)",68.57434764223515
9535,"(41, 57, 70)",68.79510176317478
9536,"(27, 57, 60)",68.8249513520439
9537,"(3, 33, 46)",68.42336906400898
9538,"(0, 9, 23)",68.72870486468582
9539,"(15, 63, 68)",68.80539752419016
9540,"(35, 66, 74)",68.70834345049168
9541,"(8, 13, 59)",68.77648737227379
9542,"(8, 28, 74)",68.56221722665568
9543,"(38, 64, 70)",68.5623421992972
9544,"(15, 29, 31)",68.72673859480582
9545,"(1, 6, 48)",68.58437217283802
9546,"(30, 56, 67)",68.5056104898117
9547,"(25, 36, 59)",68.58966802337986
9548,"(0, 10, 12)",68.72711521124148
9549,"(14, 24, 39)",68.67142434119113
9550,"(25, 53, 54)",68.57902590673336
9551,"(18, 35, 74)",68.76245317083101
9552,"(5, 9, 49)",68.7401784317339
9553,"(7, 22, 60)",68.86876506091485
9554,"(33, 53, 58)",68.48435621943321
9555,"(14, 71, 73)",68.66671472222805
9556,"(13, 27, 34)",68.74393697232782
9557,"(40, 42, 59)",68.40700287771038
9558,"(46, 54, 69)",68.74631952890773
9559,"(49, 57, 58)",68.72202278542028
9560,"(17, 58, 59)",68.62784118663387
9561,"(40, 47, 61)",68.41157882748355
9562,"(19, 51, 62)",68.74755604137752
9563,"(6, 12, 32)",68.69838567045407
9564,"(23, 42, 62)",68.44691811534112
9565,"(43, 48, 50)",68.50293456475075
9566,"(31, 47, 63)",68.54178058500926
9567,"(5, 16, 36)",68.70236448204669
9568,"(31, 38, 47)",68.57029313783022
9569,"(23, 32, 73)",68.61624099848906
9570,"(2, 26, 47)",68.76547312108696
9571,"(3, 22, 52)",68.50323027404764
9572,"(42, 61, 74)",68.65731709621774
9573,"(53, 61, 64)",68.78245872999734
9574,"(45, 57, 67)",68.42645746401253
9575,"(33, 35, 40)",68.4374554011361
9576,"(2, 34, 57)",68.83812763788548
9577,"(32, 50, 57)",68.7816617733966
9578,"(12, 13, 45)",68.34879693968882
9579,"(35, 50, 70)",68.74764037737606
9580,"(2, 18, 39)",68.75271710884736
9581,"(21, 24, 39)",68.71142916892101
9582,"(3, 6, 21)",68.50953099578103
9583,"(2, 37, 56)",68.68784121904127
9584,"(3, 22, 38)",68.38346712084811
9585,"(20, 30, 48)",68.5706933099618
9586,"(25, 37, 63)",68.47247634654612
9587,"(19, 29, 59)",68.79102907336208
9588,"(23, 60, 73)",68.65221594985516
9589,"(9, 41, 59)",68.66267990507467
9590,"(33, 35, 71)",68.6727490355011
9591,"(17, 42, 48)",68.70853061665902
9592,"(25, 39, 68)",68.51951894859555
9593,"(27, 30, 55)",68.57393539223263
9594,"(3, 21, 61)",68.58395862296163
9595,"(29, 48, 49)",68.85238474973629
9596,"(2, 49, 60)",68.96166645827772
9597,"(14, 44, 68)",68.51198461499723
9598,"(31, 32, 49)",68.98255789534866
9599,"(33, 43, 44)",68.42838887139877
9600,"(5, 12, 43)",68.53775142105917
9601,"(13, 40, 63)",68.43592960847094
9602,"(21, 22, 49)",68.76872935297203
9603,"(5, 13, 29)",68.68523781893799
9604,"(13, 26, 52)",68.73887959696144
9605,"(25, 29, 64)",68.48416993022501
9606,"(9, 24, 53)",68.65393411156055
9607,"(24, 26, 69)",68.691367271504
9608,"(39, 53, 60)",68.74034886931113
9609,"(5, 40, 52)",68.47181699791169
9610,"(44, 53, 66)",68.47580813474339
9611,"(26, 64, 69)",68.69372416494733
9612,"(8, 33, 50)",68.64610158860837
9613,"(0, 61, 72)",68.74208859845344
9614,"(15, 18, 72)",68.69684454981466
9615,"(6, 46, 50)",68.60646585566582
9616,"(8, 15, 38)",68.61795925302083
9617,"(20, 51, 73)",68.70389812641105
9618,"(4, 6, 25)",68.49004377512237
9619,"(15, 19, 51)",68.76735483292629
9620,"(8, 33, 47)",68.6813525285298
9621,"(3, 38, 46)",68.27631965678178
9622,"(18, 45, 74)",68.28003925882086
9623,"(34, 44, 57)",68.59007864262827
9624,"(12, 16, 28)",68.56058131911115
9625,"(3, 50, 74)",68.54383565621794
9626,"(4, 8, 45)",68.26106812857842
9627,"(14, 24, 28)",68.47364187041039
9628,"(20, 61, 73)",68.67791871910968
9629,"(31, 61, 68)",68.70404066434418
9630,"(33, 41, 63)",68.72724058381857
9631,"(29, 32, 38)",68.59006366545484
9632,"(3, 61, 71)",68.44125584725731
9633,"(18, 31, 41)",68.74254386059067
9634,"(18, 46, 59)",68.67006569981729
9635,"(30, 43, 56)",68.3450690932903
9636,"(28, 66, 71)",68.49334673381375
9637,"(15, 35, 60)",68.73937179750874
9638,"(18, 54, 62)",68.68239690041116
9639,"(4, 30, 61)",68.64842457723495
9640,"(10, 45, 72)",68.35755510425423
9641,"(35, 47, 61)",68.58601325951206
9642,"(3, 15, 36)",68.57244104829539
9643,"(16, 35, 62)",68.64230585736387
9644,"(3, 55, 67)",68.42117444281341
9645,"(23, 43, 71)",68.57695579799207
9646,"(28, 33, 72)",68.5535446755164
9647,"(12, 13, 72)",68.67724419603924
9648,"(12, 65, 69)",68.75017426159792
9649,"(14, 21, 45)",68.42334945076097
9650,"(0, 7, 49)",68.75553903742619
9651,"(10, 65, 70)",68.75716043219808
9652,"(7, 19, 21)",68.80823893577055
9653,"(51, 54, 60)",68.8293269933127
9654,"(27, 56, 57)",68.76319162474942
9655,"(27, 68, 72)",68.76009213033527
9656,"(20, 36, 59)",68.71880944407832
9657,"(18, 27, 61)",68.79825686714479
9658,"(21, 65, 71)",68.66549853662202
9659,"(10, 62, 68)",68.67233882342786
9660,"(19, 30, 63)",68.66460066738763
9661,"(15, 16, 71)",68.71962079922282
9662,"(2, 26, 56)",68.76269952190775
9663,"(17, 65, 68)",68.77592791802284
9664,"(22, 30, 52)",68.57202197918511
9665,"(25, 63, 66)",68.3783683200127
9666,"(22, 53, 56)",68.59188673031966
9667,"(13, 51, 69)",68.78083412926799
9668,"(9, 14, 43)",68.49432696408577
9669,"(27, 35, 61)",68.69623444720865
9670,"(22, 41, 51)",68.74959076664607
9671,"(24, 53, 62)",68.69148669157937
9672,"(11, 39, 46)",68.6716592119253
9673,"(7, 27, 41)",68.83493736922426
9674,"(26, 38, 46)",68.60939144004618
9675,"(15, 46, 61)",68.77520773909993
9676,"(19, 44, 68)",68.59185504400249
9677,"(11, 24, 26)",68.69423439973177
9678,"(10, 50, 51)",68.6609253817726
9679,"(29, 70, 74)",68.71574873862431
9680,"(0, 2, 46)",68.59021787578932
9681,"(18, 44, 63)",68.51140622341075
9682,"(19, 28, 31)",68.61805415181601
9683,"(26, 37, 53)",68.78022403938284
9684,"(3, 23, 60)",68.48827613074413
9685,"(62, 69, 71)",68.60641165321778
9686,"(6, 16, 46)",68.61428782573599
9687,"(40, 45, 64)",68.16961588240882
9688,"(10, 20, 28)",68.58381755666743
9689,"(2, 42, 61)",68.64324834898866
9690,"(45, 48, 72)",68.35499699808615
9691,"(27, 39, 53)",68.75370591002141
9692,"(1, 15, 40)",68.38762305641465
9693,"(53, 54, 67)",68.7608819947468
9694,"(33, 51, 66)",68.67221100204108
9695,"(34, 45, 46)",68.18162536338872
9696,"(32, 51, 74)",68.71590837086435
9697,"(19, 36, 44)",68.51776706680526
9698,"(34, 45, 69)",68.20933066570187
9699,"(16, 41, 73)",68.65040866301501
9700,"(12, 23, 70)",68.7904321619319
9701,"(17, 19, 72)",68.79068696981139
9702,"(38, 43, 49)",68.51318728871321
9703,"(13, 35, 54)",68.79397685489687
9704,"(8, 35, 37)",68.58505157748132
9705,"(14, 32, 59)",68.62497622863131
9706,"(50, 68, 69)",68.68468754587762
9707,"(1, 39, 65)",68.64405270094225
9708,"(45, 49, 58)",68.28017098879135
9709,"(11, 25, 41)",68.5585811054166
9710,"(7, 11, 55)",68.77343317713174
9711,"(18, 38, 40)",68.34235309703969
9712,"(12, 50, 52)",68.68986594386166
9713,"(33, 65, 71)",68.64755542099925
9714,"(25, 44, 73)",68.25053470805335
9715,"(28, 32, 44)",68.29815670674937
9716,"(27, 30, 54)",68.63911696418333
9717,"(60, 69, 74)",68.7656142540298
9718,"(18, 42, 69)",68.6854745377497
9719,"(53, 68, 73)",68.67514500002605
9720,"(25, 31, 57)",68.58565184888874
9721,"(12, 49, 67)",68.85184474870506
9722,"(0, 24, 72)",68.70827397983147
9723,"(2, 24, 27)",68.80311079218546
9724,"(18, 35, 59)",68.72701117124947
9725,"(9, 24, 31)",68.65297999197034
9726,"(0, 16, 61)",68.74040504833243
9727,"(2, 18, 33)",68.81727895360177
9728,"(13, 53, 59)",68.74738555562807
9729,"(46, 51, 62)",68.57439203409828
9730,"(46, 53, 74)",68.68962179639877
9731,"(23, 46, 53)",68.61140308687297
9732,"(6, 21, 50)",68.65791054068862
9733,"(8, 28, 29)",68.54020791068452
9734,"(26, 37, 59)",68.72806928095369
9735,"(47, 66, 74)",68.44335429964342
9736,"(12, 14, 35)",68.72810560950096
9737,"(36, 37, 64)",68.59266160223207
9738,"(3, 17, 47)",68.4913576282278
9739,"(3, 22, 40)",68.28767289338143
9740,"(15, 18, 35)",68.71590965235178
9741,"(6, 54, 64)",68.71553127690639
9742,"(8, 15, 54)",68.8001725807606
9743,"(12, 22, 65)",68.68283240304376
9744,"(12, 42, 53)",68.56058848594158
9745,"(2, 61, 63)",68.74917774433928
9746,"(0, 38, 72)",68.60457134027953
9747,"(13, 55, 73)",68.60831314435171
9748,"(6, 35, 37)",68.66397449031551
9749,"(12, 71, 73)",68.65845324778718
9750,"(7, 42, 57)",68.73852238034452
9751,"(2, 23, 48)",68.78155303799652
9752,"(3, 27, 70)",68.5099905037172
9753,"(13, 30, 67)",68.59409237701138
9754,"(11, 27, 45)",68.3675189795374
9755,"(62, 70, 72)",68.61346062941126
9756,"(20, 25, 30)",68.32034434288435
9757,"(4, 9, 66)",68.62079345789029
9758,"(11, 30, 61)",68.63371842151167
9759,"(5, 14, 27)",68.71190150320669
9760,"(13, 30, 37)",68.66705160446503
9761,"(26, 43, 47)",68.34850369280538
9762,"(8, 21, 73)",68.71802182867397
9763,"(22, 23, 30)",68.49614983239883
9764,"(28, 37, 53)",68.63528165623201
9765,"(15, 23, 55)",68.80177160877047
9766,"(21, 33, 64)",68.65249686675983
9767,"(28, 39, 42)",68.3485830657937
9768,"(5, 28, 31)",68.53262142974792
9769,"(54, 57, 64)",68.75584666581256
9770,"(27, 38, 63)",68.60885952419939
9771,"(17, 36, 37)",68.78333857369066
9772,"(9, 68, 74)",68.64210067904727
9773,"(5, 55, 58)",68.41877424097429
9774,"(29, 63, 66)",68.62924745491344
9775,"(8, 47, 62)",68.60097645141326
9776,"(6, 15, 59)",68.71447660947155
9777,"(9, 23, 25)",68.35632980622539
9778,"(0, 21, 34)",68.63150305519173
9779,"(26, 44, 70)",68.58374393689793
9780,"(17, 62, 64)",68.73470920961233
9781,"(41, 63, 65)",68.68657879292225
9782,"(6, 11, 12)",68.67759058283966
9783,"(13, 36, 68)",68.84365071385078
9784,"(33, 41, 67)",68.72801669366392
9785,"(11, 42, 51)",68.58760882672429
9786,"(46, 47, 70)",68.64367860856373
9787,"(18, 26, 52)",68.70100338558991
9788,"(1, 56, 69)",68.56873767646414
9789,"(39, 51, 55)",68.7363885303253
9790,"(1, 25, 57)",68.49445696348283
9791,"(16, 21, 40)",68.42977510096839
9792,"(8, 27, 58)",68.36799425405027
9793,"(1, 14, 31)",68.71440372288983
9794,"(20, 33, 50)",68.70742498942218
9795,"(33, 69, 72)",68.66763881864257
9796,"(15, 22, 25)",68.57399126604014
9797,"(16, 44, 57)",68.60323379576833
9798,"(30, 62, 70)",68.51578761580936
9799,"(11, 20, 41)",68.77854539310661
9800,"(31, 44, 57)",68.61668613222179
9801,"(9, 11, 19)",68.65804266320221
9802,"(28, 42, 44)",68.30917851027257
9803,"(2, 28, 40)",68.39501220945057
9804,"(24, 35, 57)",68.8100198917032
9805,"(3, 34, 67)",68.46871712234332
9806,"(1, 69, 72)",68.57335573522838
9807,"(56, 61, 73)",68.59477252629719
9808,"(32, 69, 70)",68.71005417962594
9809,"(36, 55, 67)",68.73750812507606
9810,"(5, 31, 53)",68.70530111682685
9811,"(16, 39, 44)",68.4994481751018
9812,"(9, 10, 50)",68.65081194108176
9813,"(15, 28, 65)",68.59484659434159
9814,"(2, 4, 54)",68.75848256430346
9815,"(41, 49, 60)",68.88817136560125
9816,"(64, 72, 73)",68.60848488835727
9817,"(11, 36, 46)",68.68732152969046
9818,"(41, 53, 64)",68.70910298295611
9819,"(1, 2, 34)",68.70172518241351
9820,"(25, 44, 47)",68.30998455984077
9821,"(30, 54, 55)",68.64516015445419
9822,"(51, 54, 72)",68.85995610680273
9823,"(0, 65, 74)",68.7136554354143
9824,"(38, 67, 71)",68.55505072820101
9825,"(5, 14, 25)",68.529074606419
9826,"(1, 37, 45)",68.08992722996099
9827,"(49, 50, 57)",68.93698498194433
9828,"(30, 46, 48)",68.50282422523749
9829,"(13, 38, 39)",68.67600694316941
9830,"(2, 18, 61)",68.85996467453175
9831,"(0, 22, 67)",68.70737126502002
9832,"(7, 45, 48)",68.49364768682014
9833,"(8, 37, 47)",68.66492057302911
9834,"(26, 41, 46)",68.68607787940053
9835,"(23, 28, 67)",68.68526987938212
9836,"(5, 14, 26)",68.62478404929774
9837,"(19, 31, 43)",68.67594214247721
9838,"(8, 13, 35)",68.72617978880686
9839,"(18, 61, 65)",68.67451933533361
9840,"(0, 27, 47)",68.63446261307864
9841,"(7, 11, 37)",68.78845425231013
9842,"(1, 61, 68)",68.63354691828468
9843,"(40, 50, 54)",68.37513174717868
9844,"(1, 30, 43)",68.45966214844951
9845,"(24, 29, 68)",68.74169841322524
9846,"(12, 49, 70)",68.89141983616715
9847,"(5, 22, 25)",68.53105691524462
9848,"(12, 36, 66)",68.72119735908763
9849,"(19, 32, 68)",68.78004020477763
9850,"(11, 29, 35)",68.73941956792714
9851,"(8, 33, 64)",68.74116578108959
9852,"(26, 45, 51)",68.25599483308392
9853,"(12, 19, 20)",68.76806993745296
9854,"(36, 39, 47)",68.54747282685267
9855,"(6, 47, 71)",68.43692197455046
9856,"(50, 57, 68)",68.69482734632194
9857,"(14, 21, 36)",68.67326903211993
9858,"(62, 68, 73)",68.5943039273593
9859,"(15, 18, 38)",68.64906595122015
9860,"(12, 40, 41)",68.40175010299089
9861,"(63, 69, 73)",68.65173029982576
9862,"(2, 19, 42)",68.67860924239464
9863,"(27, 39, 70)",68.73717658171657
9864,"(24, 53, 73)",68.70897340670699
9865,"(39, 47, 64)",68.6271470524277
9866,"(32, 62, 74)",68.62730729944018
9867,"(24, 59, 73)",68.65415942448911
9868,"(15, 49, 72)",68.894564809938
9869,"(20, 28, 35)",68.48552916311219
9870,"(40, 72, 74)",68.54157338672613
9871,"(45, 59, 63)",68.3294920773659
9872,"(15, 40, 57)",68.56263547917918
9873,"(3, 39, 45)",68.23437589095124
9874,"(33, 41, 72)",68.71084030520777
9875,"(12, 43, 59)",68.63019728322804
9876,"(2, 26, 62)",68.79569374617846
9877,"(27, 29, 50)",68.60875291782419
9878,"(23, 41, 60)",68.7750014028916
9879,"(25, 37, 41)",68.50768577307073
9880,"(9, 12, 69)",68.64300154423616
9881,"(9, 11, 62)",68.63765355610353
9882,"(17, 28, 44)",68.45780626375925
9883,"(10, 13, 32)",68.7026497217573
9884,"(4, 67, 71)",68.67981731320505
9885,"(3, 37, 60)",68.47287009458941
9886,"(29, 38, 55)",68.5529563363969
9887,"(15, 19, 44)",68.52732763056439
9888,"(3, 16, 53)",68.49070336238911
9889,"(9, 31, 66)",68.61094868548943
9890,"(9, 10, 63)",68.62609712426413
9891,"(9, 12, 73)",68.5513809789543
9892,"(26, 61, 64)",68.62462462057526
9893,"(21, 66, 73)",68.62193578286467
9894,"(15, 56, 69)",68.65384585254394
9895,"(23, 40, 58)",68.36906304099502
9896,"(18, 39, 42)",68.63824106011853
9897,"(44, 61, 69)",68.42017874211004
9898,"(23, 43, 62)",68.53758451321927
9899,"(3, 51, 59)",68.40637726546922
9900,"(14, 28, 64)",68.59203631728197
9901,"(16, 53, 63)",68.80608665686495
9902,"(2, 12, 22)",68.81062419247996
9903,"(30, 47, 70)",68.59628032080875
9904,"(23, 38, 65)",68.49317374197251
9905,"(22, 47, 68)",68.58394117255553
9906,"(9, 61, 62)",68.52998828224997
9907,"(34, 48, 68)",68.66779958722721
9908,"(30, 39, 68)",68.57277439177429
9909,"(9, 14, 28)",68.56577984469328
9910,"(1, 48, 73)",68.58434417310801
9911,"(20, 39, 41)",68.6443189137052
9912,"(12, 38, 62)",68.55945573697103
9913,"(2, 20, 25)",68.6742958050809
9914,"(10, 17, 46)",68.72437342873204
9915,"(12, 65, 73)",68.7320262227553
9916,"(35, 47, 52)",68.601651032472
9917,"(8, 30, 58)",68.33701913983997
9918,"(17, 67, 72)",68.73392554123636
9919,"(1, 15, 62)",68.53594516902768
9920,"(22, 38, 65)",68.48795066522987
9921,"(5, 45, 53)",68.40232741754262
9922,"(34, 37, 59)",68.75234742308646
9923,"(5, 18, 65)",68.73339514754144
9924,"(47, 57, 58)",68.43646033197335
9925,"(9, 38, 61)",68.63654922976991
9926,"(25, 43, 65)",68.41312650695166
9927,"(25, 44, 48)",68.40284666723777
9928,"(4, 29, 39)",68.72728633993084
9929,"(2, 12, 35)",68.7514909812958
9930,"(4, 14, 17)",68.6937519347033
9931,"(36, 62, 66)",68.66603156545675
9932,"(17, 51, 66)",68.65891639321681
9933,"(39, 56, 66)",68.55998925650346
9934,"(22, 39, 68)",68.7567844846326
9935,"(33, 36, 40)",68.45401890058184
9936,"(7, 11, 48)",68.72382666155757
9937,"(27, 34, 36)",68.75930944947936
9938,"(12, 30, 44)",68.36517662913752
9939,"(17, 41, 42)",68.61465064269532
9940,"(2, 3, 61)",68.49159574117068
9941,"(34, 59, 64)",68.68385200463233
9942,"(2, 35, 65)",68.6747781384638
9943,"(6, 37, 53)",68.69166475723148
9944,"(6, 54, 72)",68.68348328193609
9945,"(27, 35, 66)",68.68268011270702
9946,"(2, 29, 65)",68.75180856253587
9947,"(40, 43, 68)",68.33598656716686
9948,"(35, 47, 54)",68.59547640061677
9949,"(10, 60, 74)",68.80393893191277
9950,"(29, 43, 64)",68.59573367790426
9951,"(3, 49, 52)",68.61769480876033
9952,"(54, 55, 58)",68.55136461593794
9953,"(13, 66, 68)",68.69390677948189
9954,"(30, 63, 74)",68.59038082508418
9955,"(0, 5, 42)",68.55752803527714
9956,"(2, 43, 74)",68.71243820688726
9957,"(16, 24, 73)",68.68947672183057
9958,"(3, 5, 33)",68.5296561305242
9959,"(5, 42, 57)",68.62034458569423
9960,"(2, 47, 58)",68.59579975388425
9961,"(7, 51, 52)",68.86856786354366
9962,"(11, 21, 42)",68.59251939214565
9963,"(19, 54, 74)",68.77470406799875
9964,"(4, 9, 32)",68.75216834804249
9965,"(15, 39, 48)",68.69309165451443
9966,"(4, 62, 63)",68.56671022267939
9967,"(13, 29, 36)",68.74597398836598
9968,"(9, 39, 74)",68.60326729163071
9969,"(5, 33, 59)",68.72343198769798
9970,"(9, 33, 41)",68.64930344953261
9971,"(46, 70, 73)",68.5683839918276
9972,"(5, 15, 24)",68.77747305233439
9973,"(40, 62, 74)",68.38506477774648
9974,"(21, 55, 60)",68.7620629478051
9975,"(24, 42, 45)",68.3248320089364
9976,"(12, 15, 39)",68.80216729003035
9977,"(12, 26, 73)",68.53259690028139
9978,"(37, 45, 59)",68.31106086768037
9979,"(6, 11, 67)",68.65468385442658
9980,"(3, 10, 25)",68.45609212785509
9981,"(4, 7, 41)",68.70879437173633
9982,"(54, 56, 59)",68.64725600952278
9983,"(42, 57, 59)",68.7725611257427
9984,"(24, 46, 72)",68.54917957933566
9985,"(3, 22, 43)",68.30064531226914
9986,"(8, 33, 66)",68.57488426492058
9987,"(7, 28, 38)",68.44304143265865
9988,"(5, 43, 56)",68.48840614503192
9989,"(8, 58, 72)",68.42170320704837
9990,"(18, 36, 51)",68.74487112855932
9991,"(12, 24, 44)",68.53353000864793
9992,"(23, 60, 64)",68.83985895183675
9993,"(16, 32, 65)",68.73493683266184
9994,"(18, 42, 49)",68.72244620956673
9995,"(14, 21, 41)",68.74579484795525
9996,"(2, 49, 51)",68.87605929779006
9997,"(34, 37, 55)",68.71017085315118
9998,"(14, 19, 28)",68.60355717990535
9999,"(2, 3, 29)",68.5434764598315
10000,"(1, 24, 72)",68.69730309113145
10001,"(6, 24, 66)",68.53279258775
10002,"(11, 17, 70)",68.80755759898871
10003,"(6, 65, 72)",68.67038651984932
10004,"(21, 38, 64)",68.52004037714589
10005,"(37, 41, 64)",68.84121819112235
10006,"(9, 33, 60)",68.66017036314975
10007,"(31, 58, 68)",68.41526695443757
10008,"(28, 36, 44)",68.33470371186796
10009,"(4, 25, 29)",68.47648708381529
10010,"(50, 70, 74)",68.6849316222695
10011,"(12, 31, 73)",68.7205003479508
10012,"(14, 33, 71)",68.709850901901
10013,"(2, 10, 56)",68.77740087385862
10014,"(19, 38, 43)",68.63467958770157
10015,"(9, 72, 73)",68.60297458344702
10016,"(29, 33, 50)",68.7064345596531
10017,"(27, 55, 64)",68.80687019239501
10018,"(7, 19, 43)",68.62612882542243
10019,"(19, 57, 70)",68.79589418655601
10020,"(60, 61, 63)",68.71941106979264
10021,"(18, 34, 36)",68.69265084138519
10022,"(27, 66, 67)",68.65304779232552
10023,"(9, 60, 67)",68.65480722195403
10024,"(9, 62, 73)",68.56002868650681
10025,"(2, 39, 49)",68.91794095486784
10026,"(7, 14, 53)",68.82938587595106
10027,"(8, 68, 71)",68.66924600019905
10028,"(1, 36, 56)",68.61313769642149
10029,"(42, 51, 70)",68.51796517546191
10030,"(10, 12, 37)",68.74515818558949
10031,"(30, 54, 68)",68.56460664873761
10032,"(6, 38, 73)",68.54208201612883
10033,"(4, 16, 17)",68.72107318872577
10034,"(15, 45, 67)",68.29741422609528
10035,"(17, 19, 47)",68.74456046162585
10036,"(0, 38, 54)",68.57209502322664
10037,"(30, 39, 44)",68.356839625526
10038,"(17, 52, 60)",68.74315703281903
10039,"(8, 22, 36)",68.68871037708125
10040,"(14, 36, 40)",68.36043782330646
10041,"(18, 22, 67)",68.66814710499199
10042,"(15, 25, 52)",68.62294520280601
10043,"(27, 38, 67)",68.5745041256385
10044,"(22, 45, 61)",68.33984052111857
10045,"(27, 49, 63)",68.81949533069813
10046,"(17, 46, 74)",68.72779520066253
10047,"(13, 17, 46)",68.6973774074129
10048,"(2, 9, 38)",68.6583386859634
10049,"(55, 60, 73)",68.74893877217386
10050,"(10, 28, 41)",68.50789414682261
10051,"(28, 43, 46)",68.37843748988614
10052,"(5, 7, 19)",68.78780938097377
10053,"(49, 50, 51)",68.76518160758442
10054,"(3, 50, 51)",68.48001598350723
10055,"(49, 50, 54)",68.92745275316274
10056,"(32, 47, 56)",68.68131039212417
10057,"(47, 54, 63)",68.6318599056202
10058,"(38, 64, 68)",68.6140480707238
10059,"(13, 32, 39)",68.70166759785623
10060,"(10, 39, 60)",68.78035798916457
10061,"(39, 57, 72)",68.68938629007036
10062,"(9, 15, 71)",68.63552818926014
10063,"(16, 33, 62)",68.68513796143893
10064,"(21, 26, 36)",68.70566023796516
10065,"(33, 47, 51)",68.66502139807235
10066,"(28, 39, 70)",68.56067549094176
10067,"(10, 14, 29)",68.82042095356191
10068,"(15, 33, 71)",68.66720314735923
10069,"(14, 41, 49)",68.84362806941441
10070,"(23, 35, 66)",68.66998047968444
10071,"(5, 36, 43)",68.50382947839375
10072,"(16, 51, 69)",68.65580392727206
10073,"(3, 15, 26)",68.52898247092037
10074,"(31, 35, 72)",68.71117023587013
10075,"(5, 28, 55)",68.54392223765878
10076,"(18, 52, 55)",68.76518838755814
10077,"(19, 53, 64)",68.81026148087169
10078,"(11, 21, 41)",68.71935156256534
10079,"(16, 35, 44)",68.43990180114506
10080,"(24, 43, 46)",68.54075803361049
10081,"(30, 37, 59)",68.59747561063581
10082,"(7, 24, 57)",68.81603655780035
10083,"(42, 52, 55)",68.61602857023416
10084,"(6, 50, 71)",68.69150610416004
10085,"(26, 43, 50)",68.56603240620124
10086,"(39, 54, 66)",68.67779162516062
10087,"(8, 29, 69)",68.74875863519281
10088,"(16, 26, 64)",68.74326398911877
10089,"(1, 27, 58)",68.52463218028227
10090,"(18, 24, 39)",68.70912204210038
10091,"(26, 57, 66)",68.73698074215935
10092,"(1, 35, 47)",68.59736285451082
10093,"(6, 56, 62)",68.43201428774589
10094,"(3, 35, 52)",68.38299904580545
10095,"(6, 12, 41)",68.6432384892184
10096,"(6, 59, 68)",68.69542573982865
10097,"(3, 8, 49)",68.61071355002471
10098,"(43, 46, 58)",68.30165551697503
10099,"(23, 48, 74)",68.86102555272059
10100,"(45, 56, 74)",68.33603980604035
10101,"(14, 43, 59)",68.5782102580623
10102,"(22, 52, 72)",68.75142099823336
10103,"(30, 31, 32)",68.63794676649222
10104,"(4, 14, 38)",68.52562727794098
10105,"(40, 41, 45)",68.13552403066203
10106,"(23, 52, 58)",68.52868565227638
10107,"(70, 71, 73)",68.64097156133957
10108,"(3, 19, 21)",68.47864340541283
10109,"(4, 25, 47)",68.4545358766462
10110,"(36, 46, 55)",68.6792882674104
10111,"(25, 48, 61)",68.60035895410638
10112,"(4, 67, 69)",68.76107590597032
10113,"(48, 60, 65)",68.71303463193557
10114,"(24, 49, 71)",68.80172149883064
10115,"(13, 25, 72)",68.588412928463
10116,"(3, 61, 74)",68.48255569804003
10117,"(6, 22, 23)",68.6690174351198
10118,"(34, 38, 68)",68.5764265591126
10119,"(21, 65, 68)",68.70764679696329
10120,"(6, 35, 63)",68.65077572555043
10121,"(5, 18, 35)",68.68979487793598
10122,"(14, 54, 58)",68.59794547677296
10123,"(24, 44, 47)",68.45238424364305
10124,"(11, 26, 52)",68.77141274698076
10125,"(18, 57, 73)",68.6874180537892
10126,"(1, 27, 52)",68.68723360250559
10127,"(47, 50, 66)",68.55599328813656
10128,"(5, 21, 67)",68.66948249523949
10129,"(43, 70, 74)",68.5368689273251
10130,"(22, 53, 59)",68.78329622629435
10131,"(7, 8, 32)",68.65563675820991
10132,"(49, 53, 71)",68.80567580079521
10133,"(10, 20, 45)",68.37293103213928
10134,"(13, 60, 74)",68.8042371003477
10135,"(5, 29, 71)",68.65085206615677
10136,"(9, 11, 59)",68.63644471171602
10137,"(3, 23, 36)",68.46440989520562
10138,"(45, 48, 58)",68.19872552632721
10139,"(20, 39, 53)",68.71902085047938
10140,"(16, 29, 40)",68.47804071854526
10141,"(17, 26, 47)",68.66605811678721
10142,"(29, 30, 60)",68.52768190878969
10143,"(9, 15, 32)",68.73020818453756
10144,"(16, 17, 36)",68.78637003967243
10145,"(20, 34, 45)",68.29717713234793
10146,"(12, 19, 33)",68.77864560891818
10147,"(14, 17, 27)",68.70592306652631
10148,"(17, 21, 57)",68.84565240862041
10149,"(18, 41, 66)",68.65611469112586
10150,"(14, 28, 39)",68.54590063787718
10151,"(7, 17, 66)",68.7480729608054
10152,"(1, 62, 70)",68.51873989292983
10153,"(2, 11, 55)",68.96198437364707
10154,"(10, 11, 32)",68.73528016857232
10155,"(0, 30, 43)",68.54986000796025
10156,"(30, 68, 73)",68.47238567107948
10157,"(26, 27, 29)",68.65202274952898
10158,"(48, 72, 73)",68.72900003433811
10159,"(21, 27, 61)",68.7162769833051
10160,"(3, 21, 41)",68.49899547057835
10161,"(17, 26, 38)",68.74775122125321
10162,"(7, 21, 72)",68.78724480281826
10163,"(1, 17, 57)",68.66127644693046
10164,"(13, 23, 44)",68.49910793042703
10165,"(11, 29, 69)",68.73498114783911
10166,"(10, 44, 63)",68.50512043312544
10167,"(12, 31, 74)",68.78646250467469
10168,"(10, 11, 40)",68.52611496687248
10169,"(30, 57, 58)",68.37725718216808
10170,"(55, 59, 67)",68.66148128452876
10171,"(28, 51, 60)",68.54588340080913
10172,"(17, 48, 61)",68.72990907371006
10173,"(26, 30, 67)",68.69420059090642
10174,"(34, 38, 61)",68.50017274729416
10175,"(31, 62, 68)",68.72294507609513
10176,"(3, 15, 53)",68.56288275753963
10177,"(9, 38, 67)",68.50419013184427
10178,"(51, 52, 55)",68.76826759418181
10179,"(25, 45, 66)",67.99708011561599
10180,"(4, 5, 55)",68.7021596890304
10181,"(3, 27, 54)",68.52047276442505
10182,"(19, 44, 60)",68.61906273779225
10183,"(22, 30, 33)",68.6095270162566
10184,"(33, 36, 74)",68.76117271574084
10185,"(6, 20, 34)",68.57339225949188
10186,"(43, 55, 61)",68.61869116684336
10187,"(58, 64, 69)",68.4695376426242
10188,"(13, 39, 55)",68.7675025213399
10189,"(22, 35, 39)",68.69430482394664
10190,"(39, 70, 74)",68.72067175346461
10191,"(39, 63, 72)",68.64715335098862
10192,"(15, 59, 66)",68.73786886044606
10193,"(14, 39, 60)",68.74200402136744
10194,"(11, 22, 27)",68.70869593779409
10195,"(4, 52, 62)",68.75153167550208
10196,"(8, 10, 17)",68.7758444968425
10197,"(5, 6, 15)",68.69375454370974
10198,"(3, 50, 72)",68.51965406046163
10199,"(6, 24, 37)",68.575584929136
10200,"(20, 44, 71)",68.5116915418525
10201,"(24, 27, 30)",68.59225339011441
10202,"(9, 21, 40)",68.41848732484188
10203,"(12, 40, 42)",68.37350350475916
10204,"(6, 70, 73)",68.65337154977517
10205,"(17, 30, 37)",68.57743921349024
10206,"(4, 11, 53)",68.77339257664889
10207,"(6, 56, 63)",68.5172338211897
10208,"(50, 71, 74)",68.63741536991459
10209,"(12, 48, 62)",68.72715835245174
10210,"(1, 45, 72)",68.02462752754239
10211,"(4, 49, 54)",68.79003444419818
10212,"(2, 26, 52)",68.84658448925882
10213,"(41, 45, 60)",68.40153656244962
10214,"(39, 42, 52)",68.59217533250587
10215,"(4, 12, 18)",68.72418530237863
10216,"(9, 19, 41)",68.62285396938704
10217,"(16, 45, 74)",68.41679643634195
10218,"(51, 58, 61)",68.51507784676826
10219,"(5, 7, 33)",68.72842441087292
10220,"(0, 45, 67)",68.34706037589659
10221,"(2, 7, 34)",68.86591823454606
10222,"(11, 24, 59)",68.733017375095
10223,"(16, 31, 45)",68.29749888469462
10224,"(2, 17, 61)",68.81455475605594
10225,"(8, 19, 39)",68.73368072693658
10226,"(53, 66, 74)",68.71742408969703
10227,"(10, 53, 72)",68.7746109308628
10228,"(16, 49, 60)",68.87558724562113
10229,"(19, 59, 70)",68.81607590483989
10230,"(17, 24, 42)",68.64743585227157
10231,"(41, 50, 56)",68.60361954312037
10232,"(40, 46, 70)",68.53207418791624
10233,"(12, 31, 50)",68.63568744212432
10234,"(8, 40, 57)",68.4656690364568
10235,"(7, 18, 37)",68.75351238974588
10236,"(6, 18, 64)",68.49384098593227
10237,"(17, 25, 49)",68.7433557426153
10238,"(5, 27, 31)",68.68958004198498
10239,"(15, 28, 46)",68.62182033138592
10240,"(17, 63, 70)",68.81073686929552
10241,"(35, 37, 43)",68.58934708885577
10242,"(11, 13, 63)",68.84218857440486
10243,"(42, 58, 66)",68.39763608946734
10244,"(13, 51, 58)",68.49355121692109
10245,"(8, 52, 73)",68.78601158230506
10246,"(21, 22, 61)",68.76074365759403
10247,"(13, 18, 46)",68.78383414848707
10248,"(0, 2, 43)",68.57651732971577
10249,"(33, 35, 47)",68.65277362767729
10250,"(46, 73, 74)",68.63167645338666
10251,"(10, 53, 63)",68.76340534384504
10252,"(39, 53, 56)",68.69904318102743
10253,"(4, 31, 68)",68.64826127177905
10254,"(45, 47, 72)",68.153575364745
10255,"(5, 17, 23)",68.72982299944591
10256,"(13, 22, 28)",68.56937506421804
10257,"(8, 13, 40)",68.44135772962174
10258,"(24, 36, 42)",68.56685292570478
10259,"(2, 19, 27)",68.82262974383634
10260,"(10, 56, 57)",68.7928768285467
10261,"(25, 48, 67)",68.50288537516501
10262,"(38, 49, 70)",68.75031826425982
10263,"(9, 30, 41)",68.61770724827892
10264,"(11, 45, 51)",68.40043634100958
10265,"(7, 57, 66)",68.78253421332275
10266,"(10, 16, 59)",68.76212883941822
10267,"(2, 33, 71)",68.80434633870836
10268,"(33, 44, 61)",68.51504712250683
10269,"(1, 23, 63)",68.76140659710127
10270,"(16, 41, 43)",68.63327855676184
10271,"(4, 56, 64)",68.6060672734801
10272,"(11, 43, 62)",68.41504686081421
10273,"(0, 10, 60)",68.75183411562564
10274,"(1, 32, 67)",68.69462220393424
10275,"(1, 28, 61)",68.52052339533863
10276,"(12, 58, 73)",68.48889044998653
10277,"(9, 63, 71)",68.58509398945492
10278,"(53, 60, 61)",68.7656448829838
10279,"(16, 44, 60)",68.50734126873961
10280,"(7, 13, 44)",68.64716060388993
10281,"(22, 68, 69)",68.66570505847656
10282,"(39, 50, 51)",68.6378992381012
10283,"(17, 65, 72)",68.77553159382947
10284,"(3, 6, 49)",68.52032086669934
10285,"(2, 3, 32)",68.43567069882901
10286,"(35, 37, 64)",68.76336789027887
10287,"(13, 23, 59)",68.74622553114624
10288,"(20, 34, 41)",68.61900686499438
10289,"(1, 52, 63)",68.70884023669628
10290,"(32, 62, 72)",68.64013779727384
10291,"(11, 31, 46)",68.75860278215337
10292,"(1, 9, 65)",68.66116585397205
10293,"(24, 52, 65)",68.6463037507204
10294,"(7, 46, 49)",68.8336728450116
10295,"(27, 29, 49)",68.8165472242953
10296,"(32, 49, 57)",68.98006084841069
10297,"(17, 24, 57)",68.7801856649673
10298,"(3, 31, 66)",68.51849453870001
10299,"(10, 36, 73)",68.72832677485492
10300,"(31, 63, 66)",68.65582742362322
10301,"(5, 11, 12)",68.76279701643789
10302,"(1, 28, 56)",68.4639333072819
10303,"(26, 34, 50)",68.63245106373815
10304,"(50, 53, 73)",68.62456441138627
10305,"(4, 65, 66)",68.60633240571305
10306,"(14, 16, 71)",68.6752858179448
10307,"(25, 38, 55)",68.31375767645899
10308,"(15, 22, 50)",68.73762312395438
10309,"(10, 29, 54)",68.80237190009979
10310,"(4, 21, 26)",68.76781216796688
10311,"(37, 66, 69)",68.65948345012029
10312,"(3, 4, 45)",68.23444579308897
10313,"(35, 41, 52)",68.75011166953792
10314,"(0, 57, 64)",68.74776661140707
10315,"(34, 37, 52)",68.79160660299063
10316,"(1, 43, 71)",68.51606225199065
10317,"(48, 50, 62)",68.66058437702252
10318,"(17, 37, 39)",68.76285438161437
10319,"(19, 57, 68)",68.75218606587144
10320,"(6, 70, 72)",68.71660305790479
10321,"(27, 50, 58)",68.44571939596433
10322,"(30, 37, 63)",68.51348772767722
10323,"(1, 19, 56)",68.58554524821744
10324,"(40, 42, 66)",68.31686126367477
10325,"(2, 40, 44)",68.42255937916043
10326,"(20, 21, 62)",68.62469830380779
10327,"(3, 36, 57)",68.53189044248812
10328,"(17, 37, 40)",68.59999254557579
10329,"(14, 21, 40)",68.53445174331753
10330,"(13, 43, 48)",68.68962768233092
10331,"(31, 43, 58)",68.3361851133762
10332,"(9, 35, 43)",68.5338280020645
10333,"(4, 34, 57)",68.78227954430182
10334,"(5, 21, 69)",68.72701038821681
10335,"(25, 35, 48)",68.54920256944749
10336,"(47, 52, 63)",68.58944317265625
10337,"(4, 56, 58)",68.4396654840223
10338,"(41, 46, 57)",68.80210388161781
10339,"(24, 37, 58)",68.48635983171698
10340,"(11, 13, 57)",68.87474310581382
10341,"(22, 32, 45)",68.3087163473677
10342,"(23, 50, 74)",68.72525388382648
10343,"(6, 29, 37)",68.68028912922422
10344,"(0, 49, 51)",68.70362134530173
10345,"(28, 39, 65)",68.48700790803139
10346,"(31, 40, 58)",68.23893034813521
10347,"(29, 52, 59)",68.73381955129788
10348,"(1, 34, 40)",68.41227040807645
10349,"(5, 12, 39)",68.66905491198972
10350,"(4, 41, 51)",68.73792156004399
10351,"(1, 60, 63)",68.67266029781999
10352,"(13, 51, 56)",68.6977248455972
10353,"(6, 17, 65)",68.63198232266676
10354,"(31, 44, 62)",68.47398867729262
10355,"(22, 69, 73)",68.7053287623792
10356,"(13, 34, 69)",68.69958990480956
10357,"(22, 59, 67)",68.73134383008025
10358,"(39, 50, 64)",68.6943774447714
10359,"(24, 29, 74)",68.72564992684478
10360,"(34, 40, 51)",68.42084914640671
10361,"(6, 25, 68)",68.55056874160313
10362,"(14, 58, 71)",68.49182487003084
10363,"(23, 34, 36)",68.69211137801435
10364,"(44, 58, 59)",68.38322502007547
10365,"(23, 69, 71)",68.67262671777546
10366,"(0, 1, 68)",68.6634320470056
10367,"(10, 34, 57)",68.71634867278165
10368,"(3, 6, 50)",68.5011545128677
10369,"(29, 38, 47)",68.50981335196178
10370,"(0, 42, 65)",68.54723394274085
10371,"(7, 17, 42)",68.80473669660819
10372,"(5, 58, 71)",68.44414089993009
10373,"(9, 29, 57)",68.72429795127391
10374,"(29, 30, 37)",68.52504461300492
10375,"(12, 25, 70)",68.52823974745702
10376,"(7, 29, 59)",68.80439479816228
10377,"(46, 51, 58)",68.39923653298587
10378,"(18, 22, 58)",68.55495420824016
10379,"(35, 46, 54)",68.72549688869123
10380,"(1, 37, 53)",68.66538282436065
10381,"(55, 56, 63)",68.6556721031038
10382,"(24, 34, 67)",68.66971815901505
10383,"(10, 15, 27)",68.7910693828224
10384,"(8, 35, 70)",68.63768189226231
10385,"(6, 18, 61)",68.54645803868593
10386,"(7, 22, 58)",68.64250925596936
10387,"(8, 34, 65)",68.56899169043527
10388,"(16, 28, 31)",68.56927103711475
10389,"(42, 66, 68)",68.62366255484812
10390,"(38, 42, 66)",68.51859133664438
10391,"(0, 44, 72)",68.50507674550428
10392,"(4, 7, 21)",68.76205385970103
10393,"(5, 52, 64)",68.750517065382
10394,"(0, 9, 57)",68.78172526598729
10395,"(1, 56, 64)",68.62021229293262
10396,"(22, 33, 65)",68.62710488278681
10397,"(36, 50, 64)",68.66743306115801
10398,"(21, 60, 74)",68.79363883721953
10399,"(26, 36, 43)",68.6590413519016
10400,"(40, 70, 74)",68.5338529026714
10401,"(8, 11, 40)",68.42313954618272
10402,"(53, 57, 59)",68.81122681022815
10403,"(11, 25, 54)",68.6215366897877
10404,"(11, 48, 53)",68.8322771709677
10405,"(5, 28, 52)",68.59920436194459
10406,"(28, 44, 57)",68.42809854937468
10407,"(15, 31, 36)",68.77211623410233
10408,"(1, 31, 72)",68.62567893402534
10409,"(7, 47, 64)",68.6976128303786
10410,"(5, 42, 45)",68.28716899229357
10411,"(2, 6, 10)",68.62958551367868
10412,"(10, 57, 62)",68.73391392555385
10413,"(3, 27, 60)",68.5257917157988
10414,"(11, 28, 32)",68.51320811454654
10415,"(0, 20, 40)",68.47675709804155
10416,"(6, 15, 21)",68.62162967047315
10417,"(23, 26, 29)",68.64576029030573
10418,"(14, 30, 42)",68.50989571945692
10419,"(13, 20, 45)",68.28146734442818
10420,"(19, 21, 61)",68.78158139115993
10421,"(0, 19, 21)",68.65568468690896
10422,"(1, 29, 66)",68.59216281936628
10423,"(9, 33, 65)",68.52030503025934
10424,"(2, 5, 9)",68.92607062459678
10425,"(17, 38, 52)",68.70917019515797
10426,"(3, 6, 9)",68.39550690840241
10427,"(31, 35, 37)",68.69147694237188
10428,"(16, 54, 55)",68.82111243051916
10429,"(14, 17, 68)",68.73201984376716
10430,"(3, 18, 47)",68.4811476587459
10431,"(10, 27, 54)",68.82342191972555
10432,"(4, 70, 73)",68.69094884643008
10433,"(4, 56, 74)",68.65434733838416
10434,"(3, 11, 23)",68.58023280030173
10435,"(39, 68, 71)",68.64298710041317
10436,"(45, 62, 70)",68.20099485604425
10437,"(6, 11, 45)",68.28830029982579
10438,"(26, 38, 61)",68.68159747331595
10439,"(4, 30, 31)",68.64549142448617
10440,"(21, 63, 70)",68.73555857965744
10441,"(33, 54, 73)",68.74051188884665
10442,"(11, 32, 47)",68.68749505594658
10443,"(21, 43, 52)",68.61657209233431
10444,"(9, 30, 52)",68.66161653280278
10445,"(38, 56, 72)",68.5908402211019
10446,"(23, 48, 57)",68.88333633561771
10447,"(7, 26, 45)",68.36210320707134
10448,"(19, 40, 49)",68.67380677750276
10449,"(6, 24, 63)",68.56727979987011
10450,"(17, 37, 53)",68.77284709093499
10451,"(30, 32, 42)",68.52496638193506
10452,"(30, 36, 68)",68.65548778849448
10453,"(13, 34, 57)",68.76084390697275
10454,"(17, 31, 43)",68.64312295880846
10455,"(5, 31, 51)",68.75811614511215
10456,"(5, 11, 40)",68.57208621284424
10457,"(15, 45, 54)",68.41509908036575
10458,"(34, 71, 73)",68.59114239816597
10459,"(32, 36, 62)",68.63104537301463
10460,"(15, 57, 71)",68.74539844541681
10461,"(9, 55, 59)",68.63861037894053
10462,"(18, 55, 67)",68.68517922911592
10463,"(20, 26, 33)",68.77629656772098
10464,"(0, 34, 63)",68.7001938853452
10465,"(18, 19, 74)",68.7844613871528
10466,"(37, 54, 66)",68.7228698185279
10467,"(29, 42, 62)",68.61407403877915
10468,"(17, 49, 66)",68.88633001170462
10469,"(12, 37, 63)",68.67086591624421
10470,"(27, 44, 58)",68.4512406141411
10471,"(2, 7, 51)",68.82633087884697
10472,"(33, 47, 68)",68.64043929642405
10473,"(8, 34, 44)",68.47079329411288
10474,"(45, 55, 60)",68.36893513340667
10475,"(13, 23, 26)",68.77730776635231
10476,"(20, 63, 72)",68.70226889340944
10477,"(48, 55, 59)",68.7706715771511
10478,"(6, 38, 39)",68.42662837645295
10479,"(17, 23, 54)",68.84443258744494
10480,"(1, 43, 54)",68.60625677011916
10481,"(18, 32, 42)",68.59268804745052
10482,"(17, 30, 52)",68.52219464668639
10483,"(1, 9, 56)",68.60214361422652
10484,"(0, 60, 64)",68.72004304607994
10485,"(2, 43, 46)",68.77175996404314
10486,"(12, 25, 74)",68.6079755339849
10487,"(5, 42, 65)",68.5319571823141
10488,"(6, 13, 17)",68.77215299855676
10489,"(6, 29, 61)",68.68634650602371
10490,"(7, 8, 36)",68.85550062452256
10491,"(8, 47, 63)",68.64589455557979
10492,"(39, 49, 62)",68.69926424748326
10493,"(0, 31, 44)",68.52728674832834
10494,"(0, 36, 48)",68.71407362817527
10495,"(1, 17, 35)",68.55263433714981
10496,"(31, 36, 37)",68.80930400654466
10497,"(14, 29, 73)",68.64805655061133
10498,"(2, 14, 49)",68.87933760360379
10499,"(48, 54, 72)",68.63889652207516
10500,"(9, 44, 48)",68.44984569254838
10501,"(9, 38, 62)",68.4841402722393
10502,"(7, 10, 48)",68.81319496219461
10503,"(8, 46, 51)",68.67271109404946
10504,"(4, 7, 67)",68.73547862231737
10505,"(7, 46, 62)",68.66894760393878
10506,"(17, 68, 72)",68.75496602611719
10507,"(12, 14, 15)",68.7273460531497
10508,"(35, 64, 68)",68.68837250200461
10509,"(11, 17, 67)",68.79118728665922
10510,"(17, 31, 74)",68.7684818055309
10511,"(6, 41, 49)",68.74783820234559
10512,"(0, 41, 44)",68.52090810051415
10513,"(38, 45, 74)",68.33516041076754
10514,"(36, 46, 72)",68.6728504302537
10515,"(1, 56, 68)",68.59210384313592
10516,"(0, 8, 15)",68.6979452946445
10517,"(0, 42, 52)",68.67390967716089
10518,"(1, 4, 22)",68.72413450073161
10519,"(23, 68, 72)",68.7946771284697
10520,"(39, 44, 59)",68.58234251776365
10521,"(61, 63, 71)",68.75849407362077
10522,"(27, 48, 68)",68.78254270194063
10523,"(36, 38, 57)",68.63882364396319
10524,"(7, 26, 28)",68.5944662161067
10525,"(60, 72, 73)",68.70671668341049
10526,"(23, 36, 49)",68.74058108286067
10527,"(33, 51, 62)",68.77113240678054
10528,"(32, 48, 69)",68.65091728490302
10529,"(11, 40, 64)",68.46892902727113
10530,"(7, 8, 46)",68.56671083012962
10531,"(0, 1, 35)",68.6131288382493
10532,"(24, 60, 67)",68.73204387789058
10533,"(7, 45, 54)",68.37661909050314
10534,"(40, 50, 62)",68.36465322859456
10535,"(29, 46, 66)",68.53417074786262
10536,"(11, 45, 52)",68.39207190839592
10537,"(1, 9, 16)",68.66741745708391
10538,"(18, 41, 43)",68.5200657252531
10539,"(11, 28, 53)",68.56423998539556
10540,"(1, 33, 73)",68.58413280146894
10541,"(23, 53, 57)",68.8621200003974
10542,"(13, 41, 56)",68.62916731079194
10543,"(19, 22, 43)",68.63826654747524
10544,"(11, 31, 73)",68.6581521936988
10545,"(6, 8, 59)",68.62468048163083
10546,"(26, 34, 46)",68.57176717129423
10547,"(3, 8, 27)",68.55090021546062
10548,"(22, 53, 58)",68.47182471015485
10549,"(29, 33, 63)",68.6759838433525
10550,"(6, 31, 57)",68.62738906802738
10551,"(4, 7, 42)",68.63988555010107
10552,"(32, 35, 56)",68.64448437323351
10553,"(25, 34, 71)",68.46741473988945
10554,"(26, 41, 63)",68.62324131573946
10555,"(15, 32, 33)",68.69762511278236
10556,"(38, 53, 72)",68.64537771292794
10557,"(29, 48, 71)",68.71934097164056
10558,"(20, 54, 69)",68.81571616634761
10559,"(4, 35, 61)",68.68526441600412
10560,"(2, 5, 68)",68.76529742024688
10561,"(3, 30, 38)",68.32197131343472
10562,"(3, 11, 22)",68.51502581118493
10563,"(24, 34, 65)",68.65313967309102
10564,"(3, 11, 52)",68.49338441338064
10565,"(1, 18, 67)",68.64296338255105
10566,"(23, 32, 38)",68.55463092160412
10567,"(30, 38, 67)",68.50663676555317
10568,"(11, 45, 53)",68.40216783696242
10569,"(30, 66, 67)",68.4348083124713
10570,"(11, 47, 53)",68.6943229356202
10571,"(18, 52, 60)",68.7632522905629
10572,"(26, 27, 33)",68.71405709456101
10573,"(34, 54, 62)",68.64401493824765
10574,"(9, 37, 66)",68.56468086974994
10575,"(20, 22, 63)",68.69520770857527
10576,"(36, 41, 53)",68.64978885007714
10577,"(34, 41, 50)",68.66518662768193
10578,"(15, 46, 70)",68.74701475353552
10579,"(12, 63, 67)",68.80353202431053
10580,"(61, 62, 65)",68.64767782811305
10581,"(19, 20, 33)",68.78739500324909
10582,"(71, 73, 74)",68.67622352370539
10583,"(16, 34, 68)",68.65767688515483
10584,"(11, 23, 30)",68.55934953435664
10585,"(38, 42, 47)",68.51894460238147
10586,"(14, 22, 37)",68.72619477528784
10587,"(31, 51, 57)",68.79129041836491
10588,"(21, 50, 69)",68.69211735037663
10589,"(39, 42, 48)",68.58518583454118
10590,"(20, 42, 73)",68.47931132428184
10591,"(4, 23, 43)",68.58355144139891
10592,"(19, 27, 54)",68.7816446348666
10593,"(14, 16, 48)",68.76247215570501
10594,"(52, 55, 68)",68.72018446976973
10595,"(9, 46, 61)",68.5789628836872
10596,"(11, 35, 74)",68.75626160213774
10597,"(33, 36, 54)",68.76663928923604
10598,"(6, 13, 19)",68.75333256077326
10599,"(37, 66, 68)",68.66408500181159
10600,"(5, 42, 69)",68.52998825847794
10601,"(18, 23, 50)",68.61867389963643
10602,"(18, 54, 65)",68.75432192987716
10603,"(2, 40, 42)",68.33840378937323
10604,"(49, 53, 72)",68.8443365607578
10605,"(24, 28, 45)",68.14432763253551
10606,"(24, 45, 60)",68.35301524848863
10607,"(11, 46, 74)",68.7089669733717
10608,"(12, 23, 31)",68.73727970696193
10609,"(1, 4, 6)",68.69766257416144
10610,"(1, 36, 54)",68.69679949717226
10611,"(0, 57, 70)",68.69291810101245
10612,"(29, 42, 56)",68.59015799875289
10613,"(14, 58, 66)",68.46186079101133
10614,"(9, 45, 68)",68.30115641017805
10615,"(18, 27, 64)",68.73031870632292
10616,"(47, 60, 72)",68.60792930272616
10617,"(51, 59, 70)",68.76220299256084
10618,"(1, 11, 17)",68.75789358906043
10619,"(10, 34, 37)",68.69426902108793
10620,"(19, 62, 71)",68.69108465161712
10621,"(9, 19, 22)",68.74980950134498
10622,"(32, 51, 69)",68.66664165831621
10623,"(13, 19, 24)",68.78326391023386
10624,"(33, 42, 58)",68.36955132876805
10625,"(43, 53, 62)",68.44104403609003
10626,"(25, 31, 50)",68.53984926693705
10627,"(10, 16, 35)",68.78668041372251
10628,"(5, 15, 31)",68.71671439789317
10629,"(16, 17, 61)",68.83924833936736
10630,"(0, 14, 74)",68.68905917779433
10631,"(56, 64, 69)",68.59457792651266
10632,"(12, 16, 19)",68.71070691051085
10633,"(12, 13, 49)",68.85486376997191
10634,"(14, 55, 67)",68.67648957254521
10635,"(27, 29, 73)",68.666142762126
10636,"(43, 50, 56)",68.54409074616203
10637,"(39, 42, 51)",68.5745679340198
10638,"(11, 22, 42)",68.65007798962785
10639,"(2, 20, 40)",68.57339619033942
10640,"(7, 39, 50)",68.76085737022757
10641,"(1, 67, 69)",68.61158977335018
10642,"(5, 44, 48)",68.56683663228868
10643,"(34, 52, 55)",68.71612304877368
10644,"(1, 2, 44)",68.43027365154579
10645,"(12, 17, 72)",68.75927571569598
10646,"(41, 54, 72)",68.73074666769743
10647,"(5, 54, 67)",68.70706709768868
10648,"(15, 33, 54)",68.78657868679777
10649,"(20, 28, 54)",68.57457008922682
10650,"(4, 44, 46)",68.45844458621654
10651,"(1, 55, 64)",68.68301490174363
10652,"(7, 36, 73)",68.81560852858262
10653,"(2, 31, 66)",68.7611466270715
10654,"(63, 71, 72)",68.7416051338358
10655,"(13, 46, 59)",68.82804009434209
10656,"(18, 23, 61)",68.7317697559622
10657,"(17, 26, 60)",68.84597603540954
10658,"(25, 28, 31)",68.51869999953857
10659,"(13, 16, 70)",68.82878388981507
10660,"(10, 14, 31)",68.79088357120924
10661,"(19, 45, 55)",68.34201701261532
10662,"(50, 58, 68)",68.47299247977594
10663,"(19, 60, 73)",68.79682138689039
10664,"(3, 26, 64)",68.50843548509741
10665,"(24, 28, 42)",68.40841359800962
10666,"(36, 37, 57)",68.73612557076368
10667,"(63, 66, 68)",68.61834747288297
10668,"(2, 6, 18)",68.66169032652635
10669,"(44, 45, 71)",68.01260129375393
10670,"(56, 62, 70)",68.6320879400981
10671,"(44, 68, 74)",68.50691357903791
10672,"(36, 56, 57)",68.6854340271544
10673,"(24, 32, 70)",68.64364805777181
10674,"(13, 42, 52)",68.59645134900552
10675,"(16, 49, 59)",68.88279998324005
10676,"(11, 24, 28)",68.5394010296009
10677,"(55, 60, 64)",68.71192510833892
10678,"(42, 54, 60)",68.72396717223297
10679,"(26, 55, 69)",68.6302134396378
10680,"(6, 11, 72)",68.64474237907346
10681,"(4, 9, 52)",68.77385395200236
10682,"(8, 37, 45)",68.2009184943478
10683,"(7, 43, 47)",68.57368099226005
10684,"(7, 12, 35)",68.68071248051393
10685,"(37, 45, 66)",68.30990438001598
10686,"(29, 32, 40)",68.4477426078354
10687,"(12, 43, 54)",68.58987060974981
10688,"(18, 29, 31)",68.75890254807133
10689,"(6, 18, 22)",68.67371783449853
10690,"(25, 63, 73)",68.45158406011187
10691,"(30, 54, 56)",68.4665587225467
10692,"(16, 27, 32)",68.6734233513272
10693,"(31, 33, 70)",68.74928807702535
10694,"(17, 30, 51)",68.68697644074612
10695,"(58, 69, 73)",68.45055258371112
10696,"(10, 26, 50)",68.62355892129266
10697,"(21, 51, 70)",68.79949763759345
10698,"(34, 36, 41)",68.74216939320401
10699,"(41, 44, 73)",68.3810336289802
10700,"(3, 40, 53)",68.28848064459933
10701,"(12, 28, 49)",68.58623486127095
10702,"(38, 49, 69)",68.7574324719922
10703,"(6, 17, 37)",68.75208682478235
10704,"(63, 68, 72)",68.73623650309028
10705,"(25, 35, 61)",68.52289247708609
10706,"(6, 38, 42)",68.44283884986567
10707,"(34, 49, 69)",68.82840802841234
10708,"(44, 60, 66)",68.51223313571874
10709,"(55, 56, 72)",68.60873898944669
10710,"(17, 35, 50)",68.69906447784825
10711,"(18, 66, 70)",68.66400993911874
10712,"(24, 49, 50)",68.86923465031718
10713,"(34, 46, 63)",68.6341109259379
10714,"(44, 45, 69)",68.01444234871687
10715,"(4, 31, 44)",68.50629140128667
10716,"(5, 22, 45)",68.34049693721416
10717,"(1, 22, 69)",68.62071680129038
10718,"(27, 34, 38)",68.50144784222098
10719,"(24, 51, 61)",68.68622742580106
10720,"(3, 57, 60)",68.51511540437126
10721,"(62, 63, 69)",68.68346464351822
10722,"(27, 31, 53)",68.77509081293225
10723,"(4, 27, 61)",68.72848973903331
10724,"(43, 73, 74)",68.47511654913141
10725,"(26, 58, 74)",68.49247656319046
10726,"(42, 63, 68)",68.59349550408933
10727,"(53, 54, 55)",68.7269022550657
10728,"(1, 19, 31)",68.75073981572963
10729,"(8, 11, 41)",68.72482103537129
10730,"(8, 20, 28)",68.54258933424245
10731,"(3, 19, 57)",68.47369118919653
10732,"(12, 16, 64)",68.70544305326021
10733,"(28, 66, 67)",68.4761141321131
10734,"(1, 24, 71)",68.63343231452069
10735,"(10, 15, 73)",68.74478606068823
10736,"(15, 30, 35)",68.6205465188973
10737,"(13, 28, 68)",68.5421884436524
10738,"(12, 36, 46)",68.63669074525325
10739,"(9, 55, 70)",68.65541854147908
10740,"(36, 44, 54)",68.58682130813078
10741,"(13, 24, 62)",68.66904609222156
10742,"(9, 41, 56)",68.6090527277893
10743,"(11, 18, 50)",68.72633264958787
10744,"(5, 25, 27)",68.60805415436046
10745,"(5, 50, 59)",68.71922031233996
10746,"(11, 29, 67)",68.76352885440065
10747,"(35, 44, 68)",68.41147579169753
10748,"(19, 26, 70)",68.72946810698319
10749,"(10, 36, 58)",68.519000336589
10750,"(24, 38, 43)",68.45484888704223
10751,"(1, 38, 56)",68.51869010738663
10752,"(25, 42, 72)",68.4018505520646
10753,"(11, 15, 23)",68.7098199061704
10754,"(12, 28, 33)",68.58126268902394
10755,"(54, 57, 70)",68.78554006484043
10756,"(2, 38, 61)",68.63877844928857
10757,"(4, 18, 60)",68.68298634379799
10758,"(14, 20, 59)",68.72224989541633
10759,"(26, 49, 63)",68.76855998408135
10760,"(35, 56, 68)",68.64520915377767
10761,"(38, 41, 70)",68.6101558335038
10762,"(9, 20, 46)",68.57518788628954
10763,"(32, 40, 67)",68.42399732148935
10764,"(7, 42, 63)",68.70426022542023
10765,"(2, 49, 67)",68.92580438669572
10766,"(26, 51, 59)",68.66032982074857
10767,"(8, 56, 69)",68.58274118878913
10768,"(3, 39, 62)",68.37584202427503
10769,"(1, 31, 43)",68.61104425690282
10770,"(9, 25, 29)",68.5627105029597
10771,"(3, 60, 61)",68.49068526035445
10772,"(5, 23, 71)",68.70608066727554
10773,"(4, 10, 26)",68.74795161891315
10774,"(0, 17, 51)",68.7512569377658
10775,"(9, 17, 55)",68.69823452461662
10776,"(4, 7, 26)",68.77242337742697
10777,"(44, 59, 68)",68.49109811401026
10778,"(21, 27, 73)",68.68573065886122
10779,"(18, 35, 58)",68.55182808056263
10780,"(40, 60, 72)",68.4980696045723
10781,"(3, 47, 61)",68.44763095771495
10782,"(38, 44, 71)",68.35900406060634
10783,"(23, 50, 65)",68.64218294321007
10784,"(49, 52, 64)",68.89992246834684
10785,"(17, 45, 53)",68.39043558149062
10786,"(25, 34, 53)",68.53150238598985
10787,"(21, 24, 73)",68.65330864780863
10788,"(43, 50, 57)",68.5712613649462
10789,"(9, 37, 52)",68.65995620372485
10790,"(10, 39, 47)",68.56929309930348
10791,"(17, 26, 73)",68.64186646461891
10792,"(11, 32, 54)",68.77950883843783
10793,"(18, 56, 60)",68.66674229444223
10794,"(11, 22, 59)",68.69784806187627
10795,"(14, 37, 48)",68.7404396114626
10796,"(2, 22, 72)",68.6997612048186
10797,"(0, 30, 51)",68.66082077141176
10798,"(19, 36, 43)",68.54028281822875
10799,"(14, 16, 34)",68.65793082018511
10800,"(17, 52, 70)",68.78040974725602
10801,"(60, 63, 65)",68.64540386547799
10802,"(40, 41, 53)",68.56134565551847
10803,"(3, 16, 34)",68.45709683229157
10804,"(51, 60, 68)",68.7665260269077
10805,"(46, 60, 73)",68.65742410705606
10806,"(6, 33, 58)",68.46000504223888
10807,"(10, 45, 46)",68.28371817695647
10808,"(8, 40, 74)",68.44886258966339
10809,"(2, 20, 30)",68.6185482828083
10810,"(12, 55, 72)",68.63530385349928
10811,"(11, 62, 71)",68.6553882933363
10812,"(0, 40, 60)",68.46868946173755
10813,"(27, 29, 56)",68.69228506543675
10814,"(25, 39, 66)",68.42198288299791
10815,"(11, 31, 59)",68.73679634498897
10816,"(3, 23, 27)",68.52051544537959
10817,"(12, 27, 55)",68.74387594960017
10818,"(9, 33, 54)",68.79246187689102
10819,"(1, 29, 45)",68.0975975600869
10820,"(4, 39, 45)",68.24985953498447
10821,"(16, 55, 74)",68.77105740084268
10822,"(35, 38, 60)",68.5495479799423
10823,"(15, 44, 63)",68.59778885042297
10824,"(55, 63, 64)",68.69098141503675
10825,"(60, 69, 73)",68.70808974165047
10826,"(6, 8, 37)",68.59569809105174
10827,"(15, 17, 52)",68.80578319740576
10828,"(3, 37, 45)",68.2973763866349
10829,"(44, 61, 70)",68.52648984244793
10830,"(37, 40, 68)",68.49424280377188
10831,"(33, 36, 72)",68.76057299820152
10832,"(11, 51, 74)",68.77256011368408
10833,"(2, 30, 48)",68.57527867776311
10834,"(15, 20, 48)",68.75340213888578
10835,"(7, 47, 69)",68.68017445429241
10836,"(32, 53, 55)",68.76221627743226
10837,"(1, 59, 64)",68.65720820244032
10838,"(24, 32, 38)",68.52728104156694
10839,"(21, 57, 66)",68.71344531720524
10840,"(3, 46, 73)",68.46752090456516
10841,"(6, 11, 17)",68.74736998708964
10842,"(44, 64, 69)",68.53497523172342
10843,"(38, 42, 48)",68.5690003756002
10844,"(14, 27, 47)",68.64020803270367
10845,"(30, 50, 55)",68.60880358938174
10846,"(0, 25, 73)",68.49882651043374
10847,"(5, 50, 71)",68.66960636856668
10848,"(14, 28, 33)",68.63039915150691
10849,"(23, 42, 71)",68.57593080757692
10850,"(7, 20, 66)",68.65282423364502
10851,"(31, 34, 41)",68.73365321952856
10852,"(11, 43, 56)",68.43913889729082
10853,"(32, 33, 48)",68.70225360432268
10854,"(12, 22, 46)",68.62187032524453
10855,"(5, 57, 59)",68.78098472238426
10856,"(15, 66, 73)",68.65126770232281
10857,"(14, 34, 44)",68.57410313831078
10858,"(19, 49, 57)",68.85659221698201
10859,"(27, 38, 49)",68.84335388295803
10860,"(0, 51, 71)",68.70725401240765
10861,"(6, 51, 64)",68.5942363119768
10862,"(2, 9, 74)",68.79241066465649
10863,"(13, 35, 64)",68.75797113842637
10864,"(42, 58, 59)",68.42645327330692
10865,"(15, 69, 70)",68.74257583726838
10866,"(5, 69, 72)",68.67123577998161
10867,"(1, 18, 40)",68.48874262777895
10868,"(36, 52, 72)",68.5942721230065
10869,"(18, 20, 32)",68.73821034907974
10870,"(15, 69, 72)",68.77633070573029
10871,"(5, 19, 39)",68.6742929851811
10872,"(18, 45, 61)",68.2470922479008
10873,"(0, 34, 60)",68.7169747105413
10874,"(19, 23, 73)",68.66591411658446
10875,"(19, 40, 48)",68.55742485206329
10876,"(41, 48, 59)",68.6988969026715
10877,"(1, 55, 71)",68.60830848068387
10878,"(6, 20, 27)",68.62451349479943
10879,"(16, 67, 68)",68.74486626099296
10880,"(6, 12, 15)",68.68990300158327
10881,"(27, 39, 68)",68.73727038146818
10882,"(46, 68, 69)",68.65309147252485
10883,"(36, 50, 67)",68.58253066116278
10884,"(58, 66, 72)",68.52598075322949
10885,"(5, 30, 31)",68.58511524147279
10886,"(20, 32, 70)",68.74013528034546
10887,"(19, 27, 50)",68.67939082819409
10888,"(46, 57, 69)",68.71683175312636
10889,"(12, 13, 48)",68.61037817940748
10890,"(39, 59, 74)",68.72681661595958
10891,"(24, 66, 70)",68.70197876854624
10892,"(12, 20, 30)",68.55424896754407
10893,"(27, 47, 58)",68.4332884084094
10894,"(48, 50, 71)",68.6850718365388
10895,"(23, 44, 49)",68.64036903603507
10896,"(1, 58, 65)",68.45938899447525
10897,"(0, 8, 70)",68.68264368644925
10898,"(3, 10, 48)",68.50778620139687
10899,"(37, 41, 67)",68.78297998772183
10900,"(40, 44, 61)",68.29089755074295
10901,"(16, 48, 57)",68.80030097916493
10902,"(17, 28, 50)",68.54143962975023
10903,"(7, 13, 43)",68.71284421389187
10904,"(53, 61, 66)",68.77036617719978
10905,"(30, 37, 51)",68.65703254417882
10906,"(4, 28, 41)",68.5968989619902
10907,"(43, 68, 73)",68.5079074260231
10908,"(1, 18, 49)",68.77092587213902
10909,"(17, 27, 43)",68.5931029994887
10910,"(0, 8, 18)",68.70541214719151
10911,"(32, 34, 40)",68.42376787964047
10912,"(56, 61, 64)",68.65355176646528
10913,"(19, 30, 37)",68.64068741950116
10914,"(9, 23, 52)",68.69656293463035
10915,"(40, 48, 57)",68.50832873537477
10916,"(12, 43, 57)",68.63405458035572
10917,"(14, 59, 74)",68.7398094700355
10918,"(14, 29, 54)",68.78274212738961
10919,"(1, 18, 39)",68.59841963547564
10920,"(0, 28, 68)",68.4719115310471
10921,"(5, 29, 68)",68.66444489527484
10922,"(45, 49, 50)",68.4288733482802
10923,"(1, 51, 64)",68.71836903499734
10924,"(47, 63, 72)",68.54206863388993
10925,"(28, 52, 64)",68.62131365355577
10926,"(37, 63, 72)",68.75928853085232
10927,"(5, 6, 35)",68.53114843505014
10928,"(15, 34, 39)",68.69505725737235
10929,"(23, 25, 45)",68.03820424241002
10930,"(28, 53, 67)",68.58850980251304
10931,"(7, 9, 70)",68.66245288697228
10932,"(11, 27, 64)",68.8198076776054
10933,"(5, 37, 67)",68.7552621717364
10934,"(17, 58, 67)",68.60548814566452
10935,"(7, 22, 74)",68.80842047248686
10936,"(15, 55, 65)",68.6794308987768
10937,"(19, 31, 68)",68.73239872839306
10938,"(2, 27, 74)",68.83331774466998
10939,"(15, 16, 44)",68.61758213657481
10940,"(10, 24, 45)",68.38863549151506
10941,"(8, 43, 47)",68.50565069097019
10942,"(5, 25, 59)",68.57664725540282
10943,"(32, 49, 53)",69.00512089775927
10944,"(36, 38, 70)",68.62287021258898
10945,"(39, 44, 54)",68.55651842770395
10946,"(17, 66, 71)",68.70170256323765
10947,"(25, 50, 69)",68.58281196014737
10948,"(12, 25, 45)",68.11579189682831
10949,"(9, 58, 74)",68.46008031440363
10950,"(4, 13, 31)",68.73248943450413
10951,"(26, 43, 68)",68.47813532881663
10952,"(1, 29, 53)",68.71498185503255
10953,"(23, 25, 61)",68.40497730187552
10954,"(31, 45, 58)",68.23527799100069
10955,"(10, 28, 70)",68.62025521218695
10956,"(36, 37, 47)",68.63155721310015
10957,"(4, 22, 56)",68.5684588158718
10958,"(10, 47, 59)",68.58879723771241
10959,"(70, 72, 73)",68.60131697586458
10960,"(3, 32, 54)",68.51004130777321
10961,"(16, 44, 72)",68.48168142889244
10962,"(9, 36, 50)",68.83773699384584
10963,"(18, 23, 34)",68.72675944433261
10964,"(0, 3, 14)",68.56044330829884
10965,"(15, 30, 44)",68.40999687724633
10966,"(17, 20, 49)",68.89604245123157
10967,"(27, 29, 62)",68.70986187863815
10968,"(29, 62, 65)",68.70573684866154
10969,"(48, 58, 63)",68.41421248851687
10970,"(17, 43, 64)",68.61297496734822
10971,"(42, 48, 52)",68.55198220721277
10972,"(16, 20, 31)",68.73056654818122
10973,"(21, 26, 58)",68.41290464067538
10974,"(0, 50, 69)",68.75291704698046
10975,"(17, 33, 56)",68.70235934297652
10976,"(11, 57, 58)",68.55725205621088
10977,"(8, 37, 72)",68.62335685364069
10978,"(5, 47, 68)",68.65266376189165
10979,"(31, 49, 53)",68.87286806534381
10980,"(20, 60, 72)",68.72816551647188
10981,"(5, 45, 56)",68.36098213823318
10982,"(21, 31, 45)",68.39887967043633
10983,"(16, 49, 72)",68.81614920641759
10984,"(13, 58, 59)",68.67364550017042
10985,"(24, 62, 70)",68.61733703769032
10986,"(14, 25, 64)",68.49931807027282
10987,"(23, 36, 45)",68.38844764122992
10988,"(29, 30, 32)",68.56974095813368
10989,"(2, 7, 68)",68.90904317636573
10990,"(36, 46, 60)",68.70763871569984
10991,"(9, 11, 44)",68.54506990410049
10992,"(5, 44, 50)",68.49432505939214
10993,"(13, 29, 72)",68.75072243818347
10994,"(16, 18, 28)",68.50194161994325
10995,"(21, 58, 65)",68.42839197999399
10996,"(27, 44, 51)",68.64889613708158
10997,"(16, 46, 56)",68.60932165306144
10998,"(8, 28, 61)",68.54003576375172
10999,"(12, 53, 60)",68.81096774391654
11000,"(16, 21, 62)",68.56935172790276
11001,"(30, 42, 56)",68.39998758932293
11002,"(56, 59, 67)",68.56560140015188
11003,"(31, 48, 72)",68.73265492807998
11004,"(4, 55, 68)",68.756029875037
11005,"(7, 19, 66)",68.72937220373252
11006,"(3, 16, 17)",68.51453131876089
11007,"(38, 43, 59)",68.4944486674017
11008,"(16, 44, 61)",68.49512743282014
11009,"(16, 30, 47)",68.63667590646317
11010,"(34, 53, 72)",68.6987924344557
11011,"(42, 58, 72)",68.3451334490708
11012,"(11, 58, 68)",68.54102064135056
11013,"(1, 7, 35)",68.64131741143622
11014,"(7, 13, 42)",68.70683058901488
11015,"(32, 54, 56)",68.77438613235152
11016,"(27, 69, 72)",68.7242024091028
11017,"(2, 20, 64)",68.71675528665246
11018,"(8, 21, 38)",68.50605121907253
11019,"(20, 29, 34)",68.67607067473214
11020,"(9, 52, 62)",68.63441124454879
11021,"(13, 14, 43)",68.64112823206999
11022,"(0, 44, 56)",68.5290782448811
11023,"(26, 45, 60)",68.37326999705643
11024,"(11, 38, 56)",68.57443428103856
11025,"(28, 29, 32)",68.41503065241102
11026,"(42, 67, 69)",68.60852747003347
11027,"(0, 39, 45)",68.28605441009718
11028,"(22, 44, 59)",68.57289937067246
11029,"(18, 46, 58)",68.48228779942157
11030,"(11, 32, 57)",68.77766734755026
11031,"(12, 19, 51)",68.69164195445492
11032,"(14, 42, 71)",68.50002686202299
11033,"(34, 41, 55)",68.63900513312268
11034,"(28, 30, 59)",68.49672364332179
11035,"(22, 38, 68)",68.50249141922909
11036,"(2, 21, 32)",68.85754912389413
11037,"(21, 26, 72)",68.59122480243987
11038,"(4, 9, 44)",68.52420093125325
11039,"(15, 46, 63)",68.70901916555349
11040,"(23, 50, 73)",68.644512410635
11041,"(12, 24, 68)",68.72270392482935
11042,"(46, 62, 68)",68.64338497856349
11043,"(25, 48, 63)",68.49326758107765
11044,"(17, 18, 27)",68.78894570788707
11045,"(34, 37, 62)",68.66814581540048
11046,"(13, 21, 56)",68.74120231874944
11047,"(43, 55, 67)",68.53899858784544
11048,"(22, 54, 61)",68.78919593064528
11049,"(20, 35, 42)",68.50189676986422
11050,"(11, 34, 65)",68.73236536995812
11051,"(34, 38, 39)",68.5847084304234
11052,"(34, 68, 70)",68.67302508481518
11053,"(17, 36, 57)",68.8817296390046
11054,"(7, 33, 39)",68.72211422021593
11055,"(17, 18, 31)",68.79816530161384
11056,"(26, 60, 62)",68.66259849460083
11057,"(17, 18, 32)",68.72302256082318
11058,"(6, 34, 66)",68.50667199160088
11059,"(19, 38, 59)",68.7327290642574
11060,"(2, 17, 49)",68.92746241756218
11061,"(11, 19, 38)",68.69672053268577
11062,"(38, 49, 51)",68.66122735449188
11063,"(2, 6, 63)",68.64236441177466
11064,"(65, 67, 72)",68.66226355510422
11065,"(4, 27, 37)",68.7739487570812
11066,"(6, 12, 23)",68.60810182454536
11067,"(44, 59, 62)",68.5180764064959
11068,"(10, 42, 58)",68.40877431156811
11069,"(24, 62, 73)",68.59311404232902
11070,"(16, 23, 66)",68.62368945196874
11071,"(28, 55, 66)",68.52626184892375
11072,"(17, 19, 68)",68.82662237078131
11073,"(5, 11, 51)",68.81967440967685
11074,"(12, 19, 63)",68.75933881746485
11075,"(3, 21, 56)",68.42147218332741
11076,"(43, 48, 51)",68.5692539741874
11077,"(17, 32, 64)",68.73603474946947
11078,"(9, 15, 16)",68.75677041327698
11079,"(11, 39, 58)",68.6249749232653
11080,"(16, 17, 30)",68.61712455961381
11081,"(27, 43, 52)",68.66594109231117
11082,"(35, 69, 74)",68.74088611716621
11083,"(18, 41, 58)",68.53406166464652
11084,"(50, 51, 56)",68.61120330424819
11085,"(0, 3, 59)",68.59857886535009
11086,"(30, 59, 71)",68.46900571308784
11087,"(24, 32, 59)",68.63121342661445
11088,"(0, 36, 38)",68.57217901248785
11089,"(4, 22, 55)",68.71114727102056
11090,"(17, 34, 48)",68.85236980924863
11091,"(6, 9, 40)",68.4381703116362
11092,"(43, 54, 70)",68.56308875546347
11093,"(20, 29, 69)",68.75655900809328
11094,"(26, 52, 63)",68.69168130510408
11095,"(19, 33, 46)",68.76283606189696
11096,"(30, 50, 72)",68.64850823228274
11097,"(15, 47, 74)",68.65558778268297
11098,"(11, 14, 72)",68.7340295569429
11099,"(44, 53, 67)",68.5070783778107
11100,"(16, 28, 73)",68.52979854729169
11101,"(43, 54, 74)",68.54794743378636
11102,"(5, 45, 57)",68.4206304163656
11103,"(32, 34, 55)",68.82213482636506
11104,"(25, 60, 68)",68.53044801640135
11105,"(37, 51, 61)",68.77133409617119
11106,"(22, 58, 66)",68.46526444253207
11107,"(1, 14, 18)",68.62428614185909
11108,"(6, 25, 52)",68.53189441522053
11109,"(5, 19, 29)",68.65882294401116
11110,"(31, 43, 66)",68.5426998407565
11111,"(1, 2, 25)",68.46980327992269
11112,"(4, 50, 59)",68.69493644337646
11113,"(28, 44, 67)",68.3790117121778
11114,"(40, 44, 69)",68.29895398155263
11115,"(4, 16, 62)",68.65524778085005
11116,"(6, 27, 41)",68.69463909284028
11117,"(8, 12, 41)",68.59261910566438
11118,"(17, 49, 69)",68.96728891495424
11119,"(32, 72, 73)",68.66220167674335
11120,"(4, 22, 68)",68.74586687266991
11121,"(9, 48, 64)",68.60587905193725
11122,"(4, 12, 31)",68.73285771440513
11123,"(5, 16, 20)",68.7360773292976
11124,"(3, 27, 69)",68.52627781295121
11125,"(2, 22, 43)",68.73730484734251
11126,"(28, 41, 60)",68.43813145218654
11127,"(9, 53, 61)",68.61145600652299
11128,"(31, 59, 66)",68.66198989104902
11129,"(6, 33, 54)",68.70715924703997
11130,"(21, 24, 47)",68.60510506306021
11131,"(25, 32, 62)",68.45365395805678
11132,"(3, 8, 28)",68.46778983243354
11133,"(5, 37, 71)",68.70397844537119
11134,"(43, 61, 65)",68.57062307259012
11135,"(22, 42, 60)",68.60394855686727
11136,"(28, 31, 58)",68.33101376932899
11137,"(1, 63, 71)",68.64012105344848
11138,"(10, 23, 36)",68.73193675836966
11139,"(0, 46, 50)",68.62736002811195
11140,"(18, 28, 68)",68.61983028801762
11141,"(22, 36, 67)",68.73973109425818
11142,"(14, 59, 67)",68.76019761692686
11143,"(12, 36, 38)",68.61082330273771
11144,"(6, 12, 43)",68.45882815612885
11145,"(21, 49, 72)",68.80750206296436
11146,"(15, 53, 66)",68.71957742298652
11147,"(18, 31, 50)",68.77251779409167
11148,"(37, 42, 57)",68.67572956765443
11149,"(3, 45, 59)",68.24445049485372
11150,"(0, 34, 72)",68.64980857325405
11151,"(3, 54, 72)",68.51971310932812
11152,"(8, 44, 50)",68.44285319662002
11153,"(28, 41, 64)",68.49202985956435
11154,"(6, 8, 34)",68.50932297289914
11155,"(9, 47, 60)",68.5748737277806
11156,"(20, 50, 71)",68.72079225647677
11157,"(25, 59, 67)",68.53522314421731
11158,"(31, 52, 67)",68.76293942242322
11159,"(58, 64, 67)",68.54258612944652
11160,"(30, 41, 70)",68.59312987624003
11161,"(5, 19, 73)",68.66381874588079
11162,"(41, 45, 73)",68.25518921348734
11163,"(16, 40, 66)",68.40701710216345
11164,"(3, 69, 72)",68.43398033763243
11165,"(43, 45, 69)",68.17063807835596
11166,"(3, 14, 58)",68.30747599169385
11167,"(10, 47, 60)",68.62642670638068
11168,"(28, 38, 71)",68.3010297801965
11169,"(15, 16, 46)",68.76674217864054
11170,"(56, 66, 70)",68.5525425622055
11171,"(52, 58, 60)",68.44269308889591
11172,"(14, 47, 59)",68.66960780511293
11173,"(1, 49, 71)",68.77804916531312
11174,"(19, 63, 68)",68.77108121964064
11175,"(28, 30, 55)",68.58912026732898
11176,"(39, 40, 67)",68.43445470480584
11177,"(13, 21, 52)",68.81966048382633
11178,"(12, 30, 49)",68.58456747463052
11179,"(6, 27, 28)",68.44254021407843
11180,"(55, 66, 69)",68.61316681321848
11181,"(4, 50, 72)",68.69364637870189
11182,"(3, 8, 34)",68.49721867662167
11183,"(6, 37, 73)",68.64346540660301
11184,"(22, 43, 73)",68.44499964531767
11185,"(4, 29, 33)",68.79862928942143
11186,"(3, 45, 51)",68.20941818615242
11187,"(7, 35, 56)",68.62981844599673
11188,"(5, 26, 60)",68.70495654885748
11189,"(23, 31, 54)",68.78142413767
11190,"(47, 48, 63)",68.56378582994154
11191,"(3, 23, 45)",68.21133769626557
11192,"(8, 21, 39)",68.69431637968721
11193,"(5, 40, 43)",68.31937728778242
11194,"(17, 36, 43)",68.71129672891867
11195,"(34, 45, 53)",68.36409392936838
11196,"(5, 6, 50)",68.60021116715946
11197,"(21, 29, 47)",68.59476542367172
11198,"(21, 45, 60)",68.32580703961388
11199,"(16, 22, 51)",68.80545437450543
11200,"(1, 9, 12)",68.70171646094059
11201,"(20, 24, 27)",68.6980676163629
11202,"(24, 31, 66)",68.65862804098994
11203,"(24, 26, 45)",68.43266470773844
11204,"(17, 56, 60)",68.67999919548946
11205,"(38, 50, 59)",68.50694063680581
11206,"(4, 20, 38)",68.57479224366745
11207,"(0, 18, 65)",68.73149451303857
11208,"(3, 20, 51)",68.40897522176645
11209,"(27, 56, 71)",68.62578922897951
11210,"(14, 30, 70)",68.56464949778807
11211,"(10, 17, 58)",68.60891500813995
11212,"(35, 37, 59)",68.71857975211417
11213,"(26, 33, 62)",68.63359710422507
11214,"(28, 43, 49)",68.54553003863707
11215,"(8, 17, 67)",68.74434568176208
11216,"(29, 42, 53)",68.67239872868025
11217,"(7, 13, 16)",68.86809814460541
11218,"(11, 36, 58)",68.56240576434352
11219,"(42, 45, 65)",68.25670341343718
11220,"(26, 69, 70)",68.59563227068584
11221,"(18, 40, 48)",68.40299352516624
11222,"(24, 30, 31)",68.61846457024743
11223,"(1, 3, 5)",68.42451590470877
11224,"(17, 68, 74)",68.8113440071174
11225,"(10, 15, 48)",68.77016009158096
11226,"(31, 55, 63)",68.81907924286288
11227,"(43, 53, 72)",68.53567797269793
11228,"(44, 55, 68)",68.57308220603726
11229,"(13, 30, 61)",68.68490287935931
11230,"(1, 21, 54)",68.77296415190885
11231,"(35, 44, 61)",68.42178524067293
11232,"(13, 17, 21)",68.79353871575968
11233,"(9, 39, 64)",68.59721121467923
11234,"(3, 44, 51)",68.39331840559092
11235,"(0, 31, 70)",68.79474161175938
11236,"(27, 51, 73)",68.79264243694351
11237,"(1, 2, 36)",68.71815681658744
11238,"(2, 54, 68)",68.83043164354802
11239,"(44, 56, 73)",68.47950265785934
11240,"(29, 38, 61)",68.60750929799397
11241,"(21, 37, 72)",68.70566585414124
11242,"(24, 33, 39)",68.67295800499194
11243,"(19, 23, 65)",68.65170897689357
11244,"(7, 18, 74)",68.77069771436351
11245,"(23, 39, 65)",68.79403193047577
11246,"(31, 45, 74)",68.42773130342799
11247,"(8, 50, 60)",68.58751302138899
11248,"(6, 43, 59)",68.52782618941004
11249,"(30, 69, 71)",68.50513796037119
11250,"(22, 33, 49)",68.8447094807507
11251,"(2, 49, 50)",68.79822022425962
11252,"(63, 70, 73)",68.68139412352805
11253,"(29, 39, 44)",68.49569159522434
11254,"(24, 46, 54)",68.57920062541383
11255,"(7, 21, 55)",68.93372847722794
11256,"(19, 22, 40)",68.5645548220986
11257,"(31, 62, 71)",68.64856750439911
11258,"(12, 39, 40)",68.41766225075551
11259,"(0, 5, 64)",68.6914791007333
11260,"(12, 49, 54)",68.83525184604362
11261,"(16, 17, 54)",68.88064136076285
11262,"(36, 38, 58)",68.41048588663672
11263,"(15, 17, 62)",68.64690268246103
11264,"(25, 52, 73)",68.52471092968425
11265,"(24, 63, 73)",68.62743682089992
11266,"(35, 37, 42)",68.56767374387522
11267,"(17, 33, 70)",68.78553826313998
11268,"(14, 44, 67)",68.48586330822697
11269,"(7, 31, 73)",68.68374844472946
11270,"(6, 7, 14)",68.56984175096802
11271,"(11, 30, 35)",68.5511239608063
11272,"(15, 41, 68)",68.77225373741112
11273,"(18, 72, 74)",68.72872197650976
11274,"(1, 11, 70)",68.712083357259
11275,"(20, 30, 47)",68.47680664841208
11276,"(0, 44, 67)",68.46785315651508
11277,"(9, 32, 47)",68.68668955060292
11278,"(28, 66, 69)",68.49658477679414
11279,"(35, 63, 67)",68.64018437608651
11280,"(14, 40, 49)",68.61621130596849
11281,"(35, 36, 51)",68.76851222949382
11282,"(22, 41, 73)",68.5083511850683
11283,"(5, 68, 71)",68.68463505145081
11284,"(28, 58, 70)",68.35926135540734
11285,"(3, 37, 66)",68.5103081918378
11286,"(7, 10, 69)",68.82920306321658
11287,"(40, 48, 49)",68.50677519263233
11288,"(16, 43, 71)",68.52408552040055
11289,"(7, 15, 48)",68.72289283098134
11290,"(16, 47, 53)",68.6821659263764
11291,"(24, 67, 72)",68.66265807348096
11292,"(1, 13, 26)",68.77463525940522
11293,"(4, 9, 33)",68.77418571358918
11294,"(49, 60, 66)",68.75047912508171
11295,"(35, 73, 74)",68.6506660469012
11296,"(32, 51, 56)",68.75020567016598
11297,"(46, 66, 67)",68.55076621423792
11298,"(0, 34, 39)",68.64789066058616
11299,"(24, 25, 74)",68.55269166110214
11300,"(18, 39, 41)",68.71405220217625
11301,"(11, 26, 45)",68.295108862721
11302,"(57, 59, 70)",68.7897153999794
11303,"(3, 14, 41)",68.48566062710414
11304,"(22, 56, 58)",68.38575502295895
11305,"(9, 17, 60)",68.61830956958423
11306,"(8, 16, 51)",68.64132963652816
11307,"(23, 48, 67)",68.78021450966318
11308,"(19, 57, 63)",68.79446234037779
11309,"(1, 14, 35)",68.62501179447331
11310,"(1, 34, 74)",68.67420966115046
11311,"(15, 16, 72)",68.75935147680225
11312,"(15, 31, 73)",68.6906266639539
11313,"(44, 47, 60)",68.44243178924161
11314,"(31, 65, 69)",68.77426414705891
11315,"(3, 39, 48)",68.41892212393236
11316,"(0, 28, 36)",68.5220382286049
11317,"(7, 29, 53)",68.88957863300266
11318,"(9, 14, 74)",68.65400804979635
11319,"(14, 16, 31)",68.81143161401909
11320,"(1, 21, 49)",68.7995863877845
11321,"(8, 34, 38)",68.48975566162238
11322,"(11, 50, 54)",68.75058474985947
11323,"(54, 57, 66)",68.76352610074015
11324,"(9, 11, 21)",68.67195894673358
11325,"(20, 29, 68)",68.71161091853686
11326,"(14, 19, 22)",68.77157348564758
11327,"(8, 26, 49)",68.67690369984683
11328,"(7, 22, 28)",68.66663883385192
11329,"(29, 58, 59)",68.58150253125932
11330,"(2, 47, 60)",68.75500949664156
11331,"(1, 43, 57)",68.58410714287174
11332,"(24, 53, 63)",68.76600864476056
11333,"(24, 30, 41)",68.59928862977547
11334,"(18, 63, 74)",68.76400811256416
11335,"(28, 59, 72)",68.56461906359476
11336,"(50, 58, 70)",68.47113010744887
11337,"(9, 42, 59)",68.58596425922721
11338,"(49, 51, 57)",68.80945538365839
11339,"(23, 38, 73)",68.46576551048013
11340,"(6, 24, 30)",68.52640382733135
11341,"(18, 37, 45)",68.36311705810162
11342,"(24, 39, 70)",68.72996704445896
11343,"(5, 29, 42)",68.61687890652182
11344,"(1, 46, 57)",68.66860043526543
11345,"(42, 63, 69)",68.54575707878425
11346,"(41, 64, 70)",68.76243030725934
11347,"(10, 14, 23)",68.77393475711962
11348,"(19, 22, 42)",68.64652822086839
11349,"(40, 42, 61)",68.38894692839605
11350,"(24, 28, 49)",68.62874814715678
11351,"(10, 14, 15)",68.8059115065397
11352,"(14, 15, 59)",68.72824468470931
11353,"(41, 51, 73)",68.71392467394821
11354,"(12, 35, 37)",68.74493996648998
11355,"(6, 21, 42)",68.45590195635909
11356,"(50, 55, 62)",68.66448364898427
11357,"(13, 21, 64)",68.71992574402212
11358,"(34, 51, 53)",68.84442159288133
11359,"(53, 63, 69)",68.73677818512932
11360,"(9, 31, 64)",68.68370277930251
11361,"(9, 17, 73)",68.55462294589951
11362,"(36, 41, 65)",68.61895215309757
11363,"(24, 29, 39)",68.73041352719882
11364,"(9, 37, 48)",68.61123246343588
11365,"(27, 53, 73)",68.74747173864884
11366,"(16, 46, 48)",68.68098186962366
11367,"(14, 24, 63)",68.70789800189633
11368,"(26, 38, 55)",68.63657211023563
11369,"(18, 29, 69)",68.81323226039481
11370,"(31, 43, 49)",68.62417755056698
11371,"(24, 71, 74)",68.73753723134175
11372,"(19, 30, 41)",68.59936502469584
11373,"(0, 24, 31)",68.68098643112062
11374,"(9, 31, 48)",68.61293423411135
11375,"(33, 37, 53)",68.72128794260405
11376,"(3, 21, 43)",68.45247509451906
11377,"(2, 33, 34)",68.81022420450178
11378,"(0, 8, 24)",68.73177439160054
11379,"(17, 35, 73)",68.59288113996175
11380,"(20, 51, 64)",68.72927182113983
11381,"(27, 55, 61)",68.77698036751056
11382,"(50, 52, 68)",68.66540281372792
11383,"(52, 56, 67)",68.5783595934615
11384,"(3, 36, 73)",68.42194440131301
11385,"(22, 34, 60)",68.60435516907683
11386,"(53, 61, 68)",68.81807781936294
11387,"(15, 19, 36)",68.80892269507765
11388,"(7, 13, 46)",68.67689946180671
11389,"(6, 38, 55)",68.52848212626112
11390,"(9, 10, 28)",68.50614188166189
11391,"(23, 38, 56)",68.50655457389668
11392,"(7, 24, 30)",68.61802619152691
11393,"(11, 63, 64)",68.69768202314856
11394,"(0, 29, 61)",68.75778838175829
11395,"(34, 67, 68)",68.66794423168525
11396,"(4, 26, 35)",68.70399741802262
11397,"(20, 28, 63)",68.54035085896066
11398,"(35, 38, 62)",68.45611799976209
11399,"(21, 26, 34)",68.62899285918692
11400,"(13, 19, 64)",68.75631135177713
11401,"(17, 34, 38)",68.46981679567199
11402,"(19, 61, 74)",68.83991986741604
11403,"(8, 12, 36)",68.61474997954488
11404,"(6, 15, 26)",68.70291121792033
11405,"(18, 21, 64)",68.72737667796358
11406,"(4, 31, 34)",68.72332318650405
11407,"(35, 54, 55)",68.74784953629394
11408,"(16, 44, 67)",68.48408438315572
11409,"(6, 36, 72)",68.74317998628759
11410,"(18, 44, 58)",68.38748049478038
11411,"(36, 42, 73)",68.42899138150155
11412,"(3, 43, 51)",68.42668544132692
11413,"(21, 68, 70)",68.72241512841913
11414,"(8, 29, 35)",68.61763580730138
11415,"(11, 23, 41)",68.77894699186943
11416,"(10, 51, 69)",68.70165925117682
11417,"(27, 39, 50)",68.61281511886395
11418,"(35, 51, 70)",68.74979900697062
11419,"(8, 17, 42)",68.48552348021559
11420,"(0, 31, 39)",68.69712511095203
11421,"(22, 37, 53)",68.70523076469055
11422,"(38, 62, 69)",68.50504616196082
11423,"(21, 63, 72)",68.64143859629436
11424,"(31, 52, 72)",68.76766105413263
11425,"(9, 22, 41)",68.64919399073725
11426,"(27, 59, 67)",68.746354939448
11427,"(10, 33, 48)",68.75969946031961
11428,"(1, 31, 69)",68.70714339964887
11429,"(7, 17, 70)",68.75215540660588
11430,"(67, 71, 73)",68.61224053447394
11431,"(8, 69, 73)",68.73008487100232
11432,"(36, 55, 62)",68.6142559377176
11433,"(3, 35, 72)",68.38081849382533
11434,"(19, 48, 59)",68.77940558397093
11435,"(25, 48, 57)",68.56741960753826
11436,"(14, 29, 36)",68.76117409131693
11437,"(4, 34, 38)",68.63423620134579
11438,"(7, 36, 42)",68.67289177255077
11439,"(39, 45, 61)",68.4126347030831
11440,"(4, 46, 63)",68.66018905952717
11441,"(16, 39, 57)",68.74968399702448
11442,"(27, 45, 64)",68.41267532381458
11443,"(2, 32, 61)",68.76557738881554
11444,"(15, 30, 41)",68.57240283136683
11445,"(8, 12, 43)",68.55474011055712
11446,"(2, 29, 48)",68.79476381431343
11447,"(34, 54, 69)",68.70298826082123
11448,"(19, 31, 53)",68.75490865433763
11449,"(13, 30, 50)",68.6113111646245
11450,"(3, 6, 56)",68.42191234889104
11451,"(32, 36, 72)",68.64661309058071
11452,"(20, 28, 34)",68.49637862569894
11453,"(30, 54, 69)",68.66672949732208
11454,"(1, 2, 59)",68.64640773463756
11455,"(13, 22, 44)",68.64417857405394
11456,"(26, 50, 74)",68.65847796047498
11457,"(20, 22, 29)",68.7016523294641
11458,"(31, 47, 73)",68.5198010102277
11459,"(17, 54, 71)",68.82082525203728
11460,"(23, 34, 52)",68.76354653995703
11461,"(49, 64, 69)",68.88726424099342
11462,"(34, 38, 58)",68.39987503597492
11463,"(12, 47, 48)",68.60219626382603
11464,"(16, 28, 38)",68.41186291314771
11465,"(2, 7, 63)",68.82748167699062
11466,"(11, 40, 41)",68.4823763000999
11467,"(8, 9, 10)",68.60175038166479
11468,"(22, 42, 50)",68.4163743756707
11469,"(66, 67, 68)",68.6608841189232
11470,"(28, 52, 72)",68.60391239119383
11471,"(41, 58, 66)",68.49121558514751
11472,"(10, 13, 18)",68.81181721949343
11473,"(24, 51, 59)",68.73974114078017
11474,"(6, 30, 49)",68.71342549286564
11475,"(15, 55, 66)",68.60041511500923
11476,"(30, 37, 43)",68.48455601754215
11477,"(7, 8, 47)",68.63165855358717
11478,"(7, 16, 18)",68.77468001733062
11479,"(31, 60, 67)",68.73658669290073
11480,"(0, 14, 31)",68.69370177356646
11481,"(9, 18, 52)",68.65665027659269
11482,"(10, 31, 71)",68.68540125459128
11483,"(18, 53, 59)",68.73293147350867
11484,"(32, 61, 73)",68.61391024040867
11485,"(2, 48, 70)",68.79883827977551
11486,"(14, 22, 64)",68.69732283575095
11487,"(16, 46, 66)",68.59603669753811
11488,"(17, 39, 69)",68.76530956766636
11489,"(17, 37, 66)",68.72472657354244
11490,"(30, 41, 67)",68.60940800783825
11491,"(26, 67, 74)",68.57516369017712
11492,"(17, 36, 69)",68.78910225419645
11493,"(40, 60, 67)",68.47286839617827
11494,"(19, 37, 51)",68.80849654528977
11495,"(13, 40, 69)",68.45859698289952
11496,"(39, 67, 73)",68.64597008409835
11497,"(14, 22, 67)",68.7452296246517
11498,"(11, 17, 30)",68.56539626247364
11499,"(3, 58, 68)",68.25653974664331
11500,"(12, 33, 42)",68.56826586128719
11501,"(6, 17, 40)",68.37542136922417
11502,"(28, 46, 63)",68.52617323242724
11503,"(13, 49, 58)",68.61820613292376
11504,"(45, 56, 64)",68.29915852679736
11505,"(40, 46, 55)",68.404874593386
11506,"(3, 40, 73)",68.19182503589668
11507,"(7, 23, 55)",68.82806204803023
11508,"(4, 19, 66)",68.73444683360516
11509,"(24, 34, 70)",68.78693205685474
11510,"(3, 9, 73)",68.34621526673736
11511,"(14, 23, 29)",68.73864050454598
11512,"(9, 26, 40)",68.45369735725552
11513,"(33, 40, 57)",68.51250529637024
11514,"(44, 51, 62)",68.57322742539715
11515,"(45, 58, 66)",68.11551021812281
11516,"(39, 48, 62)",68.63370218727702
11517,"(0, 33, 56)",68.66972269204157
11518,"(23, 25, 56)",68.29739559066444
11519,"(11, 33, 74)",68.78343212577043
11520,"(22, 33, 58)",68.53108245173264
11521,"(17, 39, 73)",68.72054873464187
11522,"(53, 58, 71)",68.45884796953187
11523,"(25, 45, 49)",68.13806486699006
11524,"(9, 37, 39)",68.6226670119325
11525,"(15, 32, 46)",68.75036021191997
11526,"(6, 59, 66)",68.64024661820713
11527,"(11, 27, 44)",68.59806596636287
11528,"(11, 12, 41)",68.6758231763443
11529,"(32, 35, 60)",68.71352769380866
11530,"(6, 28, 58)",68.23521197505767
11531,"(29, 43, 58)",68.36858032836975
11532,"(10, 32, 74)",68.73916216494025
11533,"(9, 11, 29)",68.64926116512193
11534,"(28, 34, 57)",68.59256519151364
11535,"(26, 36, 54)",68.858283548554
11536,"(1, 13, 72)",68.64790685573998
11537,"(8, 65, 72)",68.66790697665277
11538,"(3, 8, 9)",68.54165581840064
11539,"(16, 47, 66)",68.55434260520835
11540,"(2, 52, 57)",68.88100775882762
11541,"(22, 39, 69)",68.68149855785808
11542,"(41, 47, 48)",68.62110672445878
11543,"(25, 35, 63)",68.40432241746713
11544,"(21, 31, 35)",68.71425928636104
11545,"(15, 18, 61)",68.73012161359239
11546,"(15, 30, 63)",68.59749687430636
11547,"(23, 57, 64)",68.83020838727664
11548,"(2, 33, 57)",68.88025380851892
11549,"(6, 49, 73)",68.79050673050925
11550,"(24, 29, 58)",68.50288057216201
11551,"(7, 8, 33)",68.76159655383384
11552,"(19, 54, 58)",68.47530578890834
11553,"(50, 52, 63)",68.642830821864
11554,"(17, 50, 61)",68.71876411196726
11555,"(54, 59, 64)",68.83329997374643
11556,"(23, 38, 61)",68.52804842466605
11557,"(8, 43, 50)",68.47201754397214
11558,"(4, 18, 62)",68.66204073898213
11559,"(9, 54, 66)",68.62144336811077
11560,"(6, 23, 29)",68.59657516669515
11561,"(20, 44, 54)",68.53985483810409
11562,"(40, 59, 71)",68.41991353515431
11563,"(0, 38, 71)",68.56498896837105
11564,"(12, 30, 66)",68.52679653347391
11565,"(37, 40, 53)",68.51677274037013
11566,"(7, 57, 69)",68.82885025549396
11567,"(8, 18, 56)",68.59856847085689
11568,"(24, 30, 60)",68.58248611367465
11569,"(40, 64, 68)",68.45187883747592
11570,"(4, 22, 35)",68.74035894133661
11571,"(7, 40, 56)",68.41901874031902
11572,"(1, 33, 64)",68.59897242407831
11573,"(7, 44, 62)",68.48760917736837
11574,"(31, 68, 72)",68.7226076648565
11575,"(12, 32, 72)",68.70030049229715
11576,"(7, 25, 53)",68.60340360065602
11577,"(17, 51, 60)",68.79093418534666
11578,"(32, 33, 36)",68.71540035001746
11579,"(51, 60, 74)",68.7614810750649
11580,"(24, 33, 52)",68.77658838892842
11581,"(8, 15, 33)",68.72855384344196
11582,"(8, 21, 25)",68.56932673086705
11583,"(26, 31, 44)",68.50944625738633
11584,"(5, 19, 27)",68.73306501497854
11585,"(9, 16, 70)",68.6561418161763
11586,"(8, 53, 56)",68.64923480585023
11587,"(45, 47, 69)",68.10824676649007
11588,"(20, 27, 69)",68.73460352935916
11589,"(24, 30, 44)",68.43455057460088
11590,"(3, 25, 51)",68.42791177266336
11591,"(17, 31, 58)",68.60335707578207
11592,"(23, 67, 73)",68.72643876310835
11593,"(26, 29, 32)",68.58443073303991
11594,"(12, 33, 66)",68.59687223218434
11595,"(7, 38, 48)",68.70174921195894
11596,"(19, 23, 57)",68.79901081254242
11597,"(6, 23, 47)",68.50339974180831
11598,"(5, 54, 57)",68.76601262995553
11599,"(5, 13, 22)",68.75807908600645
11600,"(12, 20, 64)",68.75281631007442
11601,"(15, 38, 54)",68.62916414022625
11602,"(31, 46, 57)",68.75520391592079
11603,"(6, 38, 69)",68.51435139648966
11604,"(32, 48, 55)",68.68128535950342
11605,"(14, 46, 58)",68.43851318824747
11606,"(20, 31, 38)",68.59252175678225
11607,"(9, 43, 67)",68.5226877954531
11608,"(4, 5, 39)",68.75288319387006
11609,"(38, 62, 72)",68.48918257718067
11610,"(13, 39, 74)",68.74288517811092
11611,"(22, 28, 32)",68.4790581733963
11612,"(5, 33, 65)",68.71359636348109
11613,"(17, 39, 62)",68.66492931605703
11614,"(5, 31, 70)",68.70410973601633
11615,"(2, 42, 58)",68.43506221527853
11616,"(25, 60, 61)",68.5758361032297
11617,"(18, 19, 43)",68.62507026628923
11618,"(26, 39, 46)",68.72435911716053
11619,"(25, 33, 48)",68.56278235113496
11620,"(11, 14, 51)",68.81612708550387
11621,"(18, 53, 63)",68.79054486814493
11622,"(13, 44, 63)",68.43161052512664
11623,"(58, 65, 69)",68.57824919572573
11624,"(23, 37, 57)",68.80673244196988
11625,"(35, 48, 58)",68.40180646709696
11626,"(16, 23, 68)",68.69391871900743
11627,"(39, 44, 60)",68.57803277859003
11628,"(4, 48, 56)",68.7073628761545
11629,"(3, 9, 39)",68.4621700685148
11630,"(16, 22, 29)",68.78433504928174
11631,"(17, 47, 67)",68.66404354015832
11632,"(4, 12, 66)",68.71201949278284
11633,"(6, 24, 60)",68.60009160582293
11634,"(21, 28, 55)",68.62424355337858
11635,"(5, 13, 71)",68.77135018651398
11636,"(12, 24, 49)",68.78577107402576
11637,"(18, 51, 53)",68.737723423488
11638,"(19, 33, 60)",68.76875494041842
11639,"(4, 23, 35)",68.6416373873874
11640,"(18, 57, 65)",68.7989815080998
11641,"(24, 45, 61)",68.3794987783686
11642,"(10, 48, 51)",68.7506463120614
11643,"(6, 12, 61)",68.62031678402445
11644,"(26, 41, 70)",68.68784527489986
11645,"(14, 27, 70)",68.72748350246344
11646,"(9, 37, 59)",68.65022578074812
11647,"(20, 27, 45)",68.31848222241052
11648,"(22, 26, 34)",68.57473243053161
11649,"(34, 53, 74)",68.7500206109187
11650,"(19, 46, 73)",68.58225284826236
11651,"(14, 54, 55)",68.79424715430223
11652,"(2, 22, 26)",68.85721178568926
11653,"(48, 51, 72)",68.68285234670037
11654,"(7, 63, 71)",68.80457466169524
11655,"(34, 50, 54)",68.6682743603138
11656,"(23, 48, 58)",68.53902551164201
11657,"(10, 47, 71)",68.5363006319919
11658,"(40, 44, 52)",68.29907870859746
11659,"(8, 12, 59)",68.6409053096099
11660,"(14, 57, 64)",68.71412245741588
11661,"(8, 21, 26)",68.63563248927579
11662,"(20, 25, 52)",68.4891518077633
11663,"(51, 53, 63)",68.75175207905272
11664,"(40, 54, 64)",68.3832659591351
11665,"(37, 44, 50)",68.61217979226487
11666,"(25, 62, 72)",68.49510672929739
11667,"(35, 59, 69)",68.71829970670564
11668,"(24, 27, 46)",68.73913029634507
11669,"(12, 16, 21)",68.72692163393175
11670,"(22, 48, 70)",68.77009018889481
11671,"(40, 49, 59)",68.67830315232962
11672,"(12, 45, 63)",68.44150042082417
11673,"(20, 28, 40)",68.3501018750394
11674,"(27, 39, 72)",68.75322442723049
11675,"(6, 17, 36)",68.74275812869402
11676,"(2, 38, 45)",68.24603679800803
11677,"(9, 12, 43)",68.57058715278892
11678,"(9, 34, 37)",68.63955387893618
11679,"(5, 8, 15)",68.7301118377505
11680,"(47, 53, 72)",68.54946982709433
11681,"(15, 49, 62)",68.8246733921767
11682,"(4, 20, 35)",68.68569289312637
11683,"(12, 56, 70)",68.68926964704849
11684,"(9, 40, 42)",68.32703223010996
11685,"(31, 32, 71)",68.69082540406322
11686,"(18, 22, 31)",68.70093733976546
11687,"(2, 52, 68)",68.80546423994251
11688,"(20, 44, 73)",68.39061169423594
11689,"(17, 45, 70)",68.30506649370778
11690,"(64, 67, 69)",68.73932547782931
11691,"(24, 30, 63)",68.52913801649773
11692,"(63, 70, 72)",68.74688263132505
11693,"(42, 57, 70)",68.69024784308098
11694,"(16, 19, 68)",68.75685278704702
11695,"(13, 33, 71)",68.70734893483463
11696,"(25, 27, 30)",68.38554241407621
11697,"(18, 19, 62)",68.70117229992242
11698,"(26, 49, 57)",68.74365514345847
11699,"(27, 40, 56)",68.42733584983041
11700,"(5, 34, 55)",68.64894015744972
11701,"(18, 37, 48)",68.7452274010043
11702,"(1, 4, 58)",68.5212159200877
11703,"(18, 43, 72)",68.37767650627036
11704,"(6, 51, 56)",68.5823051060388
11705,"(0, 18, 72)",68.69227098716824
11706,"(6, 40, 57)",68.48271031518837
11707,"(5, 27, 50)",68.61349498601379
11708,"(14, 17, 64)",68.72970145402817
11709,"(34, 47, 71)",68.56482527116697
11710,"(23, 68, 70)",68.76649389539143
11711,"(50, 60, 61)",68.80672046344873
11712,"(25, 48, 71)",68.50069082127405
11713,"(2, 37, 38)",68.6554369879739
11714,"(8, 16, 70)",68.73351842857434
11715,"(13, 54, 74)",68.81483768158179
11716,"(43, 47, 58)",68.18614230563533
11717,"(19, 27, 56)",68.60922061603289
11718,"(11, 13, 25)",68.57071551687034
11719,"(39, 45, 63)",68.31187893766352
11720,"(13, 17, 74)",68.80864991521112
11721,"(13, 34, 63)",68.70825349228443
11722,"(40, 45, 67)",68.19446503638116
11723,"(13, 40, 52)",68.54403796827977
11724,"(58, 61, 71)",68.54742935732251
11725,"(17, 59, 71)",68.77231417381125
11726,"(25, 51, 67)",68.48960481251478
11727,"(4, 14, 68)",68.74113740695287
11728,"(21, 43, 45)",67.98299650534771
11729,"(27, 36, 47)",68.63039746235458
11730,"(22, 25, 73)",68.54537129439775
11731,"(50, 61, 65)",68.73891884363798
11732,"(20, 39, 60)",68.70727701844113
11733,"(36, 42, 59)",68.56757568412537
11734,"(16, 34, 47)",68.64325066692068
11735,"(2, 12, 19)",68.870290282378
11736,"(21, 57, 67)",68.73427783361291
11737,"(10, 43, 72)",68.55224588524338
11738,"(34, 55, 70)",68.7048430258669
11739,"(7, 42, 74)",68.65841057520629
11740,"(52, 61, 71)",68.64814249430412
11741,"(24, 33, 34)",68.72247429006305
11742,"(4, 42, 53)",68.5876103325403
11743,"(20, 45, 68)",68.37847856533828
11744,"(20, 63, 65)",68.57092241328802
11745,"(0, 31, 58)",68.52492386897265
11746,"(2, 50, 52)",68.77390938606463
11747,"(19, 28, 45)",68.20492898799142
11748,"(5, 21, 47)",68.65745245527799
11749,"(5, 46, 70)",68.67844953551197
11750,"(2, 24, 41)",68.8205558883909
11751,"(58, 63, 65)",68.44147740284558
11752,"(22, 35, 65)",68.70660133807596
11753,"(1, 69, 73)",68.60091483155604
11754,"(51, 55, 62)",68.82729492028406
11755,"(0, 29, 70)",68.68910949612672
11756,"(2, 53, 66)",68.73351942298625
11757,"(24, 60, 72)",68.73268535082026
11758,"(6, 11, 41)",68.55371904071352
11759,"(5, 22, 40)",68.43671707561609
11760,"(14, 18, 34)",68.62526142571534
11761,"(13, 42, 44)",68.54731235094394
11762,"(7, 28, 59)",68.65754777851775
11763,"(4, 54, 72)",68.77269728302593
11764,"(21, 42, 68)",68.53241403136946
11765,"(53, 54, 71)",68.71120865024191
11766,"(8, 13, 45)",68.2241379104257
11767,"(0, 49, 57)",68.74518386893132
11768,"(7, 32, 35)",68.75558120313511
11769,"(6, 14, 50)",68.61611466948173
11770,"(2, 9, 36)",68.89450033506124
11771,"(14, 26, 42)",68.50609618486236
11772,"(3, 29, 50)",68.51102752898356
11773,"(4, 15, 24)",68.72514487926524
11774,"(19, 45, 73)",68.32585553761503
11775,"(5, 13, 39)",68.67822207520223
11776,"(26, 66, 69)",68.50986426035763
11777,"(11, 52, 57)",68.8433959538942
11778,"(9, 18, 42)",68.54807703818994
11779,"(15, 29, 63)",68.74413626165892
11780,"(28, 55, 57)",68.62275630097837
11781,"(27, 36, 61)",68.75863720625878
11782,"(0, 39, 74)",68.67561036961102
11783,"(22, 26, 70)",68.70057911406874
11784,"(16, 22, 65)",68.71988325469293
11785,"(3, 64, 69)",68.44091593121752
11786,"(14, 58, 70)",68.47641510468526
11787,"(23, 27, 49)",68.82451792618183
11788,"(22, 44, 48)",68.5646849308608
11789,"(42, 53, 69)",68.53985452163892
11790,"(25, 50, 72)",68.59245046206894
11791,"(44, 46, 55)",68.48513024466737
11792,"(13, 34, 73)",68.66516502993966
11793,"(27, 38, 50)",68.58535790224407
11794,"(11, 15, 32)",68.68963560452339
11795,"(3, 43, 55)",68.32642388975869
11796,"(16, 25, 38)",68.453734312085
11797,"(15, 37, 74)",68.74681928692092
11798,"(53, 59, 67)",68.7640855165712
11799,"(1, 55, 72)",68.6421932014941
11800,"(30, 45, 72)",68.22014175013467
11801,"(7, 33, 67)",68.76854564065417
11802,"(10, 26, 39)",68.78848312937912
11803,"(39, 53, 73)",68.68148605944843
11804,"(0, 21, 57)",68.72441456902065
11805,"(6, 38, 67)",68.51855945105221
11806,"(19, 23, 63)",68.74618048545591
11807,"(14, 58, 72)",68.56824274914611
11808,"(11, 25, 51)",68.61410774243394
11809,"(6, 34, 74)",68.62245173738893
11810,"(3, 25, 45)",68.09513899033223
11811,"(36, 46, 73)",68.60546323804631
11812,"(47, 61, 63)",68.60469945297102
11813,"(12, 22, 43)",68.57703781344765
11814,"(26, 42, 73)",68.49396855435106
11815,"(23, 48, 65)",68.7923146919218
11816,"(5, 14, 67)",68.61652694468125
11817,"(9, 25, 70)",68.60751547809272
11818,"(22, 37, 60)",68.68537854680622
11819,"(14, 39, 71)",68.67581041613352
11820,"(16, 22, 53)",68.78088001268875
11821,"(16, 20, 57)",68.76898676924729
11822,"(33, 38, 57)",68.65648208328746
11823,"(13, 20, 70)",68.81960128858141
11824,"(13, 24, 52)",68.83044888579194
11825,"(0, 23, 40)",68.47667138148462
11826,"(21, 55, 67)",68.66680521002408
11827,"(5, 35, 62)",68.69444261401522
11828,"(4, 31, 60)",68.74009772682945
11829,"(52, 64, 66)",68.66976392917769
11830,"(10, 15, 50)",68.70834691145988
11831,"(12, 45, 72)",68.3139314559119
11832,"(5, 31, 57)",68.78652542419417
11833,"(22, 38, 39)",68.55333291099616
11834,"(19, 43, 52)",68.74869678769372
11835,"(25, 52, 72)",68.52029353868103
11836,"(10, 29, 57)",68.83756641145376
11837,"(4, 37, 62)",68.5804924211814
11838,"(1, 3, 17)",68.52856317997428
11839,"(13, 37, 53)",68.75372074253421
11840,"(14, 31, 47)",68.61170662627009
11841,"(36, 57, 69)",68.72650559401954
11842,"(17, 52, 71)",68.76892680708183
11843,"(0, 2, 53)",68.75706558160617
11844,"(22, 27, 49)",68.62567521676645
11845,"(32, 45, 47)",68.11343350835895
11846,"(8, 43, 63)",68.59257245869203
11847,"(41, 61, 73)",68.66376966839978
11848,"(29, 33, 51)",68.78976092705517
11849,"(0, 51, 70)",68.6581426471788
11850,"(0, 41, 69)",68.71124034049743
11851,"(11, 42, 47)",68.56751584017586
11852,"(20, 27, 49)",68.82487017380828
11853,"(7, 45, 51)",68.409791126261
11854,"(24, 62, 63)",68.63453264416137
11855,"(26, 64, 70)",68.70885613407646
11856,"(22, 56, 73)",68.5347762252946
11857,"(12, 17, 47)",68.66568033987647
11858,"(0, 28, 29)",68.51732354228176
11859,"(18, 43, 69)",68.5189137427191
11860,"(13, 33, 72)",68.73151459501258
11861,"(29, 68, 73)",68.71078614885714
11862,"(6, 65, 69)",68.67701825486773
11863,"(44, 46, 71)",68.4186615361076
11864,"(13, 45, 63)",68.28665267093608
11865,"(23, 28, 33)",68.6558954228169
11866,"(36, 39, 73)",68.66366231041347
11867,"(32, 55, 62)",68.59623040045823
11868,"(24, 30, 72)",68.60134892768315
11869,"(26, 47, 63)",68.69392286140112
11870,"(9, 32, 72)",68.60347851234752
11871,"(9, 53, 71)",68.59692582931618
11872,"(19, 26, 56)",68.68938878933272
11873,"(4, 5, 52)",68.78471250404881
11874,"(34, 36, 69)",68.70307207283638
11875,"(41, 61, 70)",68.74245209118921
11876,"(32, 34, 48)",68.63521288922595
11877,"(5, 6, 25)",68.57229562569151
11878,"(38, 42, 46)",68.50213820040733
11879,"(13, 16, 52)",68.76840744310786
11880,"(17, 48, 63)",68.77902607680791
11881,"(4, 8, 62)",68.55291937301439
11882,"(51, 53, 72)",68.80563248571009
11883,"(18, 28, 38)",68.38031220920224
