6.874730479290975893e+01,6.872349735224794642e+01,6.873755149913840512e+01,6.857612169052950435e+01,6.871026988919265932e+01,6.874220295179821960e+01,6.861368947519636663e+01,6.873319212168230763e+01,6.868514139309056077e+01,6.874769014253351429e+01,6.870495578428108274e+01,6.869654257009514708e+01,6.870656079774055058e+01,6.872277924770145319e+01,6.868905917779433423e+01,6.866127753347755913e+01,6.872124688060139874e+01,6.875927789789002986e+01,6.872295563189254608e+01,6.874661335902020198e+01,6.872440871511258820e+01,6.866591445312064934e+01,6.871273918232620304e+01,6.872154090633932810e+01,6.872497292225114052e+01,6.853223853456465520e+01,6.879763794833071699e+01,6.874890689848656677e+01,6.848068478709660667e+01,6.876836041524497034e+01,6.866518917285075929e+01,6.873907848356044781e+01,6.865654322603312210e+01,6.873164685968026788e+01,6.869131141486579395e+01,6.871002368305906316e+01,6.871021078020980610e+01,6.875047208262752463e+01,6.857170825562752725e+01,6.867561036961102161e+01,6.850759672655438237e+01,6.873891020624037651e+01,6.861414420796337765e+01,6.862683576622563919e+01,6.850615306295840412e+01,6.833859282819435066e+01,6.861078430532478478e+01,6.863890544863365051e+01,6.872106439562418245e+01,6.870699326285227926e+01,6.874207459477250381e+01,6.877624935328282163e+01,6.875027116023618134e+01,6.871950363628306491e+01,6.874183646921183310e+01,6.875608692702346048e+01,6.864684279399301658e+01,6.877249250191674435e+01,6.856918651773591478e+01,6.872281298848193387e+01,6.869776931786711316e+01,6.874930603920599026e+01,6.869717950665541650e+01,6.877654948747053254e+01,6.873290850002254615e+01,6.871365543541429588e+01,6.871002852781882098e+01,6.869213419320823277e+01,6.872916753355788444e+01,6.871322177615539317e+01,6.867941603339333767e+01,6.874323711286469063e+01,6.869905189322082606e+01,6.866484591858512943e+01,6.874730479290975893e+01
6.872349735224794642e+01,6.869116740861596782e+01,6.869644718673571049e+01,6.842955677262419556e+01,6.874652419871608799e+01,6.868339138697915303e+01,6.870243827281943538e+01,6.861598006058190435e+01,6.853053888976926089e+01,6.864811008678499604e+01,6.864095515042284035e+01,6.871339309506446114e+01,6.867597513956684452e+01,6.873180174257360875e+01,6.861741072773357075e+01,6.871438114850832335e+01,6.863793708185383480e+01,6.861484266472020010e+01,6.867166166686760675e+01,6.865614391249478388e+01,6.863622984076137357e+01,6.873047389393323670e+01,6.871492885863716538e+01,6.867880267865275812e+01,6.867763917088959147e+01,6.850891598557498696e+01,6.874089563683861570e+01,6.870088484068463686e+01,6.848506362213370835e+01,6.866203575554474980e+01,6.863144167670817808e+01,6.870732049384760387e+01,6.867930659104301583e+01,6.864376565250410067e+01,6.867420966115045644e+01,6.863494195488951277e+01,6.864901735865632304e+01,6.869249409279352392e+01,6.861661593966368855e+01,6.865841211920962905e+01,6.848784584149672128e+01,6.869001350844550302e+01,6.858948380841336245e+01,6.858875124524217881e+01,6.863568421705217304e+01,6.803245993487993815e+01,6.858998311677049742e+01,6.856621701721323348e+01,6.867525300787015397e+01,6.878571098993998589e+01,6.866549847750286517e+01,6.874467791487582247e+01,6.871194742304915337e+01,6.868492861932223548e+01,6.871464158415025736e+01,6.866863600505834597e+01,6.859121636891008222e+01,6.874090107941455585e+01,6.851392962216709748e+01,6.866072918744605147e+01,6.864063778067881572e+01,6.867121101575244779e+01,6.852363737044829861e+01,6.868027609303088354e+01,6.870285792696026306e+01,6.862958348804448860e+01,6.864686601667980881e+01,6.869488603481090649e+01,6.866004353057471121e+01,6.862678524256783419e+01,6.868219599609388126e+01,6.856258083604312503e+01,6.862213512813872285e+01,6.861077168961629980e+01,6.869116740861596782e+01
6.873755149913840512e+01,6.869644718673571049e+01,6.884627041410190884e+01,6.848968052199110446e+01,6.876342297498362655e+01,6.882792570558102341e+01,6.860204435974281978e+01,6.893374709388164945e+01,6.875128225433819296e+01,6.879241066465648657e+01,6.880293294839547968e+01,6.885483863528982340e+01,6.884374332492471638e+01,6.885952734315453938e+01,6.883642288118825547e+01,6.887123837488746858e+01,6.882247099837235282e+01,6.885415522027302870e+01,6.878020033631753449e+01,6.882960367506797184e+01,6.884922461426637597e+01,6.878057736466077188e+01,6.879977591283318361e+01,6.873387505719207979e+01,6.881102982010689573e+01,6.864438480409664578e+01,6.880842850409243283e+01,6.883331774466998354e+01,6.857685477170863919e+01,6.878013634753868644e+01,6.862325061554682293e+01,6.881875709987001244e+01,6.876344206039861717e+01,6.883766767080760474e+01,6.868538067516625745e+01,6.877123736773306462e+01,6.881729048354760891e+01,6.880838080178510552e+01,6.865915242340487623e+01,6.879539480261327355e+01,6.855089243312202996e+01,6.884944990697528056e+01,6.865325332265048530e+01,6.871243820688725634e+01,6.866426147111448586e+01,6.836393334223507168e+01,6.874921998764313003e+01,6.874082567582361492e+01,6.880999950751787253e+01,6.896848834324957522e+01,6.877408830495184588e+01,6.885192427583474739e+01,6.882157651077844207e+01,6.883058759264156379e+01,6.885312430160588804e+01,6.886568520100236412e+01,6.878103725524570677e+01,6.888743242070825090e+01,6.860443728622340132e+01,6.881430054584870959e+01,6.882569935081797041e+01,6.885126682698560785e+01,6.863019562193542811e+01,6.885228230472797861e+01,6.879954095065016872e+01,6.876472488302967179e+01,6.877245368114206769e+01,6.878307675189077486e+01,6.881495006841988982e+01,6.880274782747643769e+01,6.880964525953478983e+01,6.880646044758414348e+01,6.882116944714641704e+01,6.877363483691102886e+01,6.884627041410190884e+01
6.857612169052950435e+01,6.842955677262419556e+01,6.848968052199110446e+01,6.846867834686933918e+01,6.851478536594225943e+01,6.849474023004208334e+01,6.847811047903221038e+01,6.849329724550912601e+01,6.856084184716657148e+01,6.850719644130201402e+01,6.850912683195183206e+01,6.852121954060072540e+01,6.848213172221832679e+01,6.845107667356357695e+01,6.846209948698145809e+01,6.851963029289946405e+01,6.852495793029559934e+01,6.847146419022877240e+01,6.845627354079405791e+01,6.845334785403800026e+01,6.847752722203262010e+01,6.852959524230128352e+01,6.849856202434153829e+01,6.850824060027072449e+01,6.849629394716261288e+01,6.844147926747596955e+01,6.856382105273189609e+01,6.849727154162023623e+01,6.847071276072320245e+01,6.845742390519933451e+01,6.843492546447825475e+01,6.853055889607514928e+01,6.846636617605417996e+01,6.851615837479110382e+01,6.849597553563003771e+01,6.839714693064350115e+01,6.855093102778411662e+01,6.853159945326606817e+01,6.828718403963694072e+01,6.845687107341372268e+01,6.828391163927554430e+01,6.853293711246563191e+01,6.840170114375135313e+01,6.835657282752394792e+01,6.825463509593875244e+01,6.824236703673804527e+01,6.852658532800799662e+01,6.853818656150160393e+01,6.848049146338752280e+01,6.862276524491026919e+01,6.854383565621793650e+01,6.841923903891698444e+01,6.848946699173109209e+01,6.848059427870077798e+01,6.850225870285180463e+01,6.846270746527795836e+01,6.845655138307462551e+01,6.853778876775066919e+01,6.827678615332195022e+01,6.849191544595515779e+01,6.845751750527637114e+01,6.848255569804003073e+01,6.839195533258190096e+01,6.847278679879021013e+01,6.848101193877684523e+01,6.848804189950678278e+01,6.847168090438972854e+01,6.840560378877732717e+01,6.845147245646788292e+01,6.848829665497298436e+01,6.846479889864511392e+01,6.845230863724407300e+01,6.843633001900325041e+01,6.842531963990217037e+01,6.846867834686933918e+01
6.871026988919265932e+01,6.874652419871608799e+01,6.876342297498362655e+01,6.851478536594225943e+01,6.879106026697130005e+01,6.878323493728505866e+01,6.870830516274268973e+01,6.878259540696588203e+01,6.868289768163424469e+01,6.872131503967415256e+01,6.877367199726643321e+01,6.880329616553110839e+01,6.879235286899148605e+01,6.876639023390825400e+01,6.874340183093747214e+01,6.875737236212563630e+01,6.876796091614451711e+01,6.878498375486636007e+01,6.877238183530074878e+01,6.878937969611527592e+01,6.874579923906705403e+01,6.883321672300183991e+01,6.877304616379940683e+01,6.868622978882032726e+01,6.870976763308000557e+01,6.855457731642547969e+01,6.879215298897527475e+01,6.880601627303319390e+01,6.862997570387993562e+01,6.875839529134732686e+01,6.864818704128038007e+01,6.870215409270724649e+01,6.873266289511391847e+01,6.879041236806384063e+01,6.876003170875813453e+01,6.871603044814668237e+01,6.872830494213836516e+01,6.873767155043169907e+01,6.853724755895905218e+01,6.873582044196500362e+01,6.850852412721073392e+01,6.876881328027441498e+01,6.858158221264606880e+01,6.860178913566497272e+01,6.853552228772772992e+01,6.839889809609400118e+01,6.865327824002710599e+01,6.863408335032571017e+01,6.878377857762643544e+01,6.880095881890608212e+01,6.871642827772892304e+01,6.870382031929777611e+01,6.882259081119489963e+01,6.882112067604558092e+01,6.874936184481174450e+01,6.871276613937780553e+01,6.865434733838415582e+01,6.880334870450988660e+01,6.858182383150321471e+01,6.872783053167323430e+01,6.875693509626667321e+01,6.872793133893966910e+01,6.865320339736675237e+01,6.865827754007278827e+01,6.874158696600663632e+01,6.868893266929580932e+01,6.869625859414261981e+01,6.875821712313694434e+01,6.876932992043859372e+01,6.875816766415839254e+01,6.878055189122211743e+01,6.871304129636614277e+01,6.883580699714599405e+01,6.871245895076796728e+01,6.879106026697130005e+01
6.874220295179821960e+01,6.868339138697915303e+01,6.882792570558102341e+01,6.849474023004208334e+01,6.878323493728505866e+01,6.871784485868954562e+01,6.863760985715173035e+01,6.875101355086073340e+01,6.877290275970150901e+01,6.865465666179387938e+01,6.873853140433774911e+01,6.876924245665462365e+01,6.871623403822312071e+01,6.876605115535919310e+01,6.870020152065792729e+01,6.877974903242886739e+01,6.876516103239114841e+01,6.878443513263317755e+01,6.872393571570873405e+01,6.873503836020957181e+01,6.869130888748867392e+01,6.871493341073369265e+01,6.867915256656741008e+01,6.875548224730813729e+01,6.872870983915197485e+01,6.852583992452323969e+01,6.871404170308201742e+01,6.868416035559990007e+01,6.848694114353769180e+01,6.868257964970264595e+01,6.855664242825751842e+01,6.872093409730126723e+01,6.869626463316427589e+01,6.867637124566068962e+01,6.871156814386229428e+01,6.872650963696851534e+01,6.874676588782537578e+01,6.874479247953551919e+01,6.853207766201849438e+01,6.866143008975710416e+01,6.856985077272035767e+01,6.861526345563747498e+01,6.857742443815224931e+01,6.852592842103723569e+01,6.855638709486558469e+01,6.833949367667825925e+01,6.868610082246489412e+01,6.866531219278448361e+01,6.858160636613980898e+01,6.887809587267460643e+01,6.868886584176506460e+01,6.874178071058990724e+01,6.867254600949218002e+01,6.871990710024948612e+01,6.871672220833193023e+01,6.872877329103349098e+01,6.856019748845486106e+01,6.878725269131051334e+01,6.848772739642656404e+01,6.871611619908051694e+01,6.874443950685667915e+01,6.872063032445001340e+01,6.865392025249302321e+01,6.867632250570171948e+01,6.861862806905750745e+01,6.865367734251539389e+01,6.865336072255198019e+01,6.873076689252938820e+01,6.872578539246408980e+01,6.872284066842162531e+01,6.864244446946050004e+01,6.867417654109036107e+01,6.870130558895496620e+01,6.868971471337437151e+01,6.871784485868954562e+01
6.861368947519636663e+01,6.870243827281943538e+01,6.860204435974281978e+01,6.847811047903221038e+01,6.870830516274268973e+01,6.863760985715173035e+01,6.867422431783992920e+01,6.858340777634246876e+01,6.863630137550040899e+01,6.859712879350878723e+01,6.862544221244584719e+01,6.869429005437466174e+01,6.866328257366572529e+01,6.874673185639625217e+01,6.866475099486619627e+01,6.873388898740444120e+01,6.867417461790887501e+01,6.873954235641497235e+01,6.863804353300628236e+01,6.871507538097870338e+01,6.863129872313081137e+01,6.868982300341683356e+01,6.870544634098703796e+01,6.865048145478105823e+01,6.859604267004533540e+01,6.852196616017705821e+01,6.860208022368335889e+01,6.865317767935448501e+01,6.844902895450125868e+01,6.865617756303463182e+01,6.854126264404693814e+01,6.863727176229429006e+01,6.860643904310495600e+01,6.871140078552426189e+01,6.862245173738892845e+01,6.862142386066010147e+01,6.872364399780646238e+01,6.869489215793794301e+01,6.854519170863765964e+01,6.858753102679024494e+01,6.835089052945805577e+01,6.862580847219939528e+01,6.849537551238429955e+01,6.852896638442254584e+01,6.850280381361415039e+01,6.836151418386974399e+01,6.856909237571342430e+01,6.847561468724829581e+01,6.852703646651039548e+01,6.885538118869300206e+01,6.873047562628963192e+01,6.860806119964253469e+01,6.867794967413792051e+01,6.866110861296202472e+01,6.867042114235735539e+01,6.857147788168352065e+01,6.852089941881354207e+01,6.864300810663935692e+01,6.837801694225633753e+01,6.871833063009027853e+01,6.870123993105939064e+01,6.864625297678027493e+01,6.867158474223603548e+01,6.870823999382190550e+01,6.864800101688301481e+01,6.860850223663287295e+01,6.860734034234494061e+01,6.868831125324634002e+01,6.870581239026934384e+01,6.869398883025914415e+01,6.872594352629913317e+01,6.869364635262121510e+01,6.872597385502588452e+01,6.865187271442148642e+01,6.867422431783992920e+01
6.873319212168230763e+01,6.861598006058190435e+01,6.893374709388164945e+01,6.849329724550912601e+01,6.878259540696588203e+01,6.875101355086073340e+01,6.858340777634246876e+01,6.882202721525361255e+01,6.877447090990666823e+01,6.869874556231565066e+01,6.882075352698754500e+01,6.875332152232542171e+01,6.880770066108567562e+01,6.883950492352025208e+01,6.881450769457744343e+01,6.882548096946683813e+01,6.875326546001623740e+01,6.876005062007772040e+01,6.877069771436350720e+01,6.880271401069812498e+01,6.877288265837415793e+01,6.882621240394084339e+01,6.880842047248685844e+01,6.886949033125962671e+01,6.878280192801688031e+01,6.862098677227031374e+01,6.878945533191419770e+01,6.884140372600759861e+01,6.868083636946410309e+01,6.883042983359779043e+01,6.869492303124901866e+01,6.877535051700600377e+01,6.883588975053153547e+01,6.881227007040973831e+01,6.885401611379687381e+01,6.880101749343702977e+01,6.883764465994626391e+01,6.881022900010478338e+01,6.866537339074932333e+01,6.876469186165725489e+01,6.850232334666370093e+01,6.878397318815225958e+01,6.865841057520628965e+01,6.861855356907618386e+01,6.852839907835341648e+01,6.842641837673069460e+01,6.871510132255342285e+01,6.867470387984265301e+01,6.876892615446857349e+01,6.899236863496828676e+01,6.877597586906982485e+01,6.888219756936682359e+01,6.884155518272902441e+01,6.882134671532955394e+01,6.883163084935142706e+01,6.884512865732568798e+01,6.873683623883918870e+01,6.885212172943053588e+01,6.864691512668426299e+01,6.878154483824604881e+01,6.884865715913753093e+01,6.882120755660842804e+01,6.875660265416580330e+01,6.885859570826082177e+01,6.875057394134266531e+01,6.881366444325020382e+01,6.874518301738422110e+01,6.876117733982495395e+01,6.880491815419664192e+01,6.880411059372271154e+01,6.878248515085017800e+01,6.880711598388489847e+01,6.879991109948218764e+01,6.870566896595290984e+01,6.882202721525361255e+01
6.868514139309056077e+01,6.853053888976926089e+01,6.875128225433819296e+01,6.856084184716657148e+01,6.868289768163424469e+01,6.877290275970150901e+01,6.863630137550040899e+01,6.877447090990666823e+01,6.869242042314741070e+01,6.861389318072257026e+01,6.871284810334191206e+01,6.866639902863039424e+01,6.863208919913917327e+01,6.877935787634473286e+01,6.865035626253774126e+01,6.876535638554051388e+01,6.866801948476410189e+01,6.876732714358733745e+01,6.866733138178545914e+01,6.875775520343260894e+01,6.869164166635883362e+01,6.873026048511999875e+01,6.857783222350944641e+01,6.871450467655873240e+01,6.855517487910726970e+01,6.864057168133331288e+01,6.865745733204218482e+01,6.870841580505589263e+01,6.856221722665567597e+01,6.870577362802390553e+01,6.851831716988976950e+01,6.873819364145356303e+01,6.865433716973400635e+01,6.867871976496368802e+01,6.857052261591032050e+01,6.859764071331377977e+01,6.870747762179716744e+01,6.866753101537968007e+01,6.855792262342805543e+01,6.868294705606751904e+01,6.844886258966339199e+01,6.864805173925468296e+01,6.853454859887722250e+01,6.860045863737929039e+01,6.853057125043324049e+01,6.828148067568042734e+01,6.866025080051724672e+01,6.865968695153578949e+01,6.862219881238422658e+01,6.876322759717112376e+01,6.863261670533613312e+01,6.861127859634925130e+01,6.872922893647901788e+01,6.876717213531816242e+01,6.868757527736603663e+01,6.865425917587634785e+01,6.854067953551803782e+01,6.866776776415743200e+01,6.841164246609407940e+01,6.873471496335709219e+01,6.874523462076665226e+01,6.870969894007023981e+01,6.875797659301647968e+01,6.874339512246501727e+01,6.867795303617812408e+01,6.864920188197197604e+01,6.864245744834987306e+01,6.871092846688424061e+01,6.865867951953909198e+01,6.877304541967653506e+01,6.871116923043881286e+01,6.870606373377900411e+01,6.869692977845802773e+01,6.876354082973354309e+01,6.869242042314741070e+01
6.874769014253351429e+01,6.864811008678499604e+01,6.879241066465648657e+01,6.850719644130201402e+01,6.872131503967415256e+01,6.865465666179387938e+01,6.859712879350878723e+01,6.869874556231565066e+01,6.861389318072257026e+01,6.865613996972825817e+01,6.863602844693745908e+01,6.862546503964651379e+01,6.866662535637291853e+01,6.872879825056359948e+01,6.865400804979634586e+01,6.873495213486258137e+01,6.863529521695853930e+01,6.865050502550421641e+01,6.860319077392040299e+01,6.878484507709787010e+01,6.860271526090100735e+01,6.864916489476075867e+01,6.863872792669369005e+01,6.868091229595616198e+01,6.862533694695969189e+01,6.859846146048661808e+01,6.867080175299274458e+01,6.865270629236810862e+01,6.853882837112182358e+01,6.860260103104114648e+01,6.862442574198057343e+01,6.862286825632656928e+01,6.863228197720869161e+01,6.863119414287854170e+01,6.864861351887965668e+01,6.864055447491999473e+01,6.863792381771050088e+01,6.867204309762493608e+01,6.860249266566182769e+01,6.860326729163071491e+01,6.841002554550439640e+01,6.865195677888958414e+01,6.859446359546156202e+01,6.853246186123233485e+01,6.849703733022633401e+01,6.833058328594604802e+01,6.861140493892179393e+01,6.859083665161301724e+01,6.863854342564499689e+01,6.871978729362922422e+01,6.869788129434513735e+01,6.867293344273568323e+01,6.864041891743698898e+01,6.869406991627859327e+01,6.873463134865134805e+01,6.862979494067990061e+01,6.854070164832667444e+01,6.877443322089442290e+01,6.846008031440362629e+01,6.861670809472289534e+01,6.865651185595089601e+01,6.863154884654352372e+01,6.854575187242866718e+01,6.869999686251443904e+01,6.870411072237425287e+01,6.857608162033336896e+01,6.856125314475323762e+01,6.863281110585019462e+01,6.864210067904727453e+01,6.867006153396030754e+01,6.866451495668023597e+01,6.856111096871589439e+01,6.861017912633275273e+01,6.854770796369116681e+01,6.865613996972825817e+01
6.870495578428108274e+01,6.864095515042284035e+01,6.880293294839547968e+01,6.850912683195183206e+01,6.877367199726643321e+01,6.873853140433774911e+01,6.862544221244584719e+01,6.882075352698754500e+01,6.871284810334191206e+01,6.863602844693745908e+01,6.879223847001657077e+01,6.870990916968301576e+01,6.878475591954730817e+01,6.884063923048329059e+01,6.880105872384585552e+01,6.878198394437363561e+01,6.879225788679873688e+01,6.880995163619499522e+01,6.879496204761873912e+01,6.878868253883337047e+01,6.875987156432820768e+01,6.875901058002733635e+01,6.877737142037621254e+01,6.878205072726959202e+01,6.875277253559299595e+01,6.855347495485932541e+01,6.871794877768112997e+01,6.880134591264427968e+01,6.860573518181297459e+01,6.877692699731483117e+01,6.860052560119373766e+01,6.881849181412900407e+01,6.873916216494025377e+01,6.875805231635403914e+01,6.868161639613633440e+01,6.877409180963647373e+01,6.876966279406794058e+01,6.878584071375290421e+01,6.866055947573940443e+01,6.875348998163313752e+01,6.855292301802523980e+01,6.881630480720657772e+01,6.865851038563454267e+01,6.863542845056829833e+01,6.856194893372116894e+01,6.836178469558151960e+01,6.867378813625315104e+01,6.856352059222759010e+01,6.876671334953606163e+01,6.887775632600988729e+01,6.865570195858310854e+01,6.879595273478371098e+01,6.882145033925804967e+01,6.881898902098649273e+01,6.883531090971347055e+01,6.875760280240238842e+01,6.875008181339650548e+01,6.883633325685759985e+01,6.858621772058531008e+01,6.874169579497335292e+01,6.880393893191276788e+01,6.876984949108046408e+01,6.867795382668687409e+01,6.884643282353771099e+01,6.876155955013689436e+01,6.874769045015042934e+01,6.869341930895663495e+01,6.873248485068968705e+01,6.876231304375653508e+01,6.874148800173000495e+01,6.879838216276914409e+01,6.872171920215650687e+01,6.877039573808018247e+01,6.873478361639332945e+01,6.879223847001657077e+01
6.869654257009514708e+01,6.871339309506446114e+01,6.885483863528982340e+01,6.852121954060072540e+01,6.880329616553110839e+01,6.876924245665462365e+01,6.869429005437466174e+01,6.875332152232542171e+01,6.866639902863039424e+01,6.862546503964651379e+01,6.870990916968301576e+01,6.874762702914848944e+01,6.874428734741616154e+01,6.882889969766789307e+01,6.869629292733260684e+01,6.877641511692706899e+01,6.874935345798806452e+01,6.883000074632701626e+01,6.874670038373263026e+01,6.878598185825484279e+01,6.877013029185842186e+01,6.871219178221200252e+01,6.873182623230748334e+01,6.881218765629479606e+01,6.876764417684675834e+01,6.856607188179046375e+01,6.874988557790854315e+01,6.875961486621913821e+01,6.865428534822420659e+01,6.875100439555006915e+01,6.858147421787688813e+01,6.870367344825180567e+01,6.873775603135268852e+01,6.878343212577043175e+01,6.871551274265786446e+01,6.875626160213774085e+01,6.879078472131354260e+01,6.878511237369022524e+01,6.863463003319235156e+01,6.878436720386255843e+01,6.857881897931873993e+01,6.877066843595596879e+01,6.863360771616525824e+01,6.854914662929746783e+01,6.858110378188901279e+01,6.838136282821545819e+01,6.870896697337170167e+01,6.863502116520754726e+01,6.875634425825070650e+01,6.875304991345248595e+01,6.871460562036861575e+01,6.877256011368407940e+01,6.879982617882602369e+01,6.879722172211091902e+01,6.877582667825838314e+01,6.875884324804239611e+01,6.866080272086441028e+01,6.881642594769425614e+01,6.858163504792325682e+01,6.878805654419399218e+01,6.879510183108526178e+01,6.879767919593000158e+01,6.870155314704463478e+01,6.872462813429089579e+01,6.874253617788993154e+01,6.865163585778390143e+01,6.875404510397250135e+01,6.877964907286695961e+01,6.870635644094967631e+01,6.876814746468572537e+01,6.879200194425408199e+01,6.872042217558841060e+01,6.873325586654569008e+01,6.869999073592876471e+01,6.874762702914848944e+01
6.870656079774055058e+01,6.867597513956684452e+01,6.884374332492471638e+01,6.848213172221832679e+01,6.879235286899148605e+01,6.871623403822312071e+01,6.866328257366572529e+01,6.880770066108567562e+01,6.863208919913917327e+01,6.866662535637291853e+01,6.878475591954730817e+01,6.874428734741616154e+01,6.877711502705395219e+01,6.881585547431969019e+01,6.877698208130522062e+01,6.881764711498398412e+01,6.874556099576871304e+01,6.876829370007173736e+01,6.872556375316808897e+01,6.873893554035672082e+01,6.878542079361751860e+01,6.871718823975852786e+01,6.877033245787085036e+01,6.874633232528340443e+01,6.873234640018218045e+01,6.860797553398489868e+01,6.869326128148077260e+01,6.877838472019304561e+01,6.852280711772334598e+01,6.878166749052083162e+01,6.857836483968068819e+01,6.878646250467468803e+01,6.875744532576007373e+01,6.874922156899522463e+01,6.878506788920191184e+01,6.875152517620702497e+01,6.873498453203204406e+01,6.875433183653443336e+01,6.866238252772050998e+01,6.868037364539101475e+01,6.858614470782417527e+01,6.879249164203697831e+01,6.858981789488711911e+01,6.859582850129460496e+01,6.859815647029832064e+01,6.841120424905624020e+01,6.867472759050721720e+01,6.859598690845618307e+01,6.878127231100042138e+01,6.892136219411440834e+01,6.873007373332306713e+01,6.880363768003873304e+01,6.877314986742827330e+01,6.877779712113824928e+01,6.882361638170073093e+01,6.868865689703876853e+01,6.871341861681187879e+01,6.880510819552718260e+01,6.854537469523718585e+01,6.872916108192787021e+01,6.880972122344759612e+01,6.877004605890643063e+01,6.875103066415427122e+01,6.878318021424611572e+01,6.866296767062245010e+01,6.873657787393460694e+01,6.868586616767341013e+01,6.872494453121316837e+01,6.875697763815948349e+01,6.877958316863262667e+01,6.873975047436420027e+01,6.868948768134619343e+01,6.876822996211070915e+01,6.871575837713986346e+01,6.877711502705395219e+01
6.872277924770145319e+01,6.873180174257360875e+01,6.885952734315453938e+01,6.845107667356357695e+01,6.876639023390825400e+01,6.876605115535919310e+01,6.874673185639625217e+01,6.883950492352025208e+01,6.877935787634473286e+01,6.872879825056359948e+01,6.884063923048329059e+01,6.882889969766789307e+01,6.881585547431969019e+01,6.880695117521096904e+01,6.876238856846779868e+01,6.876617287057233341e+01,6.879112208513767257e+01,6.880864991521112017e+01,6.880289689376566287e+01,6.878503389910963506e+01,6.878709513533139841e+01,6.882776802896390222e+01,6.879922762583306906e+01,6.878695938842589896e+01,6.885699445342906699e+01,6.860079691176099459e+01,6.873083988256837529e+01,6.877959754852105334e+01,6.855508345981490947e+01,6.878707125042078019e+01,6.867293554197615890e+01,6.878085295307239733e+01,6.866134158780737096e+01,6.880666062826755081e+01,6.874596728672078427e+01,6.876392640514909260e+01,6.879264835261088251e+01,6.877674097361169459e+01,6.869763818184647164e+01,6.874288517811092447e+01,6.848769555629783667e+01,6.872060024769334063e+01,6.866632654004456526e+01,6.864946670063460488e+01,6.861631728163388289e+01,6.829104375372156710e+01,6.877662267927429696e+01,6.870055499678782951e+01,6.865263065317903113e+01,6.888792596272944024e+01,6.871065333965502475e+01,6.877819706974061376e+01,6.879799657532308288e+01,6.874657950337343948e+01,6.881483768158179259e+01,6.872972481611776630e+01,6.862348930446974293e+01,6.888214880447597466e+01,6.865039581787588929e+01,6.883106802203617747e+01,6.880423710034770579e+01,6.881383022994934606e+01,6.871088910676958506e+01,6.880344295600320947e+01,6.867085741877274074e+01,6.879661755451490990e+01,6.867040213629356060e+01,6.876372788373707579e+01,6.883179345449883613e+01,6.875431115390830428e+01,6.884512522307385041e+01,6.874751939235783027e+01,6.873275171070613965e+01,6.878094521101246528e+01,6.880695117521096904e+01
6.868905917779433423e+01,6.861741072773357075e+01,6.883642288118825547e+01,6.846209948698145809e+01,6.874340183093747214e+01,6.870020152065792729e+01,6.866475099486619627e+01,6.881450769457744343e+01,6.865035626253774126e+01,6.865400804979634586e+01,6.880105872384585552e+01,6.869629292733260684e+01,6.877698208130522062e+01,6.876238856846779868e+01,6.874839390613925616e+01,6.871540429294726948e+01,6.874933829957663534e+01,6.865151609244639985e+01,6.870889538733692348e+01,6.879991484105974564e+01,6.871282129622618129e+01,6.874799632620187140e+01,6.874822426210207027e+01,6.876551744561666624e+01,6.874454889705653216e+01,6.854942368564621802e+01,6.876462242533013125e+01,6.872521895204724274e+01,6.857542358929549664e+01,6.870234274081643377e+01,6.858037150796504022e+01,6.875382645994486097e+01,6.867774038070864151e+01,6.872102266184880648e+01,6.876857948267993947e+01,6.871711560114508188e+01,6.876727932420088507e+01,6.872344665692298804e+01,6.862568569742747115e+01,6.873504143653354959e+01,6.851913126585141356e+01,6.869581836999300606e+01,6.856791815335932938e+01,6.856931254647624030e+01,6.854002758774186077e+01,6.837628440430043497e+01,6.869246319839197668e+01,6.859669769169568099e+01,6.877138439593913688e+01,6.878374066710790657e+01,6.865557507613114296e+01,6.884746634160464396e+01,6.870475725843759562e+01,6.878644025356784653e+01,6.880297130988462584e+01,6.874856279328338360e+01,6.869603429353874446e+01,6.875867712551566058e+01,6.852852240759472124e+01,6.873980947003549602e+01,6.878528729544999010e+01,6.876753135190206478e+01,6.873974676169099496e+01,6.877175520915706386e+01,6.872087789809673097e+01,6.870060141282648658e+01,6.867792744780979319e+01,6.868955331555289945e+01,6.870893351970292429e+01,6.877113147431471418e+01,6.869144722980746565e+01,6.871132285025943531e+01,6.878338218710737806e+01,6.869194867074664046e+01,6.874839390613925616e+01
6.866127753347755913e+01,6.871438114850832335e+01,6.887123837488746858e+01,6.851963029289946405e+01,6.875737236212563630e+01,6.877974903242886739e+01,6.873388898740444120e+01,6.882548096946683813e+01,6.876535638554051388e+01,6.873495213486258137e+01,6.878198394437363561e+01,6.877641511692706899e+01,6.881764711498398412e+01,6.876617287057233341e+01,6.871540429294726948e+01,6.878952478708939111e+01,6.881387819282448959e+01,6.876501322137404770e+01,6.873791569183484285e+01,6.879222411760625278e+01,6.874391596814474781e+01,6.882002596327620836e+01,6.874380928940365720e+01,6.877842231127127093e+01,6.877590242311737256e+01,6.862652425071766515e+01,6.877303538328732202e+01,6.875727926399231649e+01,6.857674294601234521e+01,6.879375433160370790e+01,6.857373265750385372e+01,6.875202773950599067e+01,6.872492104817830239e+01,6.876659679492873067e+01,6.869243422276920796e+01,6.872286255077484896e+01,6.880099534214426171e+01,6.874681928692092470e+01,6.860075881540389275e+01,6.876849010695461573e+01,6.850953398950586859e+01,6.877580721180500234e+01,6.862901070300173956e+01,6.862535616922235704e+01,6.861237390687887228e+01,6.840947846197022386e+01,6.872741149039518405e+01,6.865558778268297146e+01,6.876184232048680656e+01,6.888878613490031455e+01,6.873686514672607473e+01,6.881530512620810214e+01,6.878463179504230141e+01,6.879619316177486610e+01,6.879318267145991683e+01,6.876508769247772079e+01,6.866962482355567943e+01,6.882252335010666400e+01,6.856915466888111155e+01,6.880446136446623484e+01,6.883436663074763828e+01,6.880155111125073120e+01,6.864256256660119959e+01,6.881807434022304903e+01,6.875250062317631716e+01,6.873219281998539998e+01,6.869681512490213038e+01,6.871760012243063898e+01,6.877979608362261388e+01,6.876467590793365048e+01,6.878170031932093309e+01,6.870611163029060720e+01,6.877164223240079366e+01,6.873586395500912261e+01,6.878952478708939111e+01
6.872124688060139874e+01,6.863793708185383480e+01,6.882247099837235282e+01,6.852495793029559934e+01,6.876796091614451711e+01,6.876516103239114841e+01,6.867417461790887501e+01,6.875326546001623740e+01,6.866801948476410189e+01,6.863529521695853930e+01,6.879225788679873688e+01,6.874935345798806452e+01,6.874556099576871304e+01,6.879112208513767257e+01,6.874933829957663534e+01,6.881387819282448959e+01,6.874225265490380821e+01,6.881092053439130041e+01,6.878739496144952170e+01,6.881193236551074222e+01,6.873969580417885084e+01,6.868893532762395182e+01,6.873510761759646925e+01,6.869765877209589178e+01,6.874410120901477228e+01,6.861527527640227220e+01,6.880305843163418444e+01,6.875230262582978469e+01,6.856691338414735526e+01,6.875418836393333777e+01,6.860920652163294164e+01,6.876179184187353144e+01,6.876552830374879477e+01,6.877318726137011140e+01,6.860231231267259489e+01,6.877116391241214899e+01,6.871577062733619812e+01,6.873059790951475634e+01,6.862414532618448959e+01,6.871518451461497534e+01,6.851879478370943843e+01,6.874975052420491295e+01,6.862917156623635151e+01,6.859637776619086935e+01,6.854977453040820023e+01,6.841679643634195429e+01,6.869488472853602445e+01,6.860103392351082618e+01,6.880798986521345739e+01,6.883682283222556464e+01,6.868573837754847489e+01,6.873140179950678430e+01,6.878141931036361711e+01,6.876608096163938910e+01,6.880436673324207675e+01,6.877105740084267893e+01,6.873498155492632122e+01,6.877068661542710970e+01,6.847778199096194385e+01,6.873973091602761087e+01,6.876617999310238361e+01,6.877495636372358945e+01,6.870821985944871813e+01,6.874174432865066819e+01,6.872310407390467901e+01,6.875900364348007088e+01,6.869784647310652304e+01,6.871549158916792521e+01,6.874557638496384016e+01,6.872115034515073262e+01,6.870414386601547108e+01,6.867313098778411984e+01,6.872878601046410552e+01,6.865173264362117322e+01,6.874225265490380821e+01
6.875927789789002986e+01,6.861484266472020010e+01,6.885415522027302870e+01,6.847146419022877240e+01,6.878498375486636007e+01,6.878443513263317755e+01,6.873954235641497235e+01,6.876005062007772040e+01,6.876732714358733745e+01,6.865050502550421641e+01,6.880995163619499522e+01,6.883000074632701626e+01,6.876829370007173736e+01,6.880864991521112017e+01,6.865151609244639985e+01,6.876501322137404770e+01,6.881092053439130041e+01,6.882439641210083892e+01,6.883143267929490605e+01,6.882853955868982609e+01,6.879515905129835573e+01,6.877407210396896176e+01,6.878877331300002140e+01,6.880052446707904323e+01,6.875533161893424960e+01,6.860876565301028052e+01,6.879724387708519373e+01,6.883251830546312533e+01,6.867734222936154254e+01,6.880242214067993700e+01,6.858540849098112346e+01,6.876848180553089662e+01,6.870595032189919493e+01,6.883442273091287689e+01,6.882842492680802593e+01,6.867500915973586473e+01,6.879166469349968338e+01,6.880342155792111214e+01,6.869383763568119150e+01,6.877734474447288449e+01,6.854017575291517517e+01,6.876364407580798854e+01,6.870702119815376818e+01,6.861343599921264058e+01,6.859310408550098259e+01,6.831633874675790707e+01,6.872779520066252701e+01,6.869427307458124687e+01,6.876915553578236029e+01,6.898508242159368820e+01,6.879609054682143210e+01,6.882512868382109161e+01,6.879626270163960555e+01,6.886484403485233941e+01,6.883335602291722921e+01,6.881649567147233881e+01,6.869054420225543822e+01,6.887322218433571663e+01,6.863659684012021955e+01,6.881702184184914017e+01,6.880947779188763036e+01,6.881119505241774448e+01,6.871982691189344905e+01,6.882367948170518446e+01,6.875422412957152574e+01,6.878281936319743295e+01,6.871215630356498139e+01,6.879634159111137137e+01,6.881134400711739829e+01,6.880465253516496205e+01,6.883525153675115860e+01,6.880314802529574081e+01,6.880837145355577888e+01,6.874041385950030758e+01,6.882439641210083892e+01
6.872295563189254608e+01,6.867166166686760675e+01,6.878020033631753449e+01,6.845627354079405791e+01,6.877238183530074878e+01,6.872393571570873405e+01,6.863804353300628236e+01,6.877069771436350720e+01,6.866733138178545914e+01,6.860319077392040299e+01,6.879496204761873912e+01,6.874670038373263026e+01,6.872556375316808897e+01,6.880289689376566287e+01,6.870889538733692348e+01,6.873791569183484285e+01,6.878739496144952170e+01,6.883143267929490605e+01,6.877984337349515442e+01,6.878446138715280256e+01,6.868386138376698113e+01,6.874099321677201146e+01,6.869216130973138945e+01,6.878150411684235621e+01,6.875524871316795839e+01,6.857442494221822926e+01,6.866451036206126446e+01,6.880785371761875524e+01,6.861082537763769551e+01,6.877293218070680325e+01,6.855829395658690828e+01,6.877153802927408321e+01,6.873779802186010102e+01,6.874702239981110097e+01,6.872555337538655351e+01,6.876245317083100872e+01,6.875107976032508361e+01,6.877056519988296657e+01,6.859767838336874490e+01,6.873439217296126458e+01,6.858055080538449033e+01,6.874385468127488252e+01,6.866174867412009064e+01,6.854260172861684453e+01,6.853906695108101133e+01,6.828003925882086378e+01,6.866765588647851359e+01,6.856985389281560117e+01,6.874411217824268761e+01,6.881094145046542110e+01,6.868443645961576749e+01,6.874960585329988305e+01,6.877738130026615693e+01,6.879969786451282232e+01,6.876108999537660793e+01,6.874439548081767271e+01,6.869944708625001795e+01,6.880892778041352642e+01,6.855940277455083276e+01,6.875902517268883685e+01,6.877162517425745136e+01,6.878093704425374710e+01,6.867591327268186774e+01,6.876400811256415579e+01,6.867349120751880776e+01,6.874509096277898834e+01,6.868946370367453369e+01,6.872250016983791454e+01,6.874722400623036833e+01,6.876212598735882864e+01,6.875625568203605553e+01,6.870944986011761557e+01,6.872872197650976034e+01,6.865065279675242493e+01,6.877984337349515442e+01
6.874661335902020198e+01,6.865614391249478388e+01,6.882960367506797184e+01,6.845334785403800026e+01,6.878937969611527592e+01,6.873503836020957181e+01,6.871507538097870338e+01,6.880271401069812498e+01,6.875775520343260894e+01,6.878484507709787010e+01,6.878868253883337047e+01,6.878598185825484279e+01,6.873893554035672082e+01,6.878503389910963506e+01,6.879991484105974564e+01,6.879222411760625278e+01,6.881193236551074222e+01,6.882853955868982609e+01,6.878446138715280256e+01,6.877366057421568257e+01,6.880671881916909172e+01,6.885077200837513089e+01,6.879307932668126568e+01,6.874656963305112356e+01,6.879233267961761555e+01,6.854192510247625592e+01,6.879429378662361216e+01,6.878428771238898776e+01,6.856547297369220928e+01,6.881528892921036800e+01,6.865091862870065142e+01,6.874377887095626249e+01,6.879216821141748994e+01,6.874920306539225123e+01,6.873853994291016534e+01,6.875487294003546879e+01,6.882909690294864902e+01,6.874434994096424134e+01,6.872494595963652841e+01,6.875961788891444826e+01,6.861173570738611716e+01,6.880052790057705181e+01,6.864075839168883419e+01,6.862232677116011814e+01,6.860718296980778064e+01,6.838775222637880802e+01,6.874187864111161161e+01,6.865697506780918502e+01,6.875485593619224289e+01,6.882378989463899188e+01,6.873808319849847237e+01,6.878846185968883731e+01,6.879137025472874711e+01,6.878533603472575919e+01,6.877470406799875491e+01,6.878327518440715949e+01,6.864233257854263570e+01,6.877200730641573045e+01,6.849847263746985959e+01,6.878217625828908410e+01,6.887839333660012642e+01,6.883991986741604308e+01,6.874225515985634161e+01,6.879695054296971080e+01,6.880670284533827896e+01,6.876915763000602055e+01,6.874832271866930000e+01,6.876273939266151558e+01,6.875603694843898950e+01,6.880237279699008468e+01,6.879843054843682637e+01,6.876737081351971881e+01,6.872605911521394262e+01,6.873891962956746227e+01,6.877366057421568257e+01
6.872440871511258820e+01,6.863622984076137357e+01,6.884922461426637597e+01,6.847752722203262010e+01,6.874579923906705403e+01,6.869130888748867392e+01,6.863129872313081137e+01,6.877288265837415793e+01,6.869164166635883362e+01,6.860271526090100735e+01,6.875987156432820768e+01,6.877013029185842186e+01,6.878542079361751860e+01,6.878709513533139841e+01,6.871282129622618129e+01,6.874391596814474781e+01,6.873969580417885084e+01,6.879515905129835573e+01,6.868386138376698113e+01,6.880671881916909172e+01,6.872146295925162462e+01,6.871091180749255045e+01,6.873274160320545434e+01,6.878892205817662386e+01,6.871929560674540483e+01,6.854961851413825968e+01,6.870190187654337421e+01,6.872151858681540659e+01,6.860709634477389329e+01,6.870522519798024064e+01,6.854368408836248250e+01,6.871856450708580155e+01,6.873769820255579077e+01,6.869626877479359450e+01,6.868258513384711250e+01,6.869483266616799710e+01,6.873262860179420386e+01,6.871796973811655107e+01,6.862981227981525478e+01,6.869890500047277726e+01,6.844955191766348435e+01,6.873097314456356344e+01,6.857044527033670533e+01,6.858846412886826727e+01,6.855368186704035338e+01,6.837865870619927477e+01,6.863673543895134799e+01,6.852020055181048974e+01,6.871807264694274409e+01,6.880188218206599515e+01,6.865621882546967925e+01,6.875630841033796514e+01,6.873856056799240832e+01,6.875991315117543934e+01,6.876231672172606579e+01,6.862270394320104572e+01,6.866713929905642999e+01,6.872846364635522320e+01,6.846708488986737962e+01,6.872469848017350103e+01,6.872928915099744529e+01,6.876989817302982999e+01,6.870296809152391404e+01,6.871335500925994211e+01,6.873180916289662434e+01,6.877483172760155128e+01,6.866022169414750920e+01,6.869786266460258162e+01,6.872041911496978628e+01,6.876249794645249835e+01,6.872646249475496916e+01,6.866734377545226664e+01,6.870001319115442584e+01,6.861708304333623687e+01,6.872146295925162462e+01
6.866591445312064934e+01,6.873047389393323670e+01,6.878057736466077188e+01,6.852959524230128352e+01,6.883321672300183991e+01,6.871493341073369265e+01,6.868982300341683356e+01,6.882621240394084339e+01,6.873026048511999875e+01,6.864916489476075867e+01,6.875901058002733635e+01,6.871219178221200252e+01,6.871718823975852786e+01,6.882776802896390222e+01,6.874799632620187140e+01,6.882002596327620836e+01,6.868893532762395182e+01,6.877407210396896176e+01,6.874099321677201146e+01,6.885077200837513089e+01,6.871091180749255045e+01,6.875136577917004388e+01,6.873245933123175178e+01,6.873295801492400869e+01,6.875460512915819322e+01,6.850199562320621283e+01,6.866612408654894750e+01,6.875952946327575432e+01,6.862157371748358514e+01,6.872790649752678860e+01,6.850838982695179880e+01,6.876838019605955310e+01,6.872487062545049241e+01,6.866860256007369401e+01,6.866429126882863443e+01,6.867865245326964896e+01,6.873874091568420397e+01,6.873236619974470329e+01,6.855111618942130747e+01,6.879354745464813448e+01,6.848478210314746661e+01,6.878397399512603272e+01,6.859944840582409142e+01,6.863323864533262508e+01,6.855933051201294859e+01,6.833322562140557466e+01,6.866421037716366982e+01,6.865097718643711744e+01,6.875599302995215112e+01,6.881549616521766666e+01,6.863947638994487477e+01,6.878041866282970318e+01,6.876025320268688290e+01,6.872884499175513895e+01,6.874501726867170248e+01,6.872323145500493524e+01,6.866701212671372900e+01,6.879210395212565743e+01,6.844975189104074786e+01,6.873966604468336072e+01,6.879363883721953243e+01,6.875865578936834765e+01,6.866804430302991591e+01,6.871732018806363840e+01,6.869769555290761787e+01,6.871577356861439512e+01,6.866838896300329509e+01,6.869765467065546716e+01,6.874227000764302886e+01,6.881120638850029536e+01,6.871661264497824106e+01,6.872015511151128919e+01,6.871257322951811375e+01,6.870618892269089883e+01,6.875136577917004388e+01
6.871273918232620304e+01,6.871492885863716538e+01,6.879977591283318361e+01,6.849856202434153829e+01,6.877304616379940683e+01,6.867915256656741008e+01,6.870544634098703796e+01,6.880842047248685844e+01,6.857783222350944641e+01,6.863872792669369005e+01,6.877737142037621254e+01,6.873182623230748334e+01,6.877033245787085036e+01,6.879922762583306906e+01,6.874822426210207027e+01,6.874380928940365720e+01,6.873510761759646925e+01,6.878877331300002140e+01,6.869216130973138945e+01,6.879307932668126568e+01,6.873274160320545434e+01,6.873245933123175178e+01,6.874860125851213866e+01,6.874374111169309742e+01,6.868763515076534532e+01,6.858365501646012774e+01,6.872444142944669920e+01,6.873952046354949630e+01,6.857310019020943059e+01,6.877803379398149275e+01,6.856966007375142169e+01,6.874746506711851168e+01,6.864404488685697459e+01,6.868848288726454143e+01,6.856239019646135091e+01,6.870487107720239806e+01,6.878342285677113921e+01,6.874851883454664403e+01,6.854039920869520586e+01,6.875342622807674786e+01,6.847578714206767359e+01,6.865945224140452297e+01,6.856494407344528952e+01,6.855688496183461211e+01,6.861669587491057598e+01,6.835424045048196717e+01,6.864463483930168763e+01,6.859183078977393677e+01,6.872902390924522820e+01,6.868135288304040387e+01,6.862337223826638422e+01,6.875814289066173046e+01,6.872675711803275078e+01,6.874923848296640472e+01,6.872686317120310662e+01,6.872474762874399801e+01,6.859161910651903327e+01,6.873892157825014237e+01,6.853483845104689465e+01,6.875223871847609303e+01,6.878067734495556351e+01,6.880008430762198657e+01,6.864720730288213701e+01,6.876341233719804791e+01,6.869760903915882011e+01,6.871887149071477552e+01,6.866022005249854487e+01,6.871514795425717637e+01,6.870772227392156140e+01,6.873180329668751654e+01,6.876632181762876428e+01,6.874035538428351799e+01,6.876640211102045441e+01,6.863051773362192876e+01,6.874860125851213866e+01
6.872154090633932810e+01,6.867880267865275812e+01,6.873387505719207979e+01,6.850824060027072449e+01,6.868622978882032726e+01,6.875548224730813729e+01,6.865048145478105823e+01,6.886949033125962671e+01,6.871450467655873240e+01,6.868091229595616198e+01,6.878205072726959202e+01,6.881218765629479606e+01,6.874633232528340443e+01,6.878695938842589896e+01,6.876551744561666624e+01,6.877842231127127093e+01,6.869765877209589178e+01,6.880052446707904323e+01,6.878150411684235621e+01,6.874656963305112356e+01,6.878892205817662386e+01,6.873295801492400869e+01,6.874374111169309742e+01,6.880727127671831056e+01,6.879478545259797784e+01,6.838187417021548242e+01,6.871489337570524469e+01,6.883615254281252760e+01,6.870161074749907471e+01,6.874066528574063284e+01,6.858483743713912872e+01,6.871461714742117977e+01,6.867808424066834050e+01,6.878402838025066046e+01,6.870383535824943522e+01,6.875141595226791935e+01,6.878192961477618894e+01,6.877061187569353251e+01,6.858321980398682172e+01,6.879039262367450647e+01,6.850049629750138536e+01,6.877162409933298193e+01,6.859768990626820084e+01,6.863466636637325280e+01,6.852511797811669680e+01,6.842140339468168975e+01,6.862477794758939353e+01,6.865597834255042642e+01,6.886102555272059078e+01,6.889541366614689366e+01,6.872525388382648259e+01,6.875084800561393195e+01,6.872635079340479081e+01,6.881111178186803556e+01,6.880690404791873505e+01,6.878683620045016767e+01,6.870184945125403431e+01,6.886572159565128004e+01,6.857584690949018125e+01,6.880043694348069039e+01,6.883268132244089088e+01,6.881532883711905413e+01,6.866509311055980902e+01,6.879512267770314793e+01,6.875651222397502238e+01,6.876774935578642101e+01,6.874079924336453473e+01,6.879595224661339614e+01,6.875178665390551203e+01,6.879780577177608336e+01,6.877769767778677590e+01,6.874499337517634956e+01,6.876793155045875494e+01,6.869526818874803098e+01,6.880727127671831056e+01
6.872497292225114052e+01,6.867763917088959147e+01,6.881102982010689573e+01,6.849629394716261288e+01,6.870976763308000557e+01,6.872870983915197485e+01,6.859604267004533540e+01,6.878280192801688031e+01,6.855517487910726970e+01,6.862533694695969189e+01,6.875277253559299595e+01,6.876764417684675834e+01,6.873234640018218045e+01,6.885699445342906699e+01,6.874454889705653216e+01,6.877590242311737256e+01,6.874410120901477228e+01,6.875533161893424960e+01,6.875524871316795839e+01,6.879233267961761555e+01,6.871929560674540483e+01,6.875460512915819322e+01,6.868763515076534532e+01,6.879478545259797784e+01,6.875616464256385996e+01,6.855269166110214485e+01,6.864791388620565726e+01,6.874061667651373853e+01,6.853266181114049971e+01,6.872564992684478113e+01,6.862938914501273757e+01,6.872755297785126061e+01,6.866487919916063731e+01,6.876847367758909968e+01,6.870605028834218331e+01,6.875110026887297465e+01,6.871309102043154837e+01,6.875868763432858088e+01,6.857468161830317399e+01,6.873839584466482222e+01,6.843225540117711603e+01,6.875400555848676731e+01,6.859990447943251013e+01,6.844531372834407534e+01,6.861184407710062771e+01,6.832538777116499773e+01,6.862134957870983953e+01,6.859424991627476231e+01,6.873998451888257932e+01,6.883462940101428273e+01,6.869834906277195330e+01,6.874689613909433206e+01,6.873707408335675950e+01,6.875739556808333930e+01,6.876196632349349613e+01,6.872406869650072281e+01,6.865197264571207825e+01,6.878396812948903971e+01,6.857496609725592407e+01,6.875493091680371549e+01,6.873469197325648850e+01,6.870740685593735009e+01,6.865147429162131232e+01,6.871442623708792041e+01,6.874552777340343823e+01,6.871104785768709178e+01,6.865979862570347336e+01,6.870458529788349722e+01,6.873865767413502681e+01,6.876620332461740759e+01,6.876116589089154729e+01,6.873753723134174720e+01,6.868299275297039230e+01,6.865584028269627481e+01,6.875616464256385996e+01
6.853223853456465520e+01,6.850891598557498696e+01,6.864438480409664578e+01,6.844147926747596955e+01,6.855457731642547969e+01,6.852583992452323969e+01,6.852196616017705821e+01,6.862098677227031374e+01,6.864057168133331288e+01,6.859846146048661808e+01,6.855347495485932541e+01,6.856607188179046375e+01,6.860797553398489868e+01,6.860079691176099459e+01,6.854942368564621802e+01,6.862652425071766515e+01,6.861527527640227220e+01,6.860876565301028052e+01,6.857442494221822926e+01,6.854192510247625592e+01,6.854961851413825968e+01,6.850199562320621283e+01,6.858365501646012774e+01,6.838187417021548242e+01,6.855269166110214485e+01,6.851623724366108092e+01,6.854914348708052785e+01,6.855223770912519399e+01,6.850387442217163425e+01,6.848773639848788264e+01,6.837481135389657538e+01,6.853944999890046574e+01,6.849045955944265529e+01,6.850129442962872872e+01,6.853842149956356877e+01,6.850548620340747163e+01,6.854095719052864411e+01,6.852368813643386147e+01,6.839944130346412976e+01,6.851608977561873814e+01,6.825074665622014436e+01,6.856520644957035415e+01,6.841739325190012266e+01,6.842408135775120570e+01,6.829869336280786740e+01,6.807537570974783137e+01,6.849131006633371044e+01,6.843533162860462937e+01,6.850208212514641559e+01,6.873195420668422173e+01,6.857950792401882723e+01,6.852925559313776205e+01,6.852306753802599815e+01,6.854762384199429448e+01,6.851241710776048421e+01,6.853605344749739459e+01,6.850599000105053449e+01,6.856418920020965402e+01,6.828625332802619141e+01,6.855764998691722667e+01,6.853707689150324711e+01,6.853368692169034659e+01,6.848535132204067111e+01,6.846599695515568840e+01,6.853764007361877475e+01,6.849945431950288821e+01,6.843864423906519789e+01,6.853548216071386889e+01,6.851938004595494647e+01,6.856452504224830591e+01,6.851881693542520679e+01,6.846628095540746983e+01,6.851908523598902434e+01,6.847022180150841564e+01,6.851623724366108092e+01
6.879763794833071699e+01,6.874089563683861570e+01,6.880842850409243283e+01,6.856382105273189609e+01,6.879215298897527475e+01,6.871404170308201742e+01,6.860208022368335889e+01,6.878945533191419770e+01,6.865745733204218482e+01,6.867080175299274458e+01,6.871794877768112997e+01,6.874988557790854315e+01,6.869326128148077260e+01,6.873083988256837529e+01,6.876462242533013125e+01,6.877303538328732202e+01,6.880305843163418444e+01,6.879724387708519373e+01,6.866451036206126446e+01,6.879429378662361216e+01,6.870190187654337421e+01,6.866612408654894750e+01,6.872444142944669920e+01,6.871489337570524469e+01,6.864791388620565726e+01,6.854914348708052785e+01,6.863933122479744497e+01,6.867855228908953791e+01,6.854246870154130988e+01,6.861238365029018382e+01,6.871467754181065857e+01,6.870665523903956284e+01,6.863812452822098464e+01,6.864613811005122557e+01,6.870135352816335228e+01,6.861400374976079775e+01,6.878130473490898567e+01,6.870784035869148454e+01,6.869948715461420363e+01,6.874780106713720329e+01,6.842756473059999678e+01,6.869962079332830740e+01,6.854929090998729180e+01,6.853639183140649038e+01,6.860653768121004248e+01,6.835332336963972466e+01,6.855209454644153766e+01,6.863369878147024394e+01,6.871374071175382880e+01,6.877555539788590977e+01,6.865847796047498264e+01,6.867880446199902167e+01,6.875937189017076889e+01,6.875017180336368483e+01,6.883417886000674457e+01,6.869014246721729933e+01,6.860735784887886268e+01,6.879104859400581518e+01,6.849247656319046484e+01,6.862759990248531494e+01,6.867635628196026687e+01,6.866103641311102024e+01,6.871305292059503245e+01,6.864719333487282427e+01,6.868875374093580888e+01,6.862880776749751988e+01,6.859098018031228605e+01,6.857516369017712066e+01,6.860834642740336164e+01,6.855685693248845780e+01,6.866228876583949159e+01,6.861045496949149936e+01,6.858335674432893825e+01,6.859844882476473060e+01,6.863933122479744497e+01
6.874890689848656677e+01,6.870088484068463686e+01,6.883331774466998354e+01,6.849727154162023623e+01,6.880601627303319390e+01,6.868416035559990007e+01,6.865317767935448501e+01,6.884140372600759861e+01,6.870841580505589263e+01,6.865270629236810862e+01,6.880134591264427968e+01,6.875961486621913821e+01,6.877838472019304561e+01,6.877959754852105334e+01,6.872521895204724274e+01,6.875727926399231649e+01,6.875230262582978469e+01,6.883251830546312533e+01,6.880785371761875524e+01,6.878428771238898776e+01,6.872151858681540659e+01,6.875952946327575432e+01,6.873952046354949630e+01,6.883615254281252760e+01,6.874061667651373853e+01,6.855223770912519399e+01,6.867855228908953791e+01,6.878765894736893927e+01,6.857938817026909817e+01,6.876674761532413527e+01,6.861696409425202603e+01,6.878568378924880733e+01,6.875383735548685138e+01,6.874129460556306981e+01,6.876745367349762716e+01,6.872449257351800611e+01,6.878987474046995487e+01,6.876572289924942538e+01,6.861747315286083904e+01,6.875543567400764289e+01,6.862151618866451486e+01,6.879851901965801630e+01,6.862186449258416587e+01,6.862995652054230789e+01,6.859765985290653134e+01,6.836586116956976866e+01,6.864851572833804028e+01,6.861847752505867959e+01,6.876952359504005585e+01,6.884953736511215538e+01,6.863458402328573982e+01,6.881312338387101590e+01,6.877285393950471359e+01,6.881083541579494067e+01,6.874819165015870226e+01,6.875112932141658462e+01,6.870945833562696237e+01,6.881069084173101658e+01,6.857627144011311771e+01,6.874438488310778439e+01,6.878557212227886453e+01,6.881605142538111863e+01,6.873308702526095715e+01,6.880469498832992770e+01,6.878508982935046845e+01,6.884069634652260561e+01,6.871011999188493746e+01,6.874503612489546356e+01,6.873954633824034488e+01,6.875407084059195029e+01,6.875172488550744276e+01,6.870351267680867124e+01,6.877539299514594973e+01,6.870513762086078202e+01,6.878765894736893927e+01
6.848068478709660667e+01,6.848506362213370835e+01,6.857685477170863919e+01,6.847071276072320245e+01,6.862997570387993562e+01,6.848694114353769180e+01,6.844902895450125868e+01,6.868083636946410309e+01,6.856221722665567597e+01,6.853882837112182358e+01,6.860573518181297459e+01,6.865428534822420659e+01,6.852280711772334598e+01,6.855508345981490947e+01,6.857542358929549664e+01,6.857674294601234521e+01,6.856691338414735526e+01,6.867734222936154254e+01,6.861082537763769551e+01,6.856547297369220928e+01,6.860709634477389329e+01,6.862157371748358514e+01,6.857310019020943059e+01,6.870161074749907471e+01,6.853266181114049971e+01,6.850387442217163425e+01,6.854246870154130988e+01,6.857938817026909817e+01,6.854239489545729214e+01,6.850117824179291404e+01,6.853587039657240609e+01,6.854871911487863656e+01,6.845243273585450083e+01,6.864022001839786924e+01,6.850869337659895564e+01,6.848109250176752028e+01,6.854726304089344069e+01,6.851340978144365579e+01,6.838798737074942835e+01,6.853244486630607923e+01,6.840779713317895983e+01,6.849353202312448730e+01,6.842600430176149473e+01,6.843989880873438381e+01,6.840937625029594926e+01,6.827989643311528312e+01,6.853580477258016401e+01,6.850790720361820263e+01,6.846526740042229164e+01,6.858094445677592432e+01,6.859368926889484896e+01,6.847644993871125507e+01,6.860362148103061486e+01,6.854358744190946595e+01,6.860576746378914947e+01,6.859650250708592978e+01,6.845648137957628876e+01,6.860731534386734154e+01,6.833455547901320415e+01,6.852705742334188699e+01,6.852965638944641569e+01,6.856385047804114663e+01,6.849294384541398983e+01,6.840436921533397197e+01,6.853229466707584550e+01,6.852675765148640608e+01,6.847001198544442957e+01,6.855808217194649501e+01,6.858289634058584738e+01,6.856624974268218864e+01,6.856796904860075870e+01,6.854300689850421691e+01,6.854799418826314650e+01,6.855576543105247822e+01,6.854239489545729214e+01
6.876836041524497034e+01,6.866203575554474980e+01,6.878013634753868644e+01,6.845742390519933451e+01,6.875839529134732686e+01,6.868257964970264595e+01,6.865617756303463182e+01,6.883042983359779043e+01,6.870577362802390553e+01,6.860260103104114648e+01,6.877692699731483117e+01,6.875100439555006915e+01,6.878166749052083162e+01,6.878707125042078019e+01,6.870234274081643377e+01,6.879375433160370790e+01,6.875418836393333777e+01,6.880242214067993700e+01,6.877293218070680325e+01,6.881528892921036800e+01,6.870522519798024064e+01,6.872790649752678860e+01,6.877803379398149275e+01,6.874066528574063284e+01,6.872564992684478113e+01,6.848773639848788264e+01,6.861238365029018382e+01,6.876674761532413527e+01,6.850117824179291404e+01,6.875536176295958057e+01,6.853894117556173171e+01,6.871047270887169134e+01,6.875731082846886011e+01,6.873053931548767537e+01,6.875237432462995457e+01,6.873754607793749472e+01,6.874604621489727663e+01,6.875915926696985991e+01,6.854743552157252395e+01,6.869881512253938638e+01,6.851244005526864100e+01,6.879862099596174119e+01,6.870186819304097980e+01,6.860424124949199154e+01,6.854531298176048892e+01,6.838320681997311112e+01,6.864400094925314022e+01,6.857411541995311666e+01,6.872603641539430441e+01,6.888932191758915735e+01,6.865794989783982771e+01,6.874211738960499929e+01,6.874845814835916258e+01,6.875617398844543970e+01,6.881458984551234437e+01,6.876051847447055820e+01,6.868049870856248162e+01,6.878952793081202799e+01,6.852898105045935040e+01,6.879547750360650582e+01,6.874786551008267566e+01,6.874242922561944624e+01,6.871641967960130160e+01,6.875396229434149120e+01,6.874297529851517652e+01,6.873206822025437646e+01,6.866389987935347961e+01,6.870811362783157961e+01,6.872006133478700463e+01,6.876908580191047804e+01,6.871574873862431332e+01,6.868911879609254356e+01,6.876324769914748458e+01,6.869577308089316148e+01,6.875536176295958057e+01
6.866518917285075929e+01,6.863144167670817808e+01,6.862325061554682293e+01,6.843492546447825475e+01,6.864818704128038007e+01,6.855664242825751842e+01,6.854126264404693814e+01,6.869492303124901866e+01,6.851831716988976950e+01,6.862442574198057343e+01,6.860052560119373766e+01,6.858147421787688813e+01,6.857836483968068819e+01,6.867293554197615890e+01,6.858037150796504022e+01,6.857373265750385372e+01,6.860920652163294164e+01,6.858540849098112346e+01,6.855829395658690828e+01,6.865091862870065142e+01,6.854368408836248250e+01,6.850838982695179880e+01,6.856966007375142169e+01,6.858483743713912872e+01,6.862938914501273757e+01,6.837481135389657538e+01,6.871467754181065857e+01,6.861696409425202603e+01,6.853587039657240609e+01,6.853894117556173171e+01,6.854700004185389162e+01,6.863519753367378939e+01,6.860912416749219744e+01,6.858734333180824194e+01,6.861310135433018331e+01,6.853253588495770998e+01,6.864621942952064160e+01,6.858227568888626990e+01,6.851416494959839554e+01,6.858977252092323340e+01,6.834991489971756096e+01,6.858368237890910279e+01,6.846517628495949737e+01,6.841896446453576175e+01,6.843717581194323429e+01,6.824216942004301245e+01,6.852274966482201535e+01,6.860119596399249531e+01,6.860661096233602052e+01,6.860902851140021141e+01,6.862172377319188854e+01,6.866249387075123423e+01,6.859897395348281179e+01,6.863019734312632636e+01,6.860873399249437909e+01,6.857356612011449215e+01,6.853042347882517049e+01,6.859043108096169306e+01,6.835005273577472451e+01,6.852131797227768573e+01,6.858188279412176769e+01,6.865755293395035608e+01,6.855259039178098135e+01,6.859038082508418199e+01,6.855569570316318107e+01,6.848674810101218213e+01,6.845580742246595207e+01,6.851979386847631304e+01,6.852686650599706297e+01,6.859766347677776821e+01,6.857184372955384788e+01,6.849610899425229604e+01,6.858063173098575760e+01,6.848687568626927202e+01,6.854700004185389162e+01
6.873907848356044781e+01,6.870732049384760387e+01,6.881875709987001244e+01,6.853055889607514928e+01,6.870215409270724649e+01,6.872093409730126723e+01,6.863727176229429006e+01,6.877535051700600377e+01,6.873819364145356303e+01,6.862286825632656928e+01,6.881849181412900407e+01,6.870367344825180567e+01,6.878646250467468803e+01,6.878085295307239733e+01,6.875382645994486097e+01,6.875202773950599067e+01,6.876179184187353144e+01,6.876848180553089662e+01,6.877153802927408321e+01,6.874377887095626249e+01,6.871856450708580155e+01,6.876838019605955310e+01,6.874746506711851168e+01,6.871461714742117977e+01,6.872755297785126061e+01,6.853944999890046574e+01,6.870665523903956284e+01,6.878568378924880733e+01,6.854871911487863656e+01,6.871047270887169134e+01,6.863519753367378939e+01,6.877769620533671002e+01,6.875718373837898412e+01,6.874465438810027251e+01,6.882304329749453586e+01,6.874282301041293408e+01,6.879502165786259127e+01,6.876845534495802781e+01,6.859238375991918701e+01,6.871726823160693698e+01,6.858933655112329575e+01,6.879479367867064354e+01,6.860839216618221315e+01,6.862130008536612991e+01,6.858933610467038022e+01,6.842773130342798993e+01,6.871683973390820199e+01,6.858982709069212547e+01,6.873819319400854511e+01,6.884790522415497094e+01,6.866087100129212217e+01,6.875330865226975163e+01,6.881102386785151737e+01,6.878101745085561447e+01,6.873647054584458260e+01,6.884177844434758242e+01,6.871143642610084612e+01,6.879862447647180090e+01,6.848811702644060517e+01,6.872402964146206727e+01,6.877265906913420679e+01,6.875702017671436295e+01,6.869914010464869136e+01,6.882278681749770044e+01,6.871568746392352978e+01,6.878457003371157441e+01,6.865964620843297439e+01,6.869262944162748852e+01,6.870871181081044199e+01,6.876594881169491202e+01,6.872988063538014103e+01,6.869682616401718178e+01,6.874084088997021524e+01,6.868366072887293683e+01,6.877769620533671002e+01
6.865654322603312210e+01,6.867930659104301583e+01,6.876344206039861717e+01,6.846636617605417996e+01,6.873266289511391847e+01,6.869626463316427589e+01,6.860643904310495600e+01,6.883588975053153547e+01,6.865433716973400635e+01,6.863228197720869161e+01,6.873916216494025377e+01,6.873775603135268852e+01,6.875744532576007373e+01,6.866134158780737096e+01,6.867774038070864151e+01,6.872492104817830239e+01,6.876552830374879477e+01,6.870595032189919493e+01,6.873779802186010102e+01,6.879216821141748994e+01,6.873769820255579077e+01,6.872487062545049241e+01,6.864404488685697459e+01,6.867808424066834050e+01,6.866487919916063731e+01,6.849045955944265529e+01,6.863812452822098464e+01,6.875383735548685138e+01,6.845243273585450083e+01,6.875731082846886011e+01,6.860912416749219744e+01,6.875718373837898412e+01,6.874586612353280657e+01,6.875118052890083220e+01,6.875968816949318807e+01,6.875853069529280504e+01,6.871242392409774880e+01,6.866033966214969553e+01,6.857160065878686339e+01,6.866679064223259843e+01,6.848783082776105857e+01,6.868758343613433226e+01,6.853391826965929567e+01,6.855864756601208398e+01,6.852329079002659284e+01,6.828694953587253735e+01,6.868795470674071169e+01,6.872602491892001808e+01,6.865794345572766133e+01,6.898241428563234479e+01,6.881419341715182725e+01,6.871590837086435499e+01,6.871214889365718648e+01,6.875611584664790144e+01,6.878734523874658180e+01,6.872857501869469843e+01,6.868927540574986779e+01,6.878330455558334222e+01,6.858688481788564673e+01,6.872077280474321981e+01,6.872220662182674289e+01,6.875299510911820278e+01,6.862730729944017583e+01,6.876184760490443182e+01,6.865805039034532342e+01,6.878004895504491856e+01,6.864234604461836398e+01,6.874001786451626117e+01,6.873937073708125922e+01,6.866811294853451386e+01,6.873094051763762025e+01,6.873194684596899151e+01,6.873851986881354037e+01,6.860148681633499734e+01,6.874586612353280657e+01
6.873164685968026788e+01,6.864376565250410067e+01,6.883766767080760474e+01,6.851615837479110382e+01,6.879041236806384063e+01,6.867637124566068962e+01,6.871140078552426189e+01,6.881227007040973831e+01,6.867871976496368802e+01,6.863119414287854170e+01,6.875805231635403914e+01,6.878343212577043175e+01,6.874922156899522463e+01,6.880666062826755081e+01,6.872102266184880648e+01,6.876659679492873067e+01,6.877318726137011140e+01,6.883442273091287689e+01,6.874702239981110097e+01,6.874920306539225123e+01,6.869626877479359450e+01,6.866860256007369401e+01,6.868848288726454143e+01,6.878402838025066046e+01,6.876847367758909968e+01,6.850129442962872872e+01,6.864613811005122557e+01,6.874129460556306981e+01,6.864022001839786924e+01,6.873053931548767537e+01,6.858734333180824194e+01,6.874465438810027251e+01,6.875118052890083220e+01,6.878002112834352033e+01,6.877250146260747954e+01,6.871273197692548251e+01,6.876117271574084100e+01,6.877216137263806672e+01,6.866281078535364202e+01,6.866903970606264807e+01,6.849284862335674973e+01,6.875472998094863897e+01,6.857716554495635819e+01,6.863615370956102879e+01,6.861315220297700535e+01,6.836111550931501313e+01,6.864901334305440628e+01,6.864749655255364758e+01,6.876730295311668328e+01,6.889284921431895725e+01,6.872638990220646349e+01,6.884059350994633064e+01,6.874790807815720939e+01,6.872102438111613765e+01,6.878987541711040876e+01,6.866434654460618958e+01,6.864193250223100051e+01,6.882145135534416625e+01,6.856954299526904606e+01,6.874389544406345465e+01,6.873814721020983143e+01,6.873988180657160285e+01,6.866305545720254599e+01,6.871657809913600090e+01,6.866370209767373467e+01,6.873960691944233758e+01,6.864852905642605663e+01,6.876443516026353109e+01,6.875092445167918243e+01,6.875502798767401202e+01,6.875895418403665360e+01,6.868803287289438231e+01,6.874063113493377841e+01,6.869184299015614670e+01,6.878002112834352033e+01
6.869131141486579395e+01,6.867420966115045644e+01,6.868538067516625745e+01,6.849597553563003771e+01,6.876003170875813453e+01,6.871156814386229428e+01,6.862245173738892845e+01,6.885401611379687381e+01,6.857052261591032050e+01,6.864861351887965668e+01,6.868161639613633440e+01,6.871551274265786446e+01,6.878506788920191184e+01,6.874596728672078427e+01,6.876857948267993947e+01,6.869243422276920796e+01,6.860231231267259489e+01,6.882842492680802593e+01,6.872555337538655351e+01,6.873853994291016534e+01,6.868258513384711250e+01,6.866429126882863443e+01,6.856239019646135091e+01,6.870383535824943522e+01,6.870605028834218331e+01,6.853842149956356877e+01,6.870135352816335228e+01,6.876745367349762716e+01,6.850869337659895564e+01,6.875237432462995457e+01,6.861310135433018331e+01,6.882304329749453586e+01,6.875968816949318807e+01,6.877250146260747954e+01,6.874730106306527944e+01,6.865231005562522171e+01,6.874455808049052052e+01,6.876073810976852485e+01,6.858249054405418121e+01,6.874309599617316735e+01,6.852446083499428653e+01,6.868145095973733305e+01,6.855927235545023279e+01,6.851893875539751377e+01,6.855162158855233656e+01,6.823768262011384422e+01,6.864615218562458665e+01,6.856091761147948205e+01,6.870551174447521703e+01,6.887132227649587435e+01,6.864304151178475877e+01,6.882937935524613238e+01,6.866376942600777511e+01,6.875002061091869621e+01,6.873670931875410872e+01,6.869770216001488450e+01,6.863869562655584389e+01,6.877432478067491672e+01,6.851531406892323162e+01,6.866903649239873175e+01,6.875696801129242886e+01,6.871459264487810970e+01,6.872734145306532128e+01,6.867070358259832119e+01,6.870098602256707920e+01,6.869003253855645141e+01,6.865206146163453127e+01,6.866815693959037503e+01,6.870170757988168475e+01,6.868556992745122614e+01,6.868607388234440236e+01,6.867655843541864158e+01,6.873183273759217116e+01,6.871645295284288579e+01,6.874730106306527944e+01
6.871002368305906316e+01,6.863494195488951277e+01,6.877123736773306462e+01,6.839714693064350115e+01,6.871603044814668237e+01,6.872650963696851534e+01,6.862142386066010147e+01,6.880101749343702977e+01,6.859764071331377977e+01,6.864055447491999473e+01,6.877409180963647373e+01,6.875626160213774085e+01,6.875152517620702497e+01,6.876392640514909260e+01,6.871711560114508188e+01,6.872286255077484896e+01,6.877116391241214899e+01,6.867500915973586473e+01,6.876245317083100872e+01,6.875487294003546879e+01,6.869483266616799710e+01,6.867865245326964896e+01,6.870487107720239806e+01,6.875141595226791935e+01,6.875110026887297465e+01,6.850548620340747163e+01,6.861400374976079775e+01,6.872449257351800611e+01,6.848109250176752028e+01,6.873754607793749472e+01,6.853253588495770998e+01,6.874282301041293408e+01,6.875853069529280504e+01,6.871273197692548251e+01,6.865231005562522171e+01,6.874777257691695809e+01,6.876293149480898137e+01,6.874614866362934151e+01,6.854796003105275304e+01,6.872831599450583440e+01,6.848727430005183692e+01,6.874602349429412129e+01,6.859329635551875981e+01,6.860026862959844607e+01,6.846210794863127092e+01,6.832069670906071224e+01,6.867065499625411462e+01,6.856752551294670184e+01,6.871309005565942130e+01,6.886965577588514975e+01,6.869992958945148587e+01,6.877236330530519126e+01,6.875499630694361031e+01,6.874221451334226174e+01,6.875151780466052287e+01,6.861848134841746116e+01,6.865092538893527774e+01,6.871323683482731326e+01,6.854273987803122736e+01,6.871646523350173652e+01,6.873906639061682711e+01,6.872103933921474095e+01,6.866618892807159114e+01,6.863033583733303544e+01,6.870736796587834760e+01,6.870684319623912018e+01,6.870834345049168235e+01,6.872466319973457871e+01,6.872762232557383300e+01,6.874088611716621244e+01,6.872504546633329880e+01,6.870130269044032900e+01,6.873886435319536758e+01,6.865066604690119334e+01,6.874777257691695809e+01
6.871021078020980610e+01,6.864901735865632304e+01,6.881729048354760891e+01,6.855093102778411662e+01,6.872830494213836516e+01,6.874676588782537578e+01,6.872364399780646238e+01,6.883764465994626391e+01,6.870747762179716744e+01,6.863792381771050088e+01,6.876966279406794058e+01,6.879078472131354260e+01,6.873498453203204406e+01,6.879264835261088251e+01,6.876727932420088507e+01,6.880099534214426171e+01,6.871577062733619812e+01,6.879166469349968338e+01,6.875107976032508361e+01,6.882909690294864902e+01,6.873262860179420386e+01,6.873874091568420397e+01,6.878342285677113921e+01,6.878192961477618894e+01,6.871309102043154837e+01,6.854095719052864411e+01,6.878130473490898567e+01,6.878987474046995487e+01,6.854726304089344069e+01,6.874604621489727663e+01,6.864621942952064160e+01,6.879502165786259127e+01,6.871242392409774880e+01,6.876117271574084100e+01,6.874455808049052052e+01,6.876293149480898137e+01,6.884839353266383455e+01,6.869875204011616177e+01,6.862292319435540833e+01,6.877885001654011887e+01,6.847624765040080774e+01,6.871105334936675035e+01,6.854622721201019431e+01,6.857683277503885222e+01,6.855140004515145336e+01,6.841004611446585670e+01,6.868103018651741820e+01,6.861192464474730457e+01,6.877483685559812443e+01,6.880833092650429705e+01,6.863556096018918140e+01,6.880725912523647025e+01,6.863661526173740413e+01,6.881875353284637242e+01,6.877673946914562464e+01,6.871298207978354355e+01,6.862830044318893385e+01,6.878756011277246785e+01,6.853826936676527737e+01,6.884819359355292079e+01,6.876700355256002695e+01,6.873952624450024018e+01,6.868492772047918038e+01,6.876106134137650372e+01,6.875855062121361527e+01,6.876074880682857327e+01,6.878968751747565591e+01,6.877962190491342653e+01,6.880765672379077103e+01,6.877907078701962007e+01,6.880349172011690939e+01,6.875269712332480765e+01,6.879904850388560078e+01,6.873781236571615239e+01,6.884839353266383455e+01
6.875047208262752463e+01,6.869249409279352392e+01,6.880838080178510552e+01,6.853159945326606817e+01,6.873767155043169907e+01,6.874479247953551919e+01,6.869489215793794301e+01,6.881022900010478338e+01,6.866753101537968007e+01,6.867204309762493608e+01,6.878584071375290421e+01,6.878511237369022524e+01,6.875433183653443336e+01,6.877674097361169459e+01,6.872344665692298804e+01,6.874681928692092470e+01,6.873059790951475634e+01,6.880342155792111214e+01,6.877056519988296657e+01,6.874434994096424134e+01,6.871796973811655107e+01,6.873236619974470329e+01,6.874851883454664403e+01,6.877061187569353251e+01,6.875868763432858088e+01,6.852368813643386147e+01,6.870784035869148454e+01,6.876572289924942538e+01,6.851340978144365579e+01,6.875915926696985991e+01,6.858227568888626990e+01,6.876845534495802781e+01,6.866033966214969553e+01,6.877216137263806672e+01,6.876073810976852485e+01,6.874614866362934151e+01,6.869875204011616177e+01,6.881773624489994745e+01,6.862772567245421840e+01,6.877663111883511249e+01,6.852157490757078051e+01,6.881014963694084940e+01,6.860127988057419657e+01,6.860750768700228264e+01,6.858713414322552637e+01,6.835847516141922142e+01,6.869515797402884516e+01,6.863330970588894786e+01,6.867355450582367382e+01,6.886207143381028573e+01,6.867834865911559916e+01,6.881813348321516344e+01,6.879518065605888921e+01,6.882166170677083983e+01,6.879016268739214013e+01,6.879223881424088916e+01,6.859141937577801684e+01,6.883045072017466737e+01,6.858749161495198621e+01,6.879939343566782384e+01,6.880945479716966418e+01,6.883037279899937744e+01,6.874706628786309182e+01,6.873930778536289665e+01,6.877167997304741220e+01,6.880085536463134588e+01,6.867806069066600116e+01,6.880150843974686836e+01,6.879589096698003914e+01,6.879771119028892201e+01,6.878988866752253273e+01,6.873224140692644824e+01,6.876314442586462405e+01,6.873774593829087109e+01,6.881773624489994745e+01
6.857170825562752725e+01,6.861661593966368855e+01,6.865915242340487623e+01,6.828718403963694072e+01,6.853724755895905218e+01,6.853207766201849438e+01,6.854519170863765964e+01,6.866537339074932333e+01,6.855792262342805543e+01,6.860249266566182769e+01,6.866055947573940443e+01,6.863463003319235156e+01,6.866238252772050998e+01,6.869763818184647164e+01,6.862568569742747115e+01,6.860075881540389275e+01,6.862414532618448959e+01,6.869383763568119150e+01,6.859767838336874490e+01,6.872494595963652841e+01,6.862981227981525478e+01,6.855111618942130747e+01,6.854039920869520586e+01,6.858321980398682172e+01,6.857468161830317399e+01,6.839944130346412976e+01,6.869948715461420363e+01,6.861747315286083904e+01,6.838798737074942835e+01,6.854743552157252395e+01,6.851416494959839554e+01,6.859238375991918701e+01,6.857160065878686339e+01,6.866281078535364202e+01,6.858249054405418121e+01,6.854796003105275304e+01,6.862292319435540833e+01,6.862772567245421840e+01,6.865600168481816468e+01,6.859474771005857008e+01,6.835319724877288650e+01,6.857770286237342816e+01,6.858978078052670924e+01,6.846369023596436421e+01,6.837766096489545475e+01,6.833516041076754277e+01,6.851080746297458290e+01,6.862740671060554121e+01,6.854756462448041532e+01,6.869721879356470140e+01,6.854566276774176004e+01,6.867691456207113276e+01,6.871559694423869757e+01,6.861475605307703063e+01,6.869957253435048017e+01,6.863617586872099707e+01,6.858174084031459472e+01,6.866585466359043721e+01,6.846902307083466610e+01,6.865355429993317671e+01,6.865235542674518854e+01,6.863613560731187135e+01,6.851827968792328249e+01,6.854487633656749779e+01,6.853856815285041648e+01,6.858204862214327591e+01,6.851466271308410683e+01,6.853716048651318715e+01,6.861478750230016033e+01,6.864784261099680407e+01,6.866287292866141456e+01,6.860924871088445798e+01,6.869136162519085076e+01,6.861120490051955301e+01,6.865600168481816468e+01
6.867561036961102161e+01,6.865841211920962905e+01,6.879539480261327355e+01,6.845687107341372268e+01,6.873582044196500362e+01,6.866143008975710416e+01,6.858753102679024494e+01,6.876469186165725489e+01,6.868294705606751904e+01,6.860326729163071491e+01,6.875348998163313752e+01,6.878436720386255843e+01,6.868037364539101475e+01,6.874288517811092447e+01,6.873504143653354959e+01,6.876849010695461573e+01,6.871518451461497534e+01,6.877734474447288449e+01,6.873439217296126458e+01,6.875961788891444826e+01,6.869890500047277726e+01,6.879354745464813448e+01,6.875342622807674786e+01,6.879039262367450647e+01,6.873839584466482222e+01,6.851608977561873814e+01,6.874780106713720329e+01,6.875543567400764289e+01,6.853244486630607923e+01,6.869881512253938638e+01,6.858977252092323340e+01,6.871726823160693698e+01,6.866679064223259843e+01,6.866903970606264807e+01,6.874309599617316735e+01,6.872831599450583440e+01,6.877885001654011887e+01,6.877663111883511249e+01,6.859474771005857008e+01,6.872808250766986760e+01,6.852608914758356207e+01,6.873966782161367917e+01,6.856514975770821252e+01,6.854940553067541487e+01,6.854732248535499650e+01,6.837594707323746945e+01,6.862078439682530018e+01,6.858471499786070069e+01,6.864093141065221459e+01,6.876308835286735643e+01,6.863069226218024710e+01,6.874281304483946542e+01,6.873044848691318975e+01,6.874461991918489900e+01,6.875135622155200110e+01,6.871183203425607644e+01,6.868194316422901124e+01,6.870553348576900987e+01,6.850850451623129800e+01,6.872681661595957792e+01,6.873398417433662644e+01,6.869761249910040135e+01,6.864213187341758271e+01,6.865242689249593866e+01,6.867641479531427251e+01,6.864491732921364076e+01,6.864171528990694071e+01,6.868709754698301140e+01,6.873824233673727235e+01,6.869520441756156970e+01,6.872067175346461454e+01,6.867370019109587531e+01,6.870509919556631928e+01,6.867568807897288252e+01,6.872808250766986760e+01
6.850759672655438237e+01,6.848784584149672128e+01,6.855089243312202996e+01,6.828391163927554430e+01,6.850852412721073392e+01,6.856985077272035767e+01,6.835089052945805577e+01,6.850232334666370093e+01,6.844886258966339199e+01,6.841002554550439640e+01,6.855292301802523980e+01,6.857881897931873993e+01,6.858614470782417527e+01,6.848769555629783667e+01,6.851913126585141356e+01,6.850953398950586859e+01,6.851879478370943843e+01,6.854017575291517517e+01,6.858055080538449033e+01,6.861173570738611716e+01,6.844955191766348435e+01,6.848478210314746661e+01,6.847578714206767359e+01,6.850049629750138536e+01,6.843225540117711603e+01,6.825074665622014436e+01,6.842756473059999678e+01,6.862151618866451486e+01,6.840779713317895983e+01,6.851244005526864100e+01,6.834991489971756096e+01,6.858933655112329575e+01,6.848783082776105857e+01,6.849284862335674973e+01,6.852446083499428653e+01,6.848727430005183692e+01,6.847624765040080774e+01,6.852157490757078051e+01,6.835319724877288650e+01,6.852608914758356207e+01,6.856923909383579030e+01,6.846676227123656133e+01,6.838501862493272654e+01,6.836204802413648451e+01,6.834564948616743152e+01,6.819529922398822919e+01,6.849792059755203866e+01,6.842389876517522396e+01,6.846639312332330007e+01,6.860744836308818151e+01,6.843946888485787383e+01,6.838726735834239889e+01,6.854346520899771633e+01,6.854761429387230010e+01,6.851045145605752396e+01,6.859348655622069657e+01,6.831882567848501253e+01,6.864911090179924713e+01,6.835123771542799886e+01,6.851073630505069900e+01,6.851396926202262705e+01,6.855609628413195367e+01,6.838506477774647863e+01,6.846829931784769485e+01,6.844693811326294508e+01,6.853697020469896017e+01,6.843804638113874717e+01,6.850131849233224557e+01,6.848433220024125490e+01,6.856645901823684142e+01,6.853385290267139851e+01,6.846741377276325125e+01,6.854157338672612809e+01,6.845791369135042714e+01,6.856923909383579030e+01
6.873891020624037651e+01,6.869001350844550302e+01,6.884944990697528056e+01,6.853293711246563191e+01,6.876881328027441498e+01,6.861526345563747498e+01,6.862580847219939528e+01,6.878397318815225958e+01,6.864805173925468296e+01,6.865195677888958414e+01,6.881630480720657772e+01,6.877066843595596879e+01,6.879249164203697831e+01,6.872060024769334063e+01,6.869581836999300606e+01,6.877580721180500234e+01,6.874975052420491295e+01,6.876364407580798854e+01,6.874385468127488252e+01,6.880052790057705181e+01,6.873097314456356344e+01,6.878397399512603272e+01,6.865945224140452297e+01,6.877162409933298193e+01,6.875400555848676731e+01,6.856520644957035415e+01,6.869962079332830740e+01,6.879851901965801630e+01,6.849353202312448730e+01,6.879862099596174119e+01,6.858368237890910279e+01,6.879479367867064354e+01,6.868758343613433226e+01,6.875472998094863897e+01,6.868145095973733305e+01,6.874602349429412129e+01,6.871105334936675035e+01,6.881014963694084940e+01,6.857770286237342816e+01,6.873966782161367917e+01,6.846676227123656133e+01,6.880495576665117596e+01,6.860145847209312819e+01,6.862446705261588420e+01,6.853187515211807579e+01,6.838347806921535721e+01,6.872626777471549531e+01,6.868533679861724295e+01,6.871374048731510698e+01,6.889428981845117050e+01,6.865371066313194603e+01,6.880046086620311030e+01,6.873373468817693777e+01,6.878757224765651301e+01,6.879278227301671222e+01,6.880355296556271583e+01,6.865002551771631545e+01,6.887012485660793004e+01,6.855685184168615365e+01,6.873954194390871919e+01,6.879680928756523883e+01,6.873393054401122981e+01,6.872628592303033201e+01,6.877624824793771552e+01,6.869689272106947442e+01,6.876587349608864486e+01,6.874694717772690922e+01,6.877948183652129899e+01,6.876464707518563557e+01,6.877357822239351037e+01,6.872935175157482490e+01,6.872411201718283280e+01,6.875675272719409747e+01,6.867668060548021458e+01,6.880495576665117596e+01
6.861414420796337765e+01,6.858948380841336245e+01,6.865325332265048530e+01,6.840170114375135313e+01,6.858158221264606880e+01,6.857742443815224931e+01,6.849537551238429955e+01,6.865841057520628965e+01,6.853454859887722250e+01,6.859446359546156202e+01,6.865851038563454267e+01,6.863360771616525824e+01,6.858981789488711911e+01,6.866632654004456526e+01,6.856791815335932938e+01,6.862901070300173956e+01,6.862917156623635151e+01,6.870702119815376818e+01,6.866174867412009064e+01,6.864075839168883419e+01,6.857044527033670533e+01,6.859944840582409142e+01,6.856494407344528952e+01,6.859768990626820084e+01,6.859990447943251013e+01,6.841739325190012266e+01,6.854929090998729180e+01,6.862186449258416587e+01,6.842600430176149473e+01,6.870186819304097980e+01,6.846517628495949737e+01,6.860839216618221315e+01,6.853391826965929567e+01,6.857716554495635819e+01,6.855927235545023279e+01,6.859329635551875981e+01,6.854622721201019431e+01,6.860127988057419657e+01,6.858978078052670924e+01,6.856514975770821252e+01,6.838501862493272654e+01,6.860145847209312819e+01,6.864402430192562576e+01,6.848544072373125857e+01,6.845591645437643535e+01,6.823464771601592815e+01,6.858248421312616472e+01,6.860466820954653144e+01,6.850742685607622207e+01,6.866264992818192070e+01,6.853153270816160614e+01,6.848466879139196806e+01,6.863621594738440024e+01,6.863490048586614023e+01,6.876341010833843370e+01,6.860882367444118302e+01,6.864309564806856656e+01,6.875997949215741301e+01,6.841459018788100366e+01,6.865384904518582232e+01,6.864722915211085308e+01,6.865731709621773859e+01,6.859183355340120158e+01,6.860259004918977155e+01,6.856226090820280206e+01,6.857621851357930609e+01,6.861085244782347559e+01,6.856095184871637116e+01,6.863982559014536378e+01,6.860276712704178692e+01,6.856927388260604062e+01,6.856480968596163450e+01,6.856421817824013942e+01,6.850098810465301824e+01,6.864402430192562576e+01
6.862683576622563919e+01,6.858875124524217881e+01,6.871243820688725634e+01,6.835657282752394792e+01,6.860178913566497272e+01,6.852592842103723569e+01,6.852896638442254584e+01,6.861855356907618386e+01,6.860045863737929039e+01,6.853246186123233485e+01,6.863542845056829833e+01,6.854914662929746783e+01,6.859582850129460496e+01,6.864946670063460488e+01,6.856931254647624030e+01,6.862535616922235704e+01,6.859637776619086935e+01,6.861343599921264058e+01,6.854260172861684453e+01,6.862232677116011814e+01,6.858846412886826727e+01,6.863323864533262508e+01,6.855688496183461211e+01,6.863466636637325280e+01,6.844531372834407534e+01,6.842408135775120570e+01,6.853639183140649038e+01,6.862995652054230789e+01,6.843989880873438381e+01,6.860424124949199154e+01,6.841896446453576175e+01,6.862130008536612991e+01,6.855864756601208398e+01,6.863615370956102879e+01,6.851893875539751377e+01,6.860026862959844607e+01,6.857683277503885222e+01,6.860750768700228264e+01,6.846369023596436421e+01,6.854940553067541487e+01,6.836204802413648451e+01,6.862446705261588420e+01,6.848544072373125857e+01,6.859944228632251395e+01,6.836730551555992008e+01,6.814767185555564311e+01,6.851936460062952960e+01,6.855095554841085459e+01,6.860329144971451854e+01,6.854149187125980802e+01,6.854430540180673859e+01,6.851215221791171928e+01,6.860219051736318363e+01,6.860175775045330226e+01,6.854794743378636213e+01,6.854223480749841713e+01,6.850785227643270048e+01,6.860990893727949924e+01,6.837281512529692407e+01,6.854330697202632905e+01,6.854727431228539558e+01,6.860033055644912281e+01,6.849515550279122067e+01,6.856931542163205506e+01,6.852473554794610777e+01,6.853703566473234332e+01,6.847585780209476525e+01,6.859551909860496721e+01,6.855333887959859851e+01,6.856622802071987621e+01,6.853686892732510216e+01,6.857471695928352062e+01,6.853207747172473319e+01,6.847511654913141399e+01,6.859944228632251395e+01
6.850615306295840412e+01,6.863568421705217304e+01,6.866426147111448586e+01,6.825463509593875244e+01,6.853552228772772992e+01,6.855638709486558469e+01,6.850280381361415039e+01,6.852839907835341648e+01,6.853057125043324049e+01,6.849703733022633401e+01,6.856194893372116894e+01,6.858110378188901279e+01,6.859815647029832064e+01,6.861631728163388289e+01,6.854002758774186077e+01,6.861237390687887228e+01,6.854977453040820023e+01,6.859310408550098259e+01,6.853906695108101133e+01,6.860718296980778064e+01,6.855368186704035338e+01,6.855933051201294859e+01,6.861669587491057598e+01,6.852511797811669680e+01,6.861184407710062771e+01,6.829869336280786740e+01,6.860653768121004248e+01,6.859765985290653134e+01,6.840937625029594926e+01,6.854531298176048892e+01,6.843717581194323429e+01,6.858933610467038022e+01,6.852329079002659284e+01,6.861315220297700535e+01,6.855162158855233656e+01,6.846210794863127092e+01,6.855140004515145336e+01,6.858713414322552637e+01,6.837766096489545475e+01,6.854732248535499650e+01,6.834564948616743152e+01,6.853187515211807579e+01,6.845591645437643535e+01,6.836730551555992008e+01,6.854919408472842690e+01,6.809731983492171992e+01,6.852049229903308003e+01,6.839745833938965802e+01,6.858601489283657315e+01,6.862418102499005101e+01,6.850866158103518444e+01,6.858980756102886289e+01,6.851828959907962258e+01,6.855913203003886736e+01,6.855507738040269317e+01,6.858544468459142252e+01,6.854224842995881772e+01,6.865955418863563864e+01,6.838618691175891229e+01,6.855144057755998688e+01,6.854305202868002311e+01,6.845762387491305390e+01,6.843081535114639280e+01,6.853433241378206731e+01,6.853371040722370822e+01,6.852783049565226747e+01,6.849296114362236665e+01,6.850467438260213271e+01,6.850691357903791356e+01,6.852962219817769096e+01,6.847551915650922183e+01,6.843454141936760493e+01,6.847080734419893133e+01,6.842408576527867581e+01,6.854919408472842690e+01
6.833859282819435066e+01,6.803245993487993815e+01,6.836393334223507168e+01,6.824236703673804527e+01,6.839889809609400118e+01,6.833949367667825925e+01,6.836151418386974399e+01,6.842641837673069460e+01,6.828148067568042734e+01,6.833058328594604802e+01,6.836178469558151960e+01,6.838136282821545819e+01,6.841120424905624020e+01,6.829104375372156710e+01,6.837628440430043497e+01,6.840947846197022386e+01,6.841679643634195429e+01,6.831633874675790707e+01,6.828003925882086378e+01,6.838775222637880802e+01,6.837865870619927477e+01,6.833322562140557466e+01,6.835424045048196717e+01,6.842140339468168975e+01,6.832538777116499773e+01,6.807537570974783137e+01,6.835332336963972466e+01,6.836586116956976866e+01,6.827989643311528312e+01,6.838320681997311112e+01,6.824216942004301245e+01,6.842773130342798993e+01,6.828694953587253735e+01,6.836111550931501313e+01,6.823768262011384422e+01,6.832069670906071224e+01,6.841004611446585670e+01,6.835847516141922142e+01,6.833516041076754277e+01,6.837594707323746945e+01,6.819529922398822919e+01,6.838347806921535721e+01,6.823464771601592815e+01,6.814767185555564311e+01,6.809731983492171992e+01,6.837640457129964489e+01,6.822222965051950894e+01,6.816038754176629766e+01,6.835162970949168937e+01,6.846480646393233371e+01,6.835222187902726887e+01,6.838856926926513324e+01,6.840143344714009288e+01,6.841831444940545737e+01,6.835047796071746973e+01,6.837282826891507170e+01,6.833603980604034689e+01,6.845730601196903820e+01,6.820972626896802637e+01,6.833850984199206380e+01,6.833025460908109494e+01,6.829595165567083370e+01,6.821709462705408100e+01,6.830168736162055154e+01,6.835645117851201746e+01,6.835768326941335715e+01,6.828475694147823560e+01,6.834524899826978128e+01,6.831193604076254644e+01,6.836022625943947162e+01,6.834884802605682808e+01,6.825119809581642016e+01,6.828433282849904629e+01,6.828059569121592176e+01,6.837640457129964489e+01
6.861078430532478478e+01,6.858998311677049742e+01,6.874921998764313003e+01,6.852658532800799662e+01,6.865327824002710599e+01,6.868610082246489412e+01,6.856909237571342430e+01,6.871510132255342285e+01,6.866025080051724672e+01,6.861140493892179393e+01,6.867378813625315104e+01,6.870896697337170167e+01,6.867472759050721720e+01,6.877662267927429696e+01,6.869246319839197668e+01,6.872741149039518405e+01,6.869488472853602445e+01,6.872779520066252701e+01,6.866765588647851359e+01,6.874187864111161161e+01,6.863673543895134799e+01,6.866421037716366982e+01,6.864463483930168763e+01,6.862477794758939353e+01,6.862134957870983953e+01,6.849131006633371044e+01,6.855209454644153766e+01,6.864851572833804028e+01,6.853580477258016401e+01,6.864400094925314022e+01,6.852274966482201535e+01,6.871683973390820199e+01,6.868795470674071169e+01,6.864901334305440628e+01,6.864615218562458665e+01,6.867065499625411462e+01,6.868103018651741820e+01,6.869515797402884516e+01,6.851080746297458290e+01,6.862078439682530018e+01,6.849792059755203866e+01,6.872626777471549531e+01,6.858248421312616472e+01,6.851936460062952960e+01,6.852049229903308003e+01,6.822222965051950894e+01,6.871621776628538214e+01,6.861768106813312329e+01,6.858925028521549905e+01,6.881953283232699903e+01,6.860935544567875866e+01,6.872071460168569956e+01,6.873023551122010133e+01,6.868962179639876808e+01,6.875114584247037897e+01,6.868022762358434363e+01,6.858850728240513206e+01,6.877477139885483837e+01,6.842518727043585614e+01,6.868133413121246633e+01,6.871452535139472673e+01,6.874123462348623548e+01,6.863653043716564639e+01,6.869749719941229671e+01,6.865109882987610490e+01,6.865258935073923396e+01,6.859988608997203130e+01,6.868450107370236424e+01,6.867966340052416285e+01,6.865683389012259852e+01,6.870030457361471576e+01,6.864563104030501961e+01,6.874037862556554046e+01,6.863167645338666034e+01,6.871621776628538214e+01
6.863890544863365051e+01,6.856621701721323348e+01,6.874082567582361492e+01,6.853818656150160393e+01,6.863408335032571017e+01,6.866531219278448361e+01,6.847561468724829581e+01,6.867470387984265301e+01,6.865968695153578949e+01,6.859083665161301724e+01,6.856352059222759010e+01,6.863502116520754726e+01,6.859598690845618307e+01,6.870055499678782951e+01,6.859669769169568099e+01,6.865558778268297146e+01,6.860103392351082618e+01,6.869427307458124687e+01,6.856985389281560117e+01,6.865697506780918502e+01,6.852020055181048974e+01,6.865097718643711744e+01,6.859183078977393677e+01,6.865597834255042642e+01,6.859424991627476231e+01,6.843533162860462937e+01,6.863369878147024394e+01,6.861847752505867959e+01,6.850790720361820263e+01,6.857411541995311666e+01,6.860119596399249531e+01,6.858982709069212547e+01,6.872602491892001808e+01,6.864749655255364758e+01,6.856091761147948205e+01,6.856752551294670184e+01,6.861192464474730457e+01,6.863330970588894786e+01,6.862740671060554121e+01,6.858471499786070069e+01,6.842389876517522396e+01,6.868533679861724295e+01,6.860466820954653144e+01,6.855095554841085459e+01,6.839745833938965802e+01,6.816038754176629766e+01,6.861768106813312329e+01,6.856870370549387417e+01,6.858261857579694265e+01,6.872831315916332073e+01,6.871347782500080825e+01,6.864093654086354945e+01,6.860045602914746610e+01,6.854827496465883030e+01,6.864910283277454539e+01,6.860707869973194306e+01,6.848894545714034621e+01,6.861810049874168271e+01,6.839022138047351973e+01,6.858520898822966672e+01,6.862243619239977477e+01,6.862528052759256525e+01,6.843794024438408030e+01,6.856936708304139927e+01,6.861438044081390331e+01,6.860042950160699604e+01,6.844335429964341699e+01,6.861887733359259300e+01,6.858102264708915641e+01,6.861280194417372513e+01,6.861104569015739685e+01,6.855390821868743956e+01,6.859247003713331026e+01,6.851043532113591539e+01,6.856870370549387417e+01
6.872106439562418245e+01,6.867525300787015397e+01,6.880999950751787253e+01,6.848049146338752280e+01,6.878377857762643544e+01,6.858160636613980898e+01,6.852703646651039548e+01,6.876892615446857349e+01,6.862219881238422658e+01,6.863854342564499689e+01,6.876671334953606163e+01,6.875634425825070650e+01,6.878127231100042138e+01,6.865263065317903113e+01,6.877138439593913688e+01,6.876184232048680656e+01,6.880798986521345739e+01,6.876915553578236029e+01,6.874411217824268761e+01,6.875485593619224289e+01,6.871807264694274409e+01,6.875599302995215112e+01,6.872902390924522820e+01,6.886102555272059078e+01,6.873998451888257932e+01,6.850208212514641559e+01,6.871374071175382880e+01,6.876952359504005585e+01,6.846526740042229164e+01,6.872603641539430441e+01,6.860661096233602052e+01,6.873819319400854511e+01,6.865794345572766133e+01,6.876730295311668328e+01,6.870551174447521703e+01,6.871309005565942130e+01,6.877483685559812443e+01,6.867355450582367382e+01,6.854756462448041532e+01,6.864093141065221459e+01,6.846639312332330007e+01,6.871374048731510698e+01,6.850742685607622207e+01,6.860329144971451854e+01,6.858601489283657315e+01,6.835162970949168937e+01,6.858925028521549905e+01,6.858261857579694265e+01,6.877080820318045085e+01,6.889243571826568768e+01,6.862983721606936172e+01,6.869826292244690080e+01,6.867986704427937639e+01,6.870652880980712496e+01,6.867128742309533607e+01,6.878195013635051680e+01,6.860977160296891952e+01,6.881703713872443018e+01,6.843739775818325199e+01,6.877179687711695522e+01,6.877731003185144232e+01,6.876128618270949744e+01,6.868512811342104385e+01,6.874385800203081942e+01,6.877958916578035087e+01,6.874602089346947764e+01,6.867385558945989033e+01,6.879747362461689875e+01,6.878847070889533200e+01,6.876893301226176902e+01,6.872244290465313554e+01,6.868442152407408230e+01,6.876824058571642695e+01,6.869691109455155242e+01,6.877080820318045085e+01
6.870699326285227926e+01,6.878571098993998589e+01,6.896848834324957522e+01,6.862276524491026919e+01,6.880095881890608212e+01,6.887809587267460643e+01,6.885538118869300206e+01,6.899236863496828676e+01,6.876322759717112376e+01,6.871978729362922422e+01,6.887775632600988729e+01,6.875304991345248595e+01,6.892136219411440834e+01,6.888792596272944024e+01,6.878374066710790657e+01,6.888878613490031455e+01,6.883682283222556464e+01,6.898508242159368820e+01,6.881094145046542110e+01,6.882378989463899188e+01,6.880188218206599515e+01,6.881549616521766666e+01,6.868135288304040387e+01,6.889541366614689366e+01,6.883462940101428273e+01,6.873195420668422173e+01,6.877555539788590977e+01,6.884953736511215538e+01,6.858094445677592432e+01,6.888932191758915735e+01,6.860902851140021141e+01,6.884790522415497094e+01,6.898241428563234479e+01,6.889284921431895725e+01,6.887132227649587435e+01,6.886965577588514975e+01,6.880833092650429705e+01,6.886207143381028573e+01,6.869721879356470140e+01,6.876308835286735643e+01,6.860744836308818151e+01,6.889428981845117050e+01,6.866264992818192070e+01,6.854149187125980802e+01,6.862418102499005101e+01,6.846480646393233371e+01,6.881953283232699903e+01,6.872831315916332073e+01,6.889243571826568768e+01,6.885371235892125696e+01,6.890543223054314126e+01,6.870779958838090806e+01,6.888968562925816741e+01,6.881827004778780577e+01,6.884785987749249614e+01,6.882765005498312405e+01,6.871422149445616867e+01,6.884906203287316373e+01,6.863793190274300571e+01,6.887707795545277634e+01,6.887799128145960026e+01,6.880159581965055793e+01,6.876410699885882138e+01,6.884257467469981862e+01,6.883126293120859884e+01,6.876512344188543580e+01,6.870607136180134944e+01,6.888489565260061909e+01,6.896242386213397424e+01,6.887433728311278003e+01,6.890644070509239327e+01,6.887336218578938940e+01,6.886460658865853190e+01,6.881759634873996845e+01,6.885371235892125696e+01
6.874207459477250381e+01,6.866549847750286517e+01,6.877408830495184588e+01,6.854383565621793650e+01,6.871642827772892304e+01,6.868886584176506460e+01,6.873047562628963192e+01,6.877597586906982485e+01,6.863261670533613312e+01,6.869788129434513735e+01,6.865570195858310854e+01,6.871460562036861575e+01,6.873007373332306713e+01,6.871065333965502475e+01,6.865557507613114296e+01,6.873686514672607473e+01,6.868573837754847489e+01,6.879609054682143210e+01,6.868443645961576749e+01,6.873808319849847237e+01,6.865621882546967925e+01,6.863947638994487477e+01,6.862337223826638422e+01,6.872525388382648259e+01,6.869834906277195330e+01,6.857950792401882723e+01,6.865847796047498264e+01,6.863458402328573982e+01,6.859368926889484896e+01,6.865794989783982771e+01,6.862172377319188854e+01,6.866087100129212217e+01,6.881419341715182725e+01,6.872638990220646349e+01,6.864304151178475877e+01,6.869992958945148587e+01,6.863556096018918140e+01,6.867834865911559916e+01,6.854566276774176004e+01,6.863069226218024710e+01,6.843946888485787383e+01,6.865371066313194603e+01,6.853153270816160614e+01,6.854430540180673859e+01,6.850866158103518444e+01,6.835222187902726887e+01,6.860935544567875866e+01,6.871347782500080825e+01,6.862983721606936172e+01,6.890543223054314126e+01,6.865864910677103694e+01,6.866772633367344270e+01,6.864552855041070245e+01,6.866999039625191870e+01,6.873055624207252379e+01,6.870484199053163366e+01,6.856877045636534262e+01,6.866109869376042241e+01,6.844714584806082769e+01,6.873861180192098175e+01,6.873077063463320258e+01,6.876907496994427049e+01,6.861181351560067299e+01,6.876507525354968209e+01,6.872226172130095279e+01,6.861389969437364300e+01,6.858299238300165257e+01,6.865372780591518165e+01,6.868715341320830703e+01,6.871364792450556536e+01,6.868493162226950233e+01,6.863741536991459213e+01,6.870634292913051411e+01,6.864985223602046460e+01,6.865864910677103694e+01
6.877624935328282163e+01,6.874467791487582247e+01,6.885192427583474739e+01,6.841923903891698444e+01,6.870382031929777611e+01,6.874178071058990724e+01,6.860806119964253469e+01,6.888219756936682359e+01,6.861127859634925130e+01,6.867293344273568323e+01,6.879595273478371098e+01,6.877256011368407940e+01,6.880363768003873304e+01,6.877819706974061376e+01,6.884746634160464396e+01,6.881530512620810214e+01,6.873140179950678430e+01,6.882512868382109161e+01,6.874960585329988305e+01,6.878846185968883731e+01,6.875630841033796514e+01,6.878041866282970318e+01,6.875814289066173046e+01,6.875084800561393195e+01,6.874689613909433206e+01,6.852925559313776205e+01,6.867880446199902167e+01,6.881312338387101590e+01,6.847644993871125507e+01,6.874211738960499929e+01,6.866249387075123423e+01,6.875330865226975163e+01,6.871590837086435499e+01,6.884059350994633064e+01,6.882937935524613238e+01,6.877236330530519126e+01,6.880725912523647025e+01,6.881813348321516344e+01,6.867691456207113276e+01,6.874281304483946542e+01,6.838726735834239889e+01,6.880046086620311030e+01,6.848466879139196806e+01,6.851215221791171928e+01,6.858980756102886289e+01,6.838856926926513324e+01,6.872071460168569956e+01,6.864093654086354945e+01,6.869826292244690080e+01,6.870779958838090806e+01,6.866772633367344270e+01,6.879900092048498550e+01,6.879888986225059000e+01,6.886665245182690853e+01,6.882375162159304693e+01,6.879258611410084256e+01,6.872785829030908644e+01,6.887354303735800443e+01,6.858357143485704910e+01,6.877102666893027560e+01,6.876148107506490703e+01,6.872906495428824769e+01,6.879829274449204490e+01,6.885402136214744928e+01,6.862927783616972022e+01,6.869134080551654620e+01,6.866990661306576271e+01,6.876812670567302632e+01,6.878245073651083885e+01,6.873971244565746019e+01,6.879595265003013083e+01,6.875311953077847704e+01,6.879090631748239559e+01,6.877585598929026389e+01,6.879900092048498550e+01
6.875027116023618134e+01,6.871194742304915337e+01,6.882157651077844207e+01,6.848946699173109209e+01,6.882259081119489963e+01,6.867254600949218002e+01,6.867794967413792051e+01,6.884155518272902441e+01,6.872922893647901788e+01,6.864041891743698898e+01,6.882145033925804967e+01,6.879982617882602369e+01,6.877314986742827330e+01,6.879799657532308288e+01,6.870475725843759562e+01,6.878463179504230141e+01,6.878141931036361711e+01,6.879626270163960555e+01,6.877738130026615693e+01,6.879137025472874711e+01,6.873856056799240832e+01,6.876025320268688290e+01,6.872675711803275078e+01,6.872635079340479081e+01,6.873707408335675950e+01,6.852306753802599815e+01,6.875937189017076889e+01,6.877285393950471359e+01,6.860362148103061486e+01,6.874845814835916258e+01,6.859897395348281179e+01,6.881102386785151737e+01,6.871214889365718648e+01,6.874790807815720939e+01,6.866376942600777511e+01,6.875499630694361031e+01,6.863661526173740413e+01,6.879518065605888921e+01,6.871559694423869757e+01,6.873044848691318975e+01,6.854346520899771633e+01,6.873373468817693777e+01,6.863621594738440024e+01,6.860219051736318363e+01,6.851828959907962258e+01,6.840143344714009288e+01,6.873023551122010133e+01,6.860045602914746610e+01,6.867986704427937639e+01,6.888968562925816741e+01,6.864552855041070245e+01,6.879888986225059000e+01,6.879322423934677033e+01,6.874705001568098339e+01,6.882246239939634336e+01,6.873024744651695528e+01,6.863850781640947218e+01,6.881416034397183523e+01,6.847912741609285092e+01,6.876931780295979024e+01,6.873114472578384948e+01,6.872217405467412732e+01,6.866824184641248507e+01,6.874231661772284951e+01,6.876619282360324803e+01,6.873292304343345904e+01,6.865265047330795767e+01,6.874882495894676993e+01,6.875092659105055759e+01,6.877398055904781415e+01,6.881439941186661713e+01,6.871231833025984770e+01,6.877085062432202278e+01,6.871702086678220667e+01,6.879322423934677033e+01
6.871950363628306491e+01,6.868492861932223548e+01,6.883058759264156379e+01,6.848059427870077798e+01,6.882112067604558092e+01,6.871990710024948612e+01,6.866110861296202472e+01,6.882134671532955394e+01,6.876717213531816242e+01,6.869406991627859327e+01,6.881898902098649273e+01,6.879722172211091902e+01,6.877779712113824928e+01,6.874657950337343948e+01,6.878644025356784653e+01,6.879619316177486610e+01,6.876608096163938910e+01,6.886484403485233941e+01,6.879969786451282232e+01,6.878533603472575919e+01,6.875991315117543934e+01,6.872884499175513895e+01,6.874923848296640472e+01,6.881111178186803556e+01,6.875739556808333930e+01,6.854762384199429448e+01,6.875017180336368483e+01,6.881083541579494067e+01,6.854358744190946595e+01,6.875617398844543970e+01,6.863019734312632636e+01,6.878101745085561447e+01,6.875611584664790144e+01,6.872102438111613765e+01,6.875002061091869621e+01,6.874221451334226174e+01,6.881875353284637242e+01,6.882166170677083983e+01,6.861475605307703063e+01,6.874461991918489900e+01,6.854761429387230010e+01,6.878757224765651301e+01,6.863490048586614023e+01,6.860175775045330226e+01,6.855913203003886736e+01,6.841831444940545737e+01,6.868962179639876808e+01,6.854827496465883030e+01,6.870652880980712496e+01,6.881827004778780577e+01,6.866999039625191870e+01,6.886665245182690853e+01,6.874705001568098339e+01,6.881185427624191675e+01,6.880434449122806484e+01,6.876981792062653653e+01,6.871843407725776842e+01,6.885388619092596230e+01,6.850308366308159691e+01,6.878927789606137821e+01,6.880931943346199375e+01,6.881269552337317919e+01,6.872147211701850722e+01,6.875845853768991844e+01,6.872540423738477955e+01,6.873039778482650775e+01,6.871742408969703320e+01,6.881344020308398512e+01,6.879435946826411907e+01,6.878992000656241146e+01,6.874671773131169061e+01,6.875913989570435092e+01,6.875183992756454643e+01,6.872210638105499925e+01,6.881185427624191675e+01
6.874183646921183310e+01,6.871464158415025736e+01,6.885312430160588804e+01,6.850225870285180463e+01,6.874936184481174450e+01,6.871672220833193023e+01,6.867042114235735539e+01,6.883163084935142706e+01,6.868757527736603663e+01,6.873463134865134805e+01,6.883531090971347055e+01,6.877582667825838314e+01,6.882361638170073093e+01,6.881483768158179259e+01,6.880297130988462584e+01,6.879318267145991683e+01,6.880436673324207675e+01,6.883335602291722921e+01,6.876108999537660793e+01,6.877470406799875491e+01,6.876231672172606579e+01,6.874501726867170248e+01,6.872686317120310662e+01,6.880690404791873505e+01,6.876196632349349613e+01,6.851241710776048421e+01,6.883417886000674457e+01,6.874819165015870226e+01,6.860576746378914947e+01,6.881458984551234437e+01,6.860873399249437909e+01,6.873647054584458260e+01,6.878734523874658180e+01,6.878987541711040876e+01,6.873670931875410872e+01,6.875151780466052287e+01,6.877673946914562464e+01,6.879016268739214013e+01,6.869957253435048017e+01,6.875135622155200110e+01,6.851045145605752396e+01,6.879278227301671222e+01,6.876341010833843370e+01,6.854794743378636213e+01,6.855507738040269317e+01,6.835047796071746973e+01,6.875114584247037897e+01,6.864910283277454539e+01,6.867128742309533607e+01,6.884785987749249614e+01,6.873055624207252379e+01,6.882375162159304693e+01,6.882246239939634336e+01,6.880434449122806484e+01,6.879082664623854271e+01,6.871521118599555678e+01,6.866113992281330525e+01,6.881575276680517561e+01,6.851730144435393299e+01,6.881171677558258182e+01,6.879637966060035126e+01,6.878083479407297318e+01,6.878915922644554826e+01,6.876532740473135163e+01,6.873168973649480051e+01,6.869086641684050676e+01,6.873924430877066527e+01,6.878355225880964952e+01,6.878408532816851562e+01,6.879147004528400089e+01,6.876061960116091143e+01,6.877309176611784380e+01,6.880079606096718692e+01,6.872046683036828085e+01,6.879082664623854271e+01
6.875608692702346048e+01,6.866863600505834597e+01,6.886568520100236412e+01,6.846270746527795836e+01,6.871276613937780553e+01,6.872877329103349098e+01,6.857147788168352065e+01,6.884512865732568798e+01,6.865425917587634785e+01,6.862979494067990061e+01,6.875760280240238842e+01,6.875884324804239611e+01,6.868865689703876853e+01,6.872972481611776630e+01,6.874856279328338360e+01,6.876508769247772079e+01,6.877105740084267893e+01,6.881649567147233881e+01,6.874439548081767271e+01,6.878327518440715949e+01,6.862270394320104572e+01,6.872323145500493524e+01,6.872474762874399801e+01,6.878683620045016767e+01,6.872406869650072281e+01,6.853605344749739459e+01,6.869014246721729933e+01,6.875112932141658462e+01,6.859650250708592978e+01,6.876051847447055820e+01,6.857356612011449215e+01,6.884177844434758242e+01,6.872857501869469843e+01,6.866434654460618958e+01,6.869770216001488450e+01,6.861848134841746116e+01,6.871298207978354355e+01,6.879223881424088916e+01,6.863617586872099707e+01,6.871183203425607644e+01,6.859348655622069657e+01,6.880355296556271583e+01,6.860882367444118302e+01,6.854223480749841713e+01,6.858544468459142252e+01,6.837282826891507170e+01,6.868022762358434363e+01,6.860707869973194306e+01,6.878195013635051680e+01,6.882765005498312405e+01,6.870484199053163366e+01,6.879258611410084256e+01,6.873024744651695528e+01,6.876981792062653653e+01,6.871521118599555678e+01,6.873426779564984201e+01,6.863538218318232964e+01,6.878052949881650591e+01,6.845468646086401066e+01,6.866639810080938844e+01,6.880506548422033575e+01,6.882956730299319759e+01,6.864961417546251710e+01,6.873397928419035452e+01,6.874626691811184287e+01,6.867150137183757863e+01,6.861104727529767899e+01,6.875060942933549768e+01,6.875696471849288116e+01,6.872649533517906661e+01,6.874427302648369675e+01,6.870269801846718849e+01,6.871715968783378514e+01,6.869566126238620996e+01,6.873426779564984201e+01
6.864684279399301658e+01,6.859121636891008222e+01,6.878103725524570677e+01,6.845655138307462551e+01,6.865434733838415582e+01,6.856019748845486106e+01,6.852089941881354207e+01,6.873683623883918870e+01,6.854067953551803782e+01,6.854070164832667444e+01,6.875008181339650548e+01,6.866080272086441028e+01,6.871341861681187879e+01,6.862348930446974293e+01,6.869603429353874446e+01,6.866962482355567943e+01,6.873498155492632122e+01,6.869054420225543822e+01,6.869944708625001795e+01,6.864233257854263570e+01,6.866713929905642999e+01,6.866701212671372900e+01,6.859161910651903327e+01,6.870184945125403431e+01,6.865197264571207825e+01,6.850599000105053449e+01,6.860735784887886268e+01,6.870945833562696237e+01,6.845648137957628876e+01,6.868049870856248162e+01,6.853042347882517049e+01,6.871143642610084612e+01,6.868927540574986779e+01,6.864193250223100051e+01,6.863869562655584389e+01,6.865092538893527774e+01,6.862830044318893385e+01,6.859141937577801684e+01,6.858174084031459472e+01,6.868194316422901124e+01,6.831882567848501253e+01,6.865002551771631545e+01,6.864309564806856656e+01,6.850785227643270048e+01,6.854224842995881772e+01,6.833603980604034689e+01,6.858850728240513206e+01,6.848894545714034621e+01,6.860977160296891952e+01,6.871422149445616867e+01,6.856877045636534262e+01,6.872785829030908644e+01,6.863850781640947218e+01,6.871843407725776842e+01,6.866113992281330525e+01,6.863538218318232964e+01,6.871261592022801779e+01,6.873997190238343080e+01,6.850831676234933809e+01,6.870392646649709434e+01,6.873011687054277274e+01,6.863408332671299661e+01,6.863108491157694857e+01,6.871080934938709106e+01,6.859667730168726507e+01,6.867966370647904739e+01,6.857785813404318276e+01,6.868271669151940273e+01,6.868313458583273245e+01,6.866163501295491756e+01,6.867004818144309297e+01,6.865624946674495277e+01,6.869352705211440480e+01,6.859182637364742163e+01,6.871261592022801779e+01
6.877249250191674435e+01,6.874090107941455585e+01,6.888743242070825090e+01,6.853778876775066919e+01,6.880334870450988660e+01,6.878725269131051334e+01,6.864300810663935692e+01,6.885212172943053588e+01,6.866776776415743200e+01,6.877443322089442290e+01,6.883633325685759985e+01,6.881642594769425614e+01,6.880510819552718260e+01,6.888214880447597466e+01,6.875867712551566058e+01,6.882252335010666400e+01,6.877068661542710970e+01,6.887322218433571663e+01,6.880892778041352642e+01,6.877200730641573045e+01,6.872846364635522320e+01,6.879210395212565743e+01,6.873892157825014237e+01,6.886572159565128004e+01,6.878396812948903971e+01,6.856418920020965402e+01,6.879104859400581518e+01,6.881069084173101658e+01,6.860731534386734154e+01,6.878952793081202799e+01,6.859043108096169306e+01,6.879862447647180090e+01,6.878330455558334222e+01,6.882145135534416625e+01,6.877432478067491672e+01,6.871323683482731326e+01,6.878756011277246785e+01,6.883045072017466737e+01,6.866585466359043721e+01,6.870553348576900987e+01,6.864911090179924713e+01,6.887012485660793004e+01,6.875997949215741301e+01,6.860990893727949924e+01,6.865955418863563864e+01,6.845730601196903820e+01,6.877477139885483837e+01,6.861810049874168271e+01,6.881703713872443018e+01,6.884906203287316373e+01,6.866109869376042241e+01,6.887354303735800443e+01,6.881416034397183523e+01,6.885388619092596230e+01,6.881575276680517561e+01,6.878052949881650591e+01,6.873997190238343080e+01,6.883036481264036865e+01,6.862922370686679585e+01,6.877336740015668681e+01,6.882624593707471661e+01,6.883211525689748100e+01,6.878565750782964017e+01,6.880193891707735077e+01,6.880178936305316029e+01,6.879082226277841983e+01,6.874223314785044181e+01,6.882830163876784013e+01,6.881795946215112281e+01,6.884982612394972534e+01,6.880739919956945982e+01,6.872303199577125099e+01,6.882962858739871592e+01,6.879500048621420660e+01,6.883036481264036865e+01
6.856918651773591478e+01,6.851392962216709748e+01,6.860443728622340132e+01,6.827678615332195022e+01,6.858182383150321471e+01,6.848772739642656404e+01,6.837801694225633753e+01,6.864691512668426299e+01,6.841164246609407940e+01,6.846008031440362629e+01,6.858621772058531008e+01,6.858163504792325682e+01,6.854537469523718585e+01,6.865039581787588929e+01,6.852852240759472124e+01,6.856915466888111155e+01,6.847778199096194385e+01,6.863659684012021955e+01,6.855940277455083276e+01,6.849847263746985959e+01,6.846708488986737962e+01,6.844975189104074786e+01,6.853483845104689465e+01,6.857584690949018125e+01,6.857496609725592407e+01,6.828625332802619141e+01,6.849247656319046484e+01,6.857627144011311771e+01,6.833455547901320415e+01,6.852898105045935040e+01,6.835005273577472451e+01,6.848811702644060517e+01,6.858688481788564673e+01,6.856954299526904606e+01,6.851531406892323162e+01,6.854273987803122736e+01,6.853826936676527737e+01,6.858749161495198621e+01,6.846902307083466610e+01,6.850850451623129800e+01,6.835123771542799886e+01,6.855685184168615365e+01,6.841459018788100366e+01,6.837281512529692407e+01,6.838618691175891229e+01,6.820972626896802637e+01,6.842518727043585614e+01,6.839022138047351973e+01,6.843739775818325199e+01,6.863793190274300571e+01,6.844714584806082769e+01,6.858357143485704910e+01,6.847912741609285092e+01,6.850308366308159691e+01,6.851730144435393299e+01,6.845468646086401066e+01,6.850831676234933809e+01,6.862922370686679585e+01,6.857895981913880235e+01,6.854731577518683139e+01,6.859159144472674541e+01,6.859650052536963472e+01,6.854070358150470099e+01,6.854763347983508481e+01,6.855884652314739469e+01,6.856706991866977319e+01,6.851668692759676560e+01,6.857466871701862487e+01,6.857170227023713949e+01,6.859758709452121650e+01,6.855717288059699399e+01,6.846750109427584619e+01,6.858214098815909665e+01,6.853884407574859949e+01,6.857895981913880235e+01
6.872281298848193387e+01,6.866072918744605147e+01,6.881430054584870959e+01,6.849191544595515779e+01,6.872783053167323430e+01,6.871611619908051694e+01,6.871833063009027853e+01,6.878154483824604881e+01,6.873471496335709219e+01,6.861670809472289534e+01,6.874169579497335292e+01,6.878805654419399218e+01,6.872916108192787021e+01,6.883106802203617747e+01,6.873980947003549602e+01,6.880446136446623484e+01,6.873973091602761087e+01,6.881702184184914017e+01,6.875902517268883685e+01,6.878217625828908410e+01,6.872469848017350103e+01,6.873966604468336072e+01,6.875223871847609303e+01,6.880043694348069039e+01,6.875493091680371549e+01,6.855764998691722667e+01,6.862759990248531494e+01,6.874438488310778439e+01,6.852705742334188699e+01,6.879547750360650582e+01,6.852131797227768573e+01,6.872402964146206727e+01,6.872077280474321981e+01,6.874389544406345465e+01,6.866903649239873175e+01,6.871646523350173652e+01,6.884819359355292079e+01,6.879939343566782384e+01,6.865355429993317671e+01,6.872681661595957792e+01,6.851073630505069900e+01,6.873954194390871919e+01,6.865384904518582232e+01,6.854330697202632905e+01,6.855144057755998688e+01,6.833850984199206380e+01,6.868133413121246633e+01,6.858520898822966672e+01,6.877179687711695522e+01,6.887707795545277634e+01,6.873861180192098175e+01,6.877102666893027560e+01,6.876931780295979024e+01,6.878927789606137821e+01,6.881171677558258182e+01,6.866639810080938844e+01,6.870392646649709434e+01,6.877336740015668681e+01,6.854731577518683139e+01,6.872744418479460649e+01,6.876861217841923235e+01,6.871038365260120884e+01,6.860265624622897462e+01,6.874774505577396155e+01,6.878359961150819402e+01,6.868457836529056237e+01,6.866540725331702788e+01,6.875405158805884298e+01,6.868582680017603082e+01,6.873074136381244159e+01,6.874026337266229802e+01,6.871395747273484744e+01,6.874435686168037307e+01,6.861493664538436121e+01,6.872744418479460649e+01
6.869776931786711316e+01,6.864063778067881572e+01,6.882569935081797041e+01,6.845751750527637114e+01,6.875693509626667321e+01,6.874443950685667915e+01,6.870123993105939064e+01,6.884865715913753093e+01,6.874523462076665226e+01,6.865651185595089601e+01,6.880393893191276788e+01,6.879510183108526178e+01,6.880972122344759612e+01,6.880423710034770579e+01,6.878528729544999010e+01,6.883436663074763828e+01,6.876617999310238361e+01,6.880947779188763036e+01,6.877162517425745136e+01,6.887839333660012642e+01,6.872928915099744529e+01,6.879363883721953243e+01,6.878067734495556351e+01,6.883268132244089088e+01,6.873469197325648850e+01,6.853707689150324711e+01,6.867635628196026687e+01,6.878557212227886453e+01,6.852965638944641569e+01,6.874786551008267566e+01,6.858188279412176769e+01,6.877265906913420679e+01,6.872220662182674289e+01,6.873814721020983143e+01,6.875696801129242886e+01,6.873906639061682711e+01,6.876700355256002695e+01,6.880945479716966418e+01,6.865235542674518854e+01,6.873398417433662644e+01,6.851396926202262705e+01,6.879680928756523883e+01,6.864722915211085308e+01,6.854727431228539558e+01,6.854305202868002311e+01,6.833025460908109494e+01,6.871452535139472673e+01,6.862243619239977477e+01,6.877731003185144232e+01,6.887799128145960026e+01,6.873077063463320258e+01,6.876148107506490703e+01,6.873114472578384948e+01,6.880931943346199375e+01,6.879637966060035126e+01,6.880506548422033575e+01,6.873011687054277274e+01,6.882624593707471661e+01,6.859159144472674541e+01,6.876861217841923235e+01,6.874981859860025679e+01,6.879215376076658117e+01,6.873951621628334863e+01,6.866462978447309240e+01,6.873202394821251460e+01,6.872591645227016954e+01,6.869838737817835295e+01,6.872497867376090142e+01,6.876960460006733911e+01,6.876561425402979921e+01,6.877020666425370621e+01,6.874224179329712570e+01,6.873354620485973498e+01,6.870987524479103570e+01,6.874981859860025679e+01
6.874930603920599026e+01,6.867121101575244779e+01,6.885126682698560785e+01,6.848255569804003073e+01,6.872793133893966910e+01,6.872063032445001340e+01,6.864625297678027493e+01,6.882120755660842804e+01,6.870969894007023981e+01,6.863154884654352372e+01,6.876984949108046408e+01,6.879767919593000158e+01,6.877004605890643063e+01,6.881383022994934606e+01,6.876753135190206478e+01,6.880155111125073120e+01,6.877495636372358945e+01,6.881119505241774448e+01,6.878093704425374710e+01,6.883991986741604308e+01,6.876989817302982999e+01,6.875865578936834765e+01,6.880008430762198657e+01,6.881532883711905413e+01,6.870740685593735009e+01,6.853368692169034659e+01,6.866103641311102024e+01,6.881605142538111863e+01,6.856385047804114663e+01,6.874242922561944624e+01,6.865755293395035608e+01,6.875702017671436295e+01,6.875299510911820278e+01,6.873988180657160285e+01,6.871459264487810970e+01,6.872103933921474095e+01,6.873952624450024018e+01,6.883037279899937744e+01,6.863613560731187135e+01,6.869761249910040135e+01,6.855609628413195367e+01,6.873393054401122981e+01,6.865731709621773859e+01,6.860033055644912281e+01,6.845762387491305390e+01,6.829595165567083370e+01,6.874123462348623548e+01,6.862528052759256525e+01,6.876128618270949744e+01,6.880159581965055793e+01,6.876907496994427049e+01,6.872906495428824769e+01,6.872217405467412732e+01,6.881269552337317919e+01,6.878083479407297318e+01,6.882956730299319759e+01,6.863408332671299661e+01,6.883211525689748100e+01,6.859650052536963472e+01,6.871038365260120884e+01,6.879215376076658117e+01,6.879423255089950828e+01,6.868807483120036750e+01,6.874932614809303288e+01,6.872269400428297104e+01,6.874063963581457415e+01,6.869240059895169281e+01,6.877564032889247869e+01,6.879975687068424861e+01,6.876296935969318724e+01,6.878791140242209678e+01,6.874265786130999345e+01,6.875201092690561211e+01,6.875069482711093372e+01,6.879423255089950828e+01
6.869717950665541650e+01,6.852363737044829861e+01,6.863019562193542811e+01,6.839195533258190096e+01,6.865320339736675237e+01,6.865392025249302321e+01,6.867158474223603548e+01,6.875660265416580330e+01,6.875797659301647968e+01,6.854575187242866718e+01,6.867795382668687409e+01,6.870155314704463478e+01,6.875103066415427122e+01,6.871088910676958506e+01,6.873974676169099496e+01,6.864256256660119959e+01,6.870821985944871813e+01,6.871982691189344905e+01,6.867591327268186774e+01,6.874225515985634161e+01,6.870296809152391404e+01,6.866804430302991591e+01,6.864720730288213701e+01,6.866509311055980902e+01,6.865147429162131232e+01,6.848535132204067111e+01,6.871305292059503245e+01,6.873308702526095715e+01,6.849294384541398983e+01,6.871641967960130160e+01,6.855259039178098135e+01,6.869914010464869136e+01,6.862730729944017583e+01,6.866305545720254599e+01,6.872734145306532128e+01,6.866618892807159114e+01,6.868492772047918038e+01,6.874706628786309182e+01,6.851827968792328249e+01,6.864213187341758271e+01,6.838506477774647863e+01,6.872628592303033201e+01,6.859183355340120158e+01,6.849515550279122067e+01,6.843081535114639280e+01,6.821709462705408100e+01,6.863653043716564639e+01,6.843794024438408030e+01,6.868512811342104385e+01,6.876410699885882138e+01,6.861181351560067299e+01,6.879829274449204490e+01,6.866824184641248507e+01,6.872147211701850722e+01,6.878915922644554826e+01,6.864961417546251710e+01,6.863108491157694857e+01,6.878565750782964017e+01,6.854070358150470099e+01,6.860265624622897462e+01,6.873951621628334863e+01,6.868807483120036750e+01,6.873118676696321927e+01,6.864751145350820138e+01,6.867853936464018716e+01,6.870872889161547903e+01,6.864965560942117406e+01,6.871304620407060781e+01,6.872321419345799143e+01,6.868771535555309526e+01,6.864759668593464426e+01,6.859453872983559108e+01,6.871508964781708073e+01,6.856625677171518873e+01,6.873118676696321927e+01
6.877654948747053254e+01,6.868027609303088354e+01,6.885228230472797861e+01,6.847278679879021013e+01,6.865827754007278827e+01,6.867632250570171948e+01,6.870823999382190550e+01,6.885859570826082177e+01,6.874339512246501727e+01,6.869999686251443904e+01,6.884643282353771099e+01,6.872462813429089579e+01,6.878318021424611572e+01,6.880344295600320947e+01,6.877175520915706386e+01,6.881807434022304903e+01,6.874174432865066819e+01,6.882367948170518446e+01,6.876400811256415579e+01,6.879695054296971080e+01,6.871335500925994211e+01,6.871732018806363840e+01,6.876341233719804791e+01,6.879512267770314793e+01,6.871442623708792041e+01,6.846599695515568840e+01,6.864719333487282427e+01,6.880469498832992770e+01,6.840436921533397197e+01,6.875396229434149120e+01,6.859038082508418199e+01,6.882278681749770044e+01,6.876184760490443182e+01,6.871657809913600090e+01,6.867070358259832119e+01,6.863033583733303544e+01,6.876106134137650372e+01,6.873930778536289665e+01,6.854487633656749779e+01,6.865242689249593866e+01,6.846829931784769485e+01,6.877624824793771552e+01,6.860259004918977155e+01,6.856931542163205506e+01,6.853433241378206731e+01,6.830168736162055154e+01,6.869749719941229671e+01,6.856936708304139927e+01,6.874385800203081942e+01,6.884257467469981862e+01,6.876507525354968209e+01,6.885402136214744928e+01,6.874231661772284951e+01,6.875845853768991844e+01,6.876532740473135163e+01,6.873397928419035452e+01,6.871080934938709106e+01,6.880193891707735077e+01,6.854763347983508481e+01,6.874774505577396155e+01,6.866462978447309240e+01,6.874932614809303288e+01,6.864751145350820138e+01,6.876190743110252868e+01,6.872553781304489462e+01,6.861933609311272164e+01,6.862959544416095525e+01,6.871649780649920558e+01,6.873590776804246616e+01,6.872868264679776473e+01,6.877846015358622367e+01,6.870520253288204060e+01,6.869975147804284177e+01,6.863923634508203975e+01,6.876190743110252868e+01
6.873290850002254615e+01,6.870285792696026306e+01,6.879954095065016872e+01,6.848101193877684523e+01,6.874158696600663632e+01,6.861862806905750745e+01,6.864800101688301481e+01,6.875057394134266531e+01,6.867795303617812408e+01,6.870411072237425287e+01,6.876155955013689436e+01,6.874253617788993154e+01,6.866296767062245010e+01,6.867085741877274074e+01,6.872087789809673097e+01,6.875250062317631716e+01,6.872310407390467901e+01,6.875422412957152574e+01,6.867349120751880776e+01,6.880670284533827896e+01,6.873180916289662434e+01,6.869769555290761787e+01,6.869760903915882011e+01,6.875651222397502238e+01,6.874552777340343823e+01,6.853764007361877475e+01,6.868875374093580888e+01,6.878508982935046845e+01,6.853229466707584550e+01,6.874297529851517652e+01,6.855569570316318107e+01,6.871568746392352978e+01,6.865805039034532342e+01,6.866370209767373467e+01,6.870098602256707920e+01,6.870736796587834760e+01,6.875855062121361527e+01,6.877167997304741220e+01,6.853856815285041648e+01,6.867641479531427251e+01,6.844693811326294508e+01,6.869689272106947442e+01,6.856226090820280206e+01,6.852473554794610777e+01,6.853371040722370822e+01,6.835645117851201746e+01,6.865109882987610490e+01,6.861438044081390331e+01,6.877958916578035087e+01,6.883126293120859884e+01,6.872226172130095279e+01,6.862927783616972022e+01,6.876619282360324803e+01,6.872540423738477955e+01,6.873168973649480051e+01,6.874626691811184287e+01,6.859667730168726507e+01,6.880178936305316029e+01,6.855884652314739469e+01,6.878359961150819402e+01,6.873202394821251460e+01,6.872269400428297104e+01,6.867853936464018716e+01,6.872553781304489462e+01,6.875886190178147217e+01,6.869309447959113868e+01,6.863757676743159664e+01,6.873403137011074193e+01,6.869384363329773180e+01,6.866750031465225845e+01,6.873639183585052592e+01,6.873702883220759929e+01,6.861427812134763826e+01,6.864487359249426390e+01,6.875886190178147217e+01
6.871365543541429588e+01,6.862958348804448860e+01,6.876472488302967179e+01,6.848804189950678278e+01,6.868893266929580932e+01,6.865367734251539389e+01,6.860850223663287295e+01,6.881366444325020382e+01,6.864920188197197604e+01,6.857608162033336896e+01,6.874769045015042934e+01,6.865163585778390143e+01,6.873657787393460694e+01,6.879661755451490990e+01,6.870060141282648658e+01,6.873219281998539998e+01,6.875900364348007088e+01,6.878281936319743295e+01,6.874509096277898834e+01,6.876915763000602055e+01,6.877483172760155128e+01,6.871577356861439512e+01,6.871887149071477552e+01,6.876774935578642101e+01,6.871104785768709178e+01,6.849945431950288821e+01,6.862880776749751988e+01,6.884069634652260561e+01,6.852675765148640608e+01,6.873206822025437646e+01,6.848674810101218213e+01,6.878457003371157441e+01,6.878004895504491856e+01,6.873960691944233758e+01,6.869003253855645141e+01,6.870684319623912018e+01,6.876074880682857327e+01,6.880085536463134588e+01,6.858204862214327591e+01,6.864491732921364076e+01,6.853697020469896017e+01,6.876587349608864486e+01,6.857621851357930609e+01,6.853703566473234332e+01,6.852783049565226747e+01,6.835768326941335715e+01,6.865258935073923396e+01,6.860042950160699604e+01,6.874602089346947764e+01,6.876512344188543580e+01,6.861389969437364300e+01,6.869134080551654620e+01,6.873292304343345904e+01,6.873039778482650775e+01,6.869086641684050676e+01,6.867150137183757863e+01,6.867966370647904739e+01,6.879082226277841983e+01,6.856706991866977319e+01,6.868457836529056237e+01,6.872591645227016954e+01,6.874063963581457415e+01,6.870872889161547903e+01,6.861933609311272164e+01,6.869309447959113868e+01,6.874642366822428130e+01,6.866911804734991165e+01,6.873457496219158713e+01,6.873923655586931147e+01,6.875423334525608254e+01,6.871865921400946320e+01,6.863623263277864339e+01,6.875337889216524445e+01,6.876772301518376196e+01,6.874642366822428130e+01
6.871002852781882098e+01,6.864686601667980881e+01,6.877245368114206769e+01,6.847168090438972854e+01,6.869625859414261981e+01,6.865336072255198019e+01,6.860734034234494061e+01,6.874518301738422110e+01,6.864245744834987306e+01,6.856125314475323762e+01,6.869341930895663495e+01,6.875404510397250135e+01,6.868586616767341013e+01,6.867040213629356060e+01,6.867792744780979319e+01,6.869681512490213038e+01,6.869784647310652304e+01,6.871215630356498139e+01,6.868946370367453369e+01,6.874832271866930000e+01,6.866022169414750920e+01,6.866838896300329509e+01,6.866022005249854487e+01,6.874079924336453473e+01,6.865979862570347336e+01,6.843864423906519789e+01,6.859098018031228605e+01,6.871011999188493746e+01,6.847001198544442957e+01,6.866389987935347961e+01,6.845580742246595207e+01,6.865964620843297439e+01,6.864234604461836398e+01,6.864852905642605663e+01,6.865206146163453127e+01,6.870834345049168235e+01,6.878968751747565591e+01,6.867806069066600116e+01,6.851466271308410683e+01,6.864171528990694071e+01,6.843804638113874717e+01,6.874694717772690922e+01,6.861085244782347559e+01,6.847585780209476525e+01,6.849296114362236665e+01,6.828475694147823560e+01,6.859988608997203130e+01,6.844335429964341699e+01,6.867385558945989033e+01,6.870607136180134944e+01,6.858299238300165257e+01,6.866990661306576271e+01,6.865265047330795767e+01,6.871742408969703320e+01,6.873924430877066527e+01,6.861104727529767899e+01,6.857785813404318276e+01,6.874223314785044181e+01,6.851668692759676560e+01,6.866540725331702788e+01,6.869838737817835295e+01,6.869240059895169281e+01,6.864965560942117406e+01,6.862959544416095525e+01,6.863757676743159664e+01,6.866911804734991165e+01,6.869872365231853450e+01,6.867888177933456006e+01,6.870063819483006284e+01,6.870301192932120671e+01,6.866200756204955269e+01,6.858488662256779378e+01,6.870679273596095982e+01,6.866040163288538167e+01,6.869872365231853450e+01
6.869213419320823277e+01,6.869488603481090649e+01,6.878307675189077486e+01,6.840560378877732717e+01,6.875821712313694434e+01,6.873076689252938820e+01,6.868831125324634002e+01,6.876117733982495395e+01,6.871092846688424061e+01,6.863281110585019462e+01,6.873248485068968705e+01,6.877964907286695961e+01,6.872494453121316837e+01,6.876372788373707579e+01,6.868955331555289945e+01,6.871760012243063898e+01,6.871549158916792521e+01,6.879634159111137137e+01,6.872250016983791454e+01,6.876273939266151558e+01,6.869786266460258162e+01,6.869765467065546716e+01,6.871514795425717637e+01,6.879595224661339614e+01,6.870458529788349722e+01,6.853548216071386889e+01,6.857516369017712066e+01,6.874503612489546356e+01,6.855808217194649501e+01,6.870811362783157961e+01,6.851979386847631304e+01,6.869262944162748852e+01,6.874001786451626117e+01,6.876443516026353109e+01,6.866815693959037503e+01,6.872466319973457871e+01,6.877962190491342653e+01,6.880150843974686836e+01,6.853716048651318715e+01,6.868709754698301140e+01,6.850131849233224557e+01,6.877948183652129899e+01,6.856095184871637116e+01,6.859551909860496721e+01,6.850467438260213271e+01,6.834524899826978128e+01,6.868450107370236424e+01,6.861887733359259300e+01,6.879747362461689875e+01,6.888489565260061909e+01,6.865372780591518165e+01,6.876812670567302632e+01,6.874882495894676993e+01,6.881344020308398512e+01,6.878355225880964952e+01,6.875060942933549768e+01,6.868271669151940273e+01,6.882830163876784013e+01,6.857466871701862487e+01,6.875405158805884298e+01,6.872497867376090142e+01,6.877564032889247869e+01,6.871304620407060781e+01,6.871649780649920558e+01,6.873403137011074193e+01,6.873457496219158713e+01,6.867888177933456006e+01,6.877261730795676442e+01,6.876022791573734594e+01,6.876872757330335162e+01,6.878088451419903038e+01,6.870973092084923906e+01,6.869125688114378647e+01,6.863184399251095158e+01,6.877261730795676442e+01
6.872916753355788444e+01,6.866004353057471121e+01,6.881495006841988982e+01,6.845147245646788292e+01,6.876932992043859372e+01,6.872578539246408980e+01,6.870581239026934384e+01,6.880491815419664192e+01,6.865867951953909198e+01,6.864210067904727453e+01,6.876231304375653508e+01,6.870635644094967631e+01,6.875697763815948349e+01,6.883179345449883613e+01,6.870893351970292429e+01,6.877979608362261388e+01,6.874557638496384016e+01,6.881134400711739829e+01,6.874722400623036833e+01,6.875603694843898950e+01,6.872041911496978628e+01,6.874227000764302886e+01,6.870772227392156140e+01,6.875178665390551203e+01,6.873865767413502681e+01,6.851938004595494647e+01,6.860834642740336164e+01,6.873954633824034488e+01,6.858289634058584738e+01,6.872006133478700463e+01,6.852686650599706297e+01,6.870871181081044199e+01,6.873937073708125922e+01,6.875092445167918243e+01,6.870170757988168475e+01,6.872762232557383300e+01,6.880765672379077103e+01,6.879589096698003914e+01,6.861478750230016033e+01,6.873824233673727235e+01,6.848433220024125490e+01,6.876464707518563557e+01,6.863982559014536378e+01,6.855333887959859851e+01,6.850691357903791356e+01,6.831193604076254644e+01,6.867966340052416285e+01,6.858102264708915641e+01,6.878847070889533200e+01,6.896242386213397424e+01,6.868715341320830703e+01,6.878245073651083885e+01,6.875092659105055759e+01,6.879435946826411907e+01,6.878408532816851562e+01,6.875696471849288116e+01,6.868313458583273245e+01,6.881795946215112281e+01,6.857170227023713949e+01,6.868582680017603082e+01,6.876960460006733911e+01,6.879975687068424861e+01,6.872321419345799143e+01,6.873590776804246616e+01,6.869384363329773180e+01,6.873923655586931147e+01,6.870063819483006284e+01,6.876022791573734594e+01,6.876875101157618531e+01,6.874880701907703440e+01,6.878632450548639099e+01,6.873552933050122249e+01,6.875942718748794391e+01,6.869403087455785339e+01,6.876875101157618531e+01
6.871322177615539317e+01,6.862678524256783419e+01,6.880274782747643769e+01,6.848829665497298436e+01,6.875816766415839254e+01,6.872284066842162531e+01,6.869398883025914415e+01,6.880411059372271154e+01,6.877304541967653506e+01,6.867006153396030754e+01,6.874148800173000495e+01,6.876814746468572537e+01,6.877958316863262667e+01,6.875431115390830428e+01,6.877113147431471418e+01,6.876467590793365048e+01,6.872115034515073262e+01,6.880465253516496205e+01,6.876212598735882864e+01,6.880237279699008468e+01,6.876249794645249835e+01,6.881120638850029536e+01,6.873180329668751654e+01,6.879780577177608336e+01,6.876620332461740759e+01,6.856452504224830591e+01,6.855685693248845780e+01,6.875407084059195029e+01,6.856624974268218864e+01,6.876908580191047804e+01,6.859766347677776821e+01,6.876594881169491202e+01,6.866811294853451386e+01,6.875502798767401202e+01,6.868556992745122614e+01,6.874088611716621244e+01,6.877907078701962007e+01,6.879771119028892201e+01,6.864784261099680407e+01,6.869520441756156970e+01,6.856645901823684142e+01,6.877357822239351037e+01,6.860276712704178692e+01,6.856622802071987621e+01,6.852962219817769096e+01,6.836022625943947162e+01,6.865683389012259852e+01,6.861280194417372513e+01,6.876893301226176902e+01,6.887433728311278003e+01,6.871364792450556536e+01,6.873971244565746019e+01,6.877398055904781415e+01,6.878992000656241146e+01,6.879147004528400089e+01,6.872649533517906661e+01,6.866163501295491756e+01,6.884982612394972534e+01,6.859758709452121650e+01,6.873074136381244159e+01,6.876561425402979921e+01,6.876296935969318724e+01,6.868771535555309526e+01,6.872868264679776473e+01,6.866750031465225845e+01,6.875423334525608254e+01,6.870301192932120671e+01,6.876872757330335162e+01,6.874880701907703440e+01,6.879544243870017795e+01,6.876754499050483105e+01,6.872319807267327008e+01,6.872736349600302219e+01,6.864578935440594876e+01,6.879544243870017795e+01
6.867941603339333767e+01,6.868219599609388126e+01,6.880964525953478983e+01,6.846479889864511392e+01,6.878055189122211743e+01,6.864244446946050004e+01,6.872594352629913317e+01,6.878248515085017800e+01,6.871116923043881286e+01,6.866451495668023597e+01,6.879838216276914409e+01,6.879200194425408199e+01,6.873975047436420027e+01,6.884512522307385041e+01,6.869144722980746565e+01,6.878170031932093309e+01,6.870414386601547108e+01,6.883525153675115860e+01,6.875625568203605553e+01,6.879843054843682637e+01,6.872646249475496916e+01,6.871661264497824106e+01,6.876632181762876428e+01,6.877769767778677590e+01,6.876116589089154729e+01,6.851881693542520679e+01,6.866228876583949159e+01,6.875172488550744276e+01,6.856796904860075870e+01,6.871574873862431332e+01,6.857184372955384788e+01,6.872988063538014103e+01,6.873094051763762025e+01,6.875895418403665360e+01,6.868607388234440236e+01,6.872504546633329880e+01,6.880349172011690939e+01,6.878988866752253273e+01,6.866287292866141456e+01,6.872067175346461454e+01,6.853385290267139851e+01,6.872935175157482490e+01,6.856927388260604062e+01,6.853686892732510216e+01,6.847551915650922183e+01,6.834884802605682808e+01,6.870030457361471576e+01,6.861104569015739685e+01,6.872244290465313554e+01,6.890644070509239327e+01,6.868493162226950233e+01,6.879595265003013083e+01,6.881439941186661713e+01,6.874671773131169061e+01,6.876061960116091143e+01,6.874427302648369675e+01,6.867004818144309297e+01,6.880739919956945982e+01,6.855717288059699399e+01,6.874026337266229802e+01,6.877020666425370621e+01,6.878791140242209678e+01,6.864759668593464426e+01,6.877846015358622367e+01,6.873639183585052592e+01,6.871865921400946320e+01,6.866200756204955269e+01,6.878088451419903038e+01,6.878632450548639099e+01,6.876754499050483105e+01,6.875303709359837967e+01,6.870219516838325546e+01,6.868199804002691167e+01,6.871425657502901174e+01,6.875303709359837967e+01
6.874323711286469063e+01,6.856258083604312503e+01,6.880646044758414348e+01,6.845230863724407300e+01,6.871304129636614277e+01,6.867417654109036107e+01,6.869364635262121510e+01,6.880711598388489847e+01,6.870606373377900411e+01,6.856111096871589439e+01,6.872171920215650687e+01,6.872042217558841060e+01,6.868948768134619343e+01,6.874751939235783027e+01,6.871132285025943531e+01,6.870611163029060720e+01,6.867313098778411984e+01,6.880314802529574081e+01,6.870944986011761557e+01,6.876737081351971881e+01,6.866734377545226664e+01,6.872015511151128919e+01,6.874035538428351799e+01,6.874499337517634956e+01,6.873753723134174720e+01,6.846628095540746983e+01,6.861045496949149936e+01,6.870351267680867124e+01,6.854300689850421691e+01,6.868911879609254356e+01,6.849610899425229604e+01,6.869682616401718178e+01,6.873194684596899151e+01,6.868803287289438231e+01,6.867655843541864158e+01,6.870130269044032900e+01,6.875269712332480765e+01,6.873224140692644824e+01,6.860924871088445798e+01,6.867370019109587531e+01,6.846741377276325125e+01,6.872411201718283280e+01,6.856480968596163450e+01,6.857471695928352062e+01,6.843454141936760493e+01,6.825119809581642016e+01,6.864563104030501961e+01,6.855390821868743956e+01,6.868442152407408230e+01,6.887336218578938940e+01,6.863741536991459213e+01,6.875311953077847704e+01,6.871231833025984770e+01,6.875913989570435092e+01,6.877309176611784380e+01,6.870269801846718849e+01,6.865624946674495277e+01,6.872303199577125099e+01,6.846750109427584619e+01,6.871395747273484744e+01,6.874224179329712570e+01,6.874265786130999345e+01,6.859453872983559108e+01,6.870520253288204060e+01,6.873702883220759929e+01,6.863623263277864339e+01,6.858488662256779378e+01,6.870973092084923906e+01,6.873552933050122249e+01,6.872319807267327008e+01,6.870219516838325546e+01,6.866983189773560525e+01,6.872062360862433650e+01,6.867622352370538863e+01,6.866983189773560525e+01
6.869905189322082606e+01,6.862213512813872285e+01,6.882116944714641704e+01,6.843633001900325041e+01,6.883580699714599405e+01,6.870130558895496620e+01,6.872597385502588452e+01,6.879991109948218764e+01,6.869692977845802773e+01,6.861017912633275273e+01,6.877039573808018247e+01,6.873325586654569008e+01,6.876822996211070915e+01,6.873275171070613965e+01,6.878338218710737806e+01,6.877164223240079366e+01,6.872878601046410552e+01,6.880837145355577888e+01,6.872872197650976034e+01,6.872605911521394262e+01,6.870001319115442584e+01,6.871257322951811375e+01,6.876640211102045441e+01,6.876793155045875494e+01,6.868299275297039230e+01,6.851908523598902434e+01,6.858335674432893825e+01,6.877539299514594973e+01,6.854799418826314650e+01,6.876324769914748458e+01,6.858063173098575760e+01,6.874084088997021524e+01,6.873851986881354037e+01,6.874063113493377841e+01,6.873183273759217116e+01,6.873886435319536758e+01,6.879904850388560078e+01,6.876314442586462405e+01,6.869136162519085076e+01,6.870509919556631928e+01,6.854157338672612809e+01,6.875675272719409747e+01,6.856421817824013942e+01,6.853207747172473319e+01,6.847080734419893133e+01,6.828433282849904629e+01,6.874037862556554046e+01,6.859247003713331026e+01,6.876824058571642695e+01,6.886460658865853190e+01,6.870634292913051411e+01,6.879090631748239559e+01,6.877085062432202278e+01,6.875183992756454643e+01,6.880079606096718692e+01,6.871715968783378514e+01,6.869352705211440480e+01,6.882962858739871592e+01,6.858214098815909665e+01,6.874435686168037307e+01,6.873354620485973498e+01,6.875201092690561211e+01,6.871508964781708073e+01,6.869975147804284177e+01,6.861427812134763826e+01,6.875337889216524445e+01,6.870679273596095982e+01,6.869125688114378647e+01,6.875942718748794391e+01,6.872736349600302219e+01,6.868199804002691167e+01,6.872062360862433650e+01,6.878038970623360626e+01,6.871198561347230793e+01,6.878038970623360626e+01
6.866484591858512943e+01,6.861077168961629980e+01,6.877363483691102886e+01,6.842531963990217037e+01,6.871245895076796728e+01,6.868971471337437151e+01,6.865187271442148642e+01,6.870566896595290984e+01,6.876354082973354309e+01,6.854770796369116681e+01,6.873478361639332945e+01,6.869999073592876471e+01,6.871575837713986346e+01,6.878094521101246528e+01,6.869194867074664046e+01,6.873586395500912261e+01,6.865173264362117322e+01,6.874041385950030758e+01,6.865065279675242493e+01,6.873891962956746227e+01,6.861708304333623687e+01,6.870618892269089883e+01,6.863051773362192876e+01,6.869526818874803098e+01,6.865584028269627481e+01,6.847022180150841564e+01,6.859844882476473060e+01,6.870513762086078202e+01,6.855576543105247822e+01,6.869577308089316148e+01,6.848687568626927202e+01,6.868366072887293683e+01,6.860148681633499734e+01,6.869184299015614670e+01,6.871645295284288579e+01,6.865066604690119334e+01,6.873781236571615239e+01,6.873774593829087109e+01,6.861120490051955301e+01,6.867568807897288252e+01,6.845791369135042714e+01,6.867668060548021458e+01,6.850098810465301824e+01,6.847511654913141399e+01,6.842408576527867581e+01,6.828059569121592176e+01,6.863167645338666034e+01,6.851043532113591539e+01,6.869691109455155242e+01,6.881759634873996845e+01,6.864985223602046460e+01,6.877585598929026389e+01,6.871702086678220667e+01,6.872210638105499925e+01,6.872046683036828085e+01,6.869566126238620996e+01,6.859182637364742163e+01,6.879500048621420660e+01,6.853884407574859949e+01,6.861493664538436121e+01,6.870987524479103570e+01,6.875069482711093372e+01,6.856625677171518873e+01,6.863923634508203975e+01,6.864487359249426390e+01,6.876772301518376196e+01,6.866040163288538167e+01,6.863184399251095158e+01,6.869403087455785339e+01,6.864578935440594876e+01,6.871425657502901174e+01,6.867622352370538863e+01,6.871198561347230793e+01,6.873686974765858793e+01,6.873686974765858793e+01
6.874730479290975893e+01,6.869116740861596782e+01,6.884627041410190884e+01,6.846867834686933918e+01,6.879106026697130005e+01,6.871784485868954562e+01,6.867422431783992920e+01,6.882202721525361255e+01,6.869242042314741070e+01,6.865613996972825817e+01,6.879223847001657077e+01,6.874762702914848944e+01,6.877711502705395219e+01,6.880695117521096904e+01,6.874839390613925616e+01,6.878952478708939111e+01,6.874225265490380821e+01,6.882439641210083892e+01,6.877984337349515442e+01,6.877366057421568257e+01,6.872146295925162462e+01,6.875136577917004388e+01,6.874860125851213866e+01,6.880727127671831056e+01,6.875616464256385996e+01,6.851623724366108092e+01,6.863933122479744497e+01,6.878765894736893927e+01,6.854239489545729214e+01,6.875536176295958057e+01,6.854700004185389162e+01,6.877769620533671002e+01,6.874586612353280657e+01,6.878002112834352033e+01,6.874730106306527944e+01,6.874777257691695809e+01,6.884839353266383455e+01,6.881773624489994745e+01,6.865600168481816468e+01,6.872808250766986760e+01,6.856923909383579030e+01,6.880495576665117596e+01,6.864402430192562576e+01,6.859944228632251395e+01,6.854919408472842690e+01,6.837640457129964489e+01,6.871621776628538214e+01,6.856870370549387417e+01,6.877080820318045085e+01,6.885371235892125696e+01,6.865864910677103694e+01,6.879900092048498550e+01,6.879322423934677033e+01,6.881185427624191675e+01,6.879082664623854271e+01,6.873426779564984201e+01,6.871261592022801779e+01,6.883036481264036865e+01,6.857895981913880235e+01,6.872744418479460649e+01,6.874981859860025679e+01,6.879423255089950828e+01,6.873118676696321927e+01,6.876190743110252868e+01,6.875886190178147217e+01,6.874642366822428130e+01,6.869872365231853450e+01,6.877261730795676442e+01,6.876875101157618531e+01,6.879544243870017795e+01,6.875303709359837967e+01,6.866983189773560525e+01,6.878038970623360626e+01,6.873686974765858793e+01,6.877997726841985582e+01
